objid,eventid,classification,sector,camera,ccd,cut,xcentroid,ycentroid,xcentroid_err,ycentroid_err,xint,yint,xccd,yccd,xcentroid_det,ycentroid_det,xcentroid_psf,ycentroid_psf,ra,dec,ra_err,dec_err,gal_l,gal_b,frame_start,frame_end,frame_max,frame_duration,mjd_start,mjd_end,mjd_max,mjd_duration,flux_max,mag_min,flux_sign,image_sig_max,lc_sig_max,lc_sig_med,lc_flat,snr_psf,psf_like,psf_diff,psf_stacked,com_motion,gaussian_score,ellipticity,fwhm,neg_extent,bad_frame_flag,known_asteroid_designation,known_asteroid_dist_px,known_asteroid_frame,source_mask,gaia_id,nearest_gaia_id,nearest_gaia_dx,nearest_gaia_dy,crossbin_ids,asteroid_id,n_detections,total_events,frame_bin,TSS Catalogue
382,1,-,55,1,1,1,238.22221868387004,124.97734970457628,0.1631784712086754,0.1814719541915564,238,125,282,125,238.404971228955,124.89990004504916,238.22221868387004,124.97734970457628,328.56315389486724,17.99399692002029,0.0009072995495609,0.0009362421615335,74.31996148120588,-27.70894629306724,873,874,874,2,59802.67520149408,59802.6821460681,59802.6821460681,0.006944574022782,30.061255,-3.6950178,1,4.88452744790642,11.810905456542969,7.574877738952637,1,9.342559080284213,0.8203392137406711,0.8679999460399322,0,0.0,0.3944778937629325,0.33215744257864,3.4077897235134844,1.3894429206848145,0,,,,10.0,-,1779220507657807360,0.8888688524079384,-1.0506941637114269,[],-1,2,3,1,TSS 215415.16+175938.39
1207,1,-,55,1,1,1,176.50000000000006,18.20006089844737,0.1455689506519055,0.1597490927909079,177,18,221,18,176.11898667293528,18.399409570019767,176.50000000000006,18.20006089844737,328.6871418957351,18.612075582952777,0.0008031510860936,0.0008142068377508,74.90273408441888,-27.35004351841981,1936,1937,1936,2,59815.73089814816,59815.73784258342,59815.73089814816,0.0069444352557184,22.628777,-3.3866527,1,4.633483340720604,11.28055477142334,7.371137142181396,1,10.517645106706675,0.7552178568889143,0.7687077634090762,0,0.0,0.616053640537599,0.5147874047517376,1.4321198872974654,1.3130357265472412,0,,,,0.0,-,1779415980209839744,-0.0564549228132023,-1.8088118429747624,[],-1,2,2,1,TSS 215444.91+183643.47
939,2,-,55,1,1,3,77.24739564646323,168.3345046433096,0.1139023450940077,0.1171490305480358,77,168,628,168,77.05524696566484,168.13517105472468,77.24739564646323,168.3345046433096,326.7571778017648,17.253068452875006,0.0006378828397316,0.0006194527342689,72.36407737145002,-27.006104221567117,1455,1458,1456,4,59812.39061656113,59812.41144997866,59812.39756103364,0.0208334175258642,37.364212,-3.9311397,1,5.503319966365633,10.764098167419434,5.961711406707764,1,18.895370734045404,0.9824779785431804,0.2567659790317539,0,0.2430300667689112,0.8991719734627928,0.3655602079610932,4.0641690823483785,0.3540124745582495,0,,,,0.0,-,1773139113140168448,-0.0064585364033291,-0.1397214335587762,[4140],-1,4,2,1,TSS 214701.72+171511.05
1067,1,-,55,1,1,3,188.19904510617943,47.186345287087285,0.1343054565295306,0.1453335225155357,188,47,739,47,187.97424816819887,47.276099055953566,188.19904510617943,47.186345287087285,325.90677794005427,17.688652168077603,0.0007577341859284,0.0007607829514487,72.08832187118388,-26.11903458652546,1482,1484,1482,3,59812.57811728445,59812.59200622388,59812.57811728445,0.0138889394293073,20.537708,-3.28138,1,3.932794856090821,10.301051139831545,6.305442333221436,1,11.710837312260765,0.8917764524244086,0.592512580685721,1,0.0,0.6029456224940645,0.2686194421932369,2.808804139626794,1.5006176233291626,0,,,,0.0,-,1773953816896620160,-0.1822392553797271,-0.2178364670844814,[],-1,3,2,1,TSS 214337.63+174119.15
1198,1,-,55,1,1,3,240.7425839870739,238.1490692577941,0.113249624948488,0.1161563124923047,241,238,792,238,240.2417027367809,238.44689010505132,240.7425839870739,238.1490692577941,325.992166431865,16.636154720170946,0.0006390199859017,0.0006217425558041,71.29670009708705,-26.901730028284124,2550,2551,2551,2,59820.02254874372,59820.02949314824,59820.02949314824,0.0069444045220734,48.166473,-4.206862,1,5.150728210989526,15.423858642578123,14.30868148803711,1,19.77372114748728,0.8420358903593183,0.7851496220128447,1,0.1243592856216711,0.1176864014941764,0.3387773803605837,3.055139221619681,2.1462510989325634,0,,,,8.0,-,1772716655861446144,0.5764810433273624,1.1370640294689167,[4455],-1,2,2,1,TSS 214358.12+163810.16
1199,1,-,55,1,1,3,191.83889199610508,75.82907371535038,0.1120512410653878,0.1142979949695807,192,76,743,76,191.8397417008109,75.96497770391264,191.83889199610508,75.82907371535038,325.94309378233834,17.538762893934315,0.0006281658972967,0.0006028578956767,71.99388541222079,-26.247420633016205,2550,2551,2551,2,59820.02254874372,59820.02949314824,59820.02949314824,0.0069444045220734,55.04839,-4.3518615,1,6.3488784525356365,23.720443725585938,20.669404983520508,1,22.1206838595564,0.7503894868036223,0.6682391757428295,1,0.1080969777112949,0.854136232431712,0.3113686121381591,2.4193833398264264,0.1235665643650554,0,,,,8.0,-,1773933338492508800,0.0828150800064122,-0.5517015537428165,[4457],-1,2,1,1,TSS 214346.34+173219.55T59820
1201,1,-,55,1,1,3,109.55553374649128,205.4773999972991,0.1246047017076393,0.1324053792555823,110,205,661,205,109.54219228082518,205.30341928832263,109.55553374649128,205.4773999972991,326.6523033979378,17.01366720452572,0.0007021437010837,0.000701305917115,72.09232621667397,-27.099829457820245,2550,2551,2551,2,59820.02254874372,59820.02949314824,59820.02949314824,0.0069444045220734,35.497803,-3.8755035,1,5.085500755513335,13.770620346069336,12.334798812866213,1,13.449204433324931,0.8904988573542286,0.4741823167115934,1,0.0361010626907103,0.8539649599337915,0.5533432921246988,2.758402498118836,1.1346794905627104,0,,,,0.0,-,1773108219440385792,-0.500300032700352,-0.3084406151510848,[4459],-1,2,1,1,TSS 214636.55+170049.20T59820
1203,1,-,55,1,1,3,73.44444819284173,130.477399999446,0.1697082242747301,0.1893465579155466,73,130,624,130,73.44054643610134,131.18784155570094,73.44444819284173,130.477399999446,326.70361920138873,17.4503580154162,0.0009593212126881,0.0009915957546403,72.48347722093962,-26.832316044771783,2550,2551,2551,2,59820.02254874372,59820.02949314824,59820.02949314824,0.0069444045220734,31.458284,-3.7443376,1,5.810217277673179,16.593442916870117,14.02771282196045,1,9.018864842845392,0.8187359427716756,1.018639151059761,0,0.1904307528620463,0.7611030153493861,0.5263118659226385,1.9088943766786053,1.8328638980065304,0,,,,0.0,-,1773894370253575296,1.1236451386610042,-0.5746957531755754,[4461],-1,2,1,1,TSS 214648.87+172701.29T59820
969,2,-,55,1,1,4,160.18744604818528,227.89620896785087,0.1098714609326167,0.1106615918651286,160,228,967,228,160.23393769994306,227.96678704119665,160.18744604818528,227.89620896785087,324.99901156419907,16.398352135090914,0.0006219340751944,0.0005965358972026,70.37663569173645,-26.366202995388317,1485,1502,1485,18,59812.5989506936,59812.71700666061,59812.5989506936,0.1180559670174261,179.5799,-5.635644,1,12.48005385542561,77.90001678466797,13.58383846282959,1,103.54860461552636,0.9973031381160594,0.0825974060702302,0,0.0,0.5435534598514687,0.2897931239781218,2.825390968105865,1.5737515021155,0,,,,9.0,-,1773352968151544192,-0.2107824191161853,0.0998120542256799,[6084],-1,18,2,1,TSS 213959.76+162354.07
112,1,-,55,1,1,5,24.610628264471792,156.47739999999993,0.109869179648506,0.1106565489364134,25,156,1088,156,24.59054089941585,156.78508734124762,24.610628264471792,156.47739999999993,324.1883611337736,16.559955582072444,0.0006226861138387,0.000595614293743,69.92682455615213,-25.682819684625183,183,192,184,10,59797.88343034586,59797.94593195399,59797.89037496924,0.0625016081321518,274.9999,-6.0983315,1,16.391407158005542,93.1204605102539,20.80516815185547,1,120.89731028610626,0.9851298459009245,0.1626055665538008,0,0.0,0.877510047587444,0.2000356311158319,2.2777435249072986,0.2065917960243653,0,,,,9.0,-,1773581078159763456,-0.0728813912439818,0.0978854014910837,[3568],-1,10,43,1,TSS 213645.21+163335.84
1123,2,-,55,1,1,5,205.86289230423108,213.79474745535208,0.1125043256050359,0.1150068138435388,206,214,1269,214,206.06571841306464,214.0006050568842,205.86289230423108,213.79474745535208,323.29007033521054,15.951802419369084,0.0006420581245948,0.0006242317730505,68.78726495712304,-25.444588714305446,2550,2551,2551,2,59820.02254874372,59820.02949314824,59820.02949314824,0.0069444045220734,52.027866,-4.29059,1,6.142040197539225,16.389829635620117,15.618410110473633,1,21.07840095140884,0.8013795199770279,0.5404137367793053,1,0.1145037642794438,0.8746409178946786,0.5417691757685946,2.3477775563983414,2.3308629734834905,0,,,,9.0,-,1772044240077106944,1.0166833947230316,-0.5694038004421884,[],-1,2,2,1,TSS 213309.62+155706.49
1174,1,-,55,1,1,5,166.4999999972991,159.00422816815586,0.1367034986781602,0.1484474679677704,166,159,1229,159,166.68732474623843,159.12769406283152,166.4999999972991,159.00422816815586,323.4020777602007,16.30213930782459,0.0007841530733015,0.0007969554047519,69.15660531212883,-25.29312284672781,2550,2551,2551,2,59820.02254874372,59820.02949314824,59820.02949314824,0.0069444045220734,30.442924,-3.708716,1,4.832590833204182,11.616766929626465,10.426776885986328,1,11.408093838812674,0.816053237192226,1.9784693839389669,1,0.0825034288271049,0.4418490092588871,0.2777320751913172,1.5391585323626715,1.790375081502843,0,,,,8.0,-,1772060698391643520,0.0913734333400952,0.9433373053485354,[7403],-1,2,1,1,TSS 213336.50+161807.70T59820
93,1,-,55,1,1,6,192.77777777758905,98.2406386347146,0.120067752457291,0.1261139360772498,193,98,1512,98,192.65161195703467,98.2987707588922,192.77777777758905,98.2406386347146,321.70557499418084,16.110879139038715,0.0006871997840835,0.0006811476746628,67.8195578922814,-24.19038894057589,124,129,124,6,59797.47369731055,59797.50842046891,59797.47369731055,0.0347231583655229,27.101732,-3.5824928,1,4.562617245542072,17.376548767089844,8.531574249267578,1,14.836500097083984,0.9707839035247254,0.3230295580603452,0,0.2260097111761194,0.6526713882641402,0.4475880405420047,2.565793324139029,0.8153171973468055,0,,,,0.0,-,1784059698849472128,0.0135900803170443,-0.1690407721491453,[4572],-1,6,3,1,TSS 212649.34+160639.16
581,6,-,55,1,1,6,114.47750916531702,6.457824615275385,0.2009320388955152,0.2260958376761172,114,6,1433,6,114.35215043096362,6.355873764232036,114.47750916531702,6.457824615275385,321.9631614907371,16.71960592136445,0.001155962304605,0.0012021259979972,68.5014675736127,-23.980523413189932,2612,2650,2612,39,59822.41836712589,59822.68225439768,59822.41836712589,0.2638872717943741,220.28839,-5.857479,1,13.485927576463936,45.81198120117188,16.731204986572266,1,7.894079359884798,0.7611140459027244,0.7808490589808864,0,0.0770671060892538,0.3090436946145212,0.4926316634321985,3.2423402306421334,0.1616271114726307,0,,,,9.0,-,1784121786896483200,1.6480231803122931,-0.0897711446854963,[6737],-1,29,7,1,TSS 212751.16+164310.58
1106,1,-,55,1,1,9,31.99998863180594,25.421844444304156,0.2560985379470908,0.2887654874097649,32,25,76,276,32.08229679313614,25.11885800316293,31.99998863180594,25.421844444304156,329.9715882188846,17.529705214238135,0.0014143794203732,0.0014936930340901,75.04463361211577,-28.976964423243466,2550,2551,2550,2,59820.02254874372,59820.02949314824,59820.02254874372,0.0069444045220734,34.786007,-3.8535116,1,4.710960208934698,12.77730941772461,12.48231315612793,1,6.717522483333952,0.8243877957322691,2.528176044979941,1,0.2460277594069001,0.7954238201947946,0.6403756623396007,1.3804841452984946,1.5916322469711304,0,,,,0.0,-,1776056113193765632,0.5160392235205791,-0.3820772790759292,[4011],-1,2,2,1,TSS 215953.18+173146.94
135,1,-,55,1,1,11,224.94825004835772,252.08845769372795,0.1161352707501076,0.1204693007122713,225,252,776,503,224.76972086059172,252.1350834397809,224.94825004835772,252.08845769372795,326.5996768088972,15.294681221901063,0.0006595670309816,0.0006562576254605,70.64428843688007,-28.245704087896232,363,381,381,19,59799.13346092054,59799.25846382154,59799.25846382154,0.1250029010043363,22.023493,-3.3572154,1,3.179031815468454,12.83216381072998,5.083511829376221,1,16.858082390664055,0.847220866618372,0.5336212929763087,1,0.3799082596678594,0.5504398442816509,0.5571761062962961,2.5006928308112784,0.8188729882240295,0,,,,0.0,-,1772235035408375808,-0.548384375052251,0.0012729839397707,[2461],-1,17,2,1,TSS 214623.92+151740.85
220,1,-,55,1,1,11,196.33333333292964,104.98317916977638,0.1098814577270225,0.1106826674750166,196,105,747,356,196.4547325717528,104.9307555449309,196.33333333292964,104.98317916977638,326.4692932810013,16.10380491139844,0.0006193997938861,0.0005977344595286,71.2141145690937,-27.5999929599208,592,596,593,5,59800.72377388967,59800.75155225143,59800.73071848046,0.0277783617566456,128.3705,-5.271163,1,10.547591093975065,34.022396087646484,17.158069610595703,1,78.36026897056799,0.9931609996274684,0.122990053425909,1,0.0163839829712536,0.947217006085234,0.1920453479622891,2.874223988795203,0.3488225887618377,0,,,,8.0,-,1772605021070999040,-0.1663007986251159,-0.0137911866757463,[2721],-1,5,4,1,TSS 214552.63+160613.70
585,1,-,55,1,1,11,54.5387174323295,173.28301513391813,0.1289171204237753,0.138226441563808,55,173,606,424,54.56985572917743,173.21172526527116,54.5387174323295,173.28301513391813,327.38450359674454,15.980514865432207,0.0007290684856269,0.0007424052377311,71.79999413290354,-28.321835228797735,1340,1343,1341,4,59811.59200137868,59811.61283484231,59811.59894586702,0.0208334636263316,17.010775,-3.0768104,1,3.693838979770242,12.170860290527344,9.238189697265623,1,12.544413820608826,0.9772775150201268,0.2544746137367111,1,0.2676586560532677,0.8125866181387801,0.1857659005938459,2.737387018222909,0.8702032407346428,0,,,,0.0,-,1772751702794035200,-0.1383497437744836,0.0333191707368882,[3593],-1,4,1,1,TSS 214932.28+155849.85T59811
623,1,-,55,1,1,15,105.54342396113124,177.73420074546618,0.1322052831206751,0.1425827790827075,106,178,1681,429,105.68542397768522,178.03995285918032,105.54342396113124,177.73420074546618,321.4103095617219,14.085800331219769,0.0007671667782045,0.0007884682109522,65.91209904011205,-25.277097797046785,1628,1630,1628,3,59813.592008885134,59813.605897798494,59813.592008885134,0.0138889133595512,26.847485,-3.572259,1,4.606481341279802,12.007665634155272,7.142777919769287,1,12.006749108246458,0.9058956195954744,0.4565921492594066,0,0.1703888101370824,0.4143889540299115,0.3161150713192286,2.302229961534718,0.5292511484350382,0,,,,0.0,-,1771326396422048768,-0.0334465159282899,-0.1399617993274091,[5814],-1,3,1,1,TSS 212538.47+140508.88T59813
47,2,-,55,1,1,17,137.29491142791974,130.99414229400065,0.1163460841017699,0.1207777397026144,137,131,181,638,136.87728254813425,131.1207591785733,137.29491142791974,130.99414229400065,330.10843734578447,15.53293451396164,0.0006433680281744,0.0006486687530176,73.55070586369867,-30.50073302988511,444,450,444,7,59799.69597378344,59799.73764138405,59799.69597378344,0.0416676006061607,29.558094,-3.676691,1,4.739894578292269,11.013571739196776,3.982385635375977,1,16.71345036847292,0.9510507991661676,0.352523780235689,0,0.0,0.5304881874674316,0.5551129060912505,3.522212499572461,0.0,0,,,,9.0,-,1769529691343851136,-0.0549543813989998,0.1537926580996327,[1796],-1,5,4,1,TSS 220026.02+153158.56
47,4,-,55,1,1,17,137.2222222208944,131.4774000017904,0.1112321169405355,0.112991413489908,137,131,181,638,137.41960191847923,131.38961588807445,137.2222222208944,131.4774000017904,330.10976156888955,15.530543616622944,0.0006134949962781,0.0006078398585466,73.5498160061162,-30.503332333006583,2739,2746,2739,8,59823.30030632302,59823.348917153286,59823.30030632302,0.0486108302648062,53.194798,-4.314673,1,6.708748670863708,16.887466430664062,7.486237525939941,1,24.940692011092512,0.9336723020446904,0.4152701107833393,0,0.0130922877161105,0.8076654475654809,0.2910565633434986,2.749871110512519,1.813281017280028,0,,,,9.0,-,1769529691343851136,0.0177348276053521,-0.3294650481492454,[],-1,7,4,1,TSS 220026.34+153149.96
304,1,-,55,1,1,22,11.491292454254252,93.99085401985226,0.111594275148575,0.1135736824970071,11,94,1330,601,11.48733517342589,94.06450248456912,11.491292454254252,93.99085401985226,323.70733592766203,13.820357402039786,0.0006432283019539,0.0006335356812586,67.29185683525792,-27.150044155014204,636,641,636,6,59801.029335814026,59801.0640587526,59801.029335814026,0.0347229385733953,48.49032,-4.2141376,1,6.484736897713374,20.00827407836914,7.461228847503662,1,23.48798840311572,0.992343333296892,0.1534208726295345,0,0.0,0.7800497258201331,0.3577119338689601,2.8168037911585198,0.6033517611109488,0,,,,9.0,-,1770391948978665472,0.5132996437293968,0.1388201607177279,[3560],-1,6,1,1,TSS 213449.76+134913.29T59801
692,1,-,55,1,1,23,37.11111107839024,31.436789587934506,0.1402479142077002,0.1530027688581324,37,31,1612,538,37.2931751532365,31.61058318312544,37.11111107839024,31.436789587934506,322.0088536942585,13.635434697634588,0.0008169446726083,0.0008496594678032,65.94018727730177,-26.01186365079324,1345,1347,1345,3,59811.626723817135,59811.64061279102,59811.626723817135,0.0138889738882426,20.582264,-3.283733,1,4.219027469266547,10.172094345092772,6.796311855316162,1,11.015215578019838,0.94674289048714,0.4147197212788586,0,0.2722702899725352,0.7384418272744389,0.2596912173982618,2.1633577862630795,0.6556087025953447,0,,,,0.0,-,1771068281773175808,-0.1633951108540259,-0.0226435701425771,[],-1,3,1,1,TSS 212802.12+133807.56T59811
776,1,-,55,1,1,24,197.99203128081356,60.265980796182106,0.1247681479239647,0.1326285501009949,198,60,2024,567,197.8269848613255,60.27037075233179,197.99203128081356,60.265980796182106,319.7620711355929,12.70021601482511,0.0007251955283207,0.0007441510760271,63.60901047159395,-24.902557545417167,1981,1983,1982,3,59816.04339767933,59816.057286544725,59816.05034211179,0.0138888653964386,20.154732,-3.2609427,1,3.898108580804569,10.283298,7.3195634,1,13.409308032218034,0.9669794850590466,0.3086945549607224,1,0.0179121295950997,0.7794235980482486,0.2190580425419221,2.6827533417280827,0.5283374151984025,0,,,,0.0,-,1746743996485780096,0.5155780843911089,-0.3890732598479189,[],-1,3,1,1,TSS 211902.90+124200.78T59816
587,1,-,55,1,1,25,93.23579423956288,227.75516966114867,0.1115102765641931,0.1134393449170891,93,228,137,991,93.08378216167816,227.8309332057377,93.23579423956288,227.75516966114867,331.0210755129451,13.757646404673348,0.0006156660425738,0.0006218352399777,72.82689429248828,-32.384869351380964,1367,1371,1367,5,59811.77950249827,59811.80728043208,59811.77950249827,0.0277779338139225,47.781944,-4.1981597,1,6.235099804790312,23.651296615600582,10.312922477722168,1,23.788735547494102,0.9839606670897976,0.2031091208629288,0,0.1417770752821653,0.8243151629721417,0.2006995119142001,2.4043270251077367,0.0,0,,,,0.0,-,1768270028975347968,-0.0230236834455865,0.17641514446575,[3675],-1,5,1,1,TSS 220405.06+134527.53T59811
802,2,-,55,1,1,34,25.847560713879872,111.01114688531834,0.1109484876185338,0.1125290585263606,26,111,321,1130,26.056536666204007,110.9485641290412,25.847560713879872,111.01114688531834,330.3004751622525,12.730017241290636,0.0006197737443906,0.0006256856156422,71.37658569891443,-32.61254833694677,1509,1510,1509,2,59812.7656179328,59812.77256240018,59812.7656179328,0.0069444673863472,40.668713,-4.023151,1,5.667446498609451,16.192935943603516,13.27321434020996,1,26.464625472350388,0.98558586974185,0.1929984126090604,1,0.0734320736961069,0.8100331807998062,0.3568989384165233,2.8525730499942856,0.6270637702852131,0,,,,0.0,-,2728565136575077888,-0.1280493804669049,-0.0434405509990938,[4616],-1,2,2,1,TSS 220112.11+124348.06
1075,1,-,55,1,1,36,7.03762560856674,197.755229121404,0.1445294528777309,0.1584391056519408,7,198,814,1217,6.995846224384096,197.6509064031832,7.03762560856674,197.755229121404,327.778189581614,11.436662926039606,0.0008352967665418,0.0008924814274995,68.26683196021928,-31.703990927102517,2280,2284,2280,5,59818.14755813553,59818.17533579833,59818.14755813553,0.0277776627990533,41.58255,-4.047278,1,5.796539110968761,16.503622,5.7423306,1,10.607632561862095,0.8718522792869562,0.6858070869676439,0,0.0,0.5770707858428947,0.5033878890910694,2.520805868402387,1.525532841682434,0,,,,0.0,-,1766032209280506496,-0.384236667759751,0.5094989254528173,[4151],-1,3,4,1,TSS 215106.77+112611.99
736,1,-,55,1,1,38,16.86669317137422,199.64406666541132,0.1187240025593823,0.1242088121645457,17,200,1336,1219,16.835279396207913,199.4274031970705,16.86669317137422,199.64406666541132,324.8887539435682,10.491061286202775,0.0006932906225208,0.0007109660049683,65.26009451896718,-30.189986412706418,1023,1025,1023,3,59808.47390654295,59808.48779564164,59808.47390654295,0.0138890986927435,54.539722,-4.3417826,1,6.627690138494366,13.66591453552246,8.555633544921875,1,15.399908319477849,0.9676240136062344,0.3576390886283385,0,0.0694621058728073,0.8713701644359534,0.2100242466274328,2.683139305290482,0.7216801741488644,0,,,,0.0,-,1741746372539946112,-0.1574603038586701,-0.1189054479646074,[3987],-1,3,2,1,TSS 213933.30+102927.82
358,1,-,55,1,1,41,33.877435835812506,41.03734765199319,0.1103920789828851,0.1115990083755718,34,41,78,1316,33.79515772670098,41.1978222986772,33.877435835812506,41.03734765199319,331.951038190705,12.126009845899864,0.0006074837211013,0.0006197834640264,72.22365824131529,-34.18191397257664,851,854,852,4,59802.52242084645,59802.54325457272,59802.52936542188,0.0208337262665736,67.24502,-4.56915,1,7.409766736160458,20.822088,11.193954,1,31.797343773099257,0.989746129119904,0.1473555631988714,0,0.0085942097929838,0.902853740088854,0.2678983383130408,2.865006059048263,0.2570564881875252,0,,,,8.0,-,2728620696271512832,-0.1380449598530759,-0.0006361578098221,[3192],-1,4,4,1,TSS 220748.25+120733.64
947,2,-,55,1,1,43,173.08319289087612,183.47740000000005,0.1743169353944595,0.1948579767188732,173,183,724,1458,173.3819413357606,183.1697591872937,173.08319289087612,183.47740000000005,328.7361061091236,10.28263078968477,0.0010071611298589,0.0011024621149018,68.00340798967777,-33.176189974611134,2741,2759,2751,19,59823.3141951316,59823.439194407445,59823.38363917451,0.1249992758457665,19.596632,-3.2304537,1,3.477157977428482,10.119393,4.616777,1,8.81432432262405,0.8760558753312703,0.6246628247743922,0,0.2032838890109876,0.4535385804831656,0.115640696320496,2.640381637310264,0.8743692636489868,0,,,,0.0,-,2726464313451362816,-0.2036316976229955,-0.3076428707422565,[4801],-1,15,3,1,TSS 215456.67+101657.47
782,1,-,55,1,1,47,115.44444444339273,48.47739999486284,0.1433004259313518,0.1568854599690172,115,48,1690,1323,115.12199081830391,49.13481663539351,115.44444444339273,48.47739999486284,323.1133687835712,9.25371744254809,0.0008472961863666,0.0009022066347845,62.87680568697477,-29.622238373948235,2550,2551,2551,2,59820.02254874372,59820.02949314824,59820.02949314824,0.0069444045220734,33.205128,-3.8030128,1,4.685403339542357,12.609653,10.824062,1,10.71824298827982,0.8973182942388118,1.0518549459490925,1,0.30219850542335,0.717961996608504,0.4758051662928446,3.03996991899669,1.7670898347587327,0,,,,8.0,-,1741168682258722304,1.3628310240712835,-0.3842810768614981,[1842],-1,2,1,1,TSS 213227.21+091513.38T59820
785,1,-,55,1,1,47,221.27447659811045,114.47766918856512,0.139073425076382,0.1514991817827893,221,114,1796,1389,221.4989819055348,114.8671482116618,221.27447659811045,114.47766918856512,322.6510022334905,8.689188565405466,0.0008231373376843,0.0008742851432458,62.04157183649069,-29.614632184531345,2550,2551,2551,2,59820.02254874372,59820.02949314824,59820.02949314824,0.0069444045220734,28.834713,-3.649789,1,5.175214964603324,11.3223505,10.8579235,1,11.13907205931215,0.7869044102463182,1.0512523704107748,1,0.2254881693622116,0.7496115099913413,0.4324090251062409,2.5291822510323336,1.4217629717876878,0,,,,9.0,-,1741048594973306240,1.0688211530627996,1.0495446112831814,[1847],-1,2,1,1,TSS 213036.24+084121.08T59820
505,2,-,55,1,1,48,102.84578162825116,110.5943281655722,0.1099554458293485,0.1108263721847813,103,111,1929,1386,102.78840134368616,110.57473836510373,102.84578162825116,110.5943281655722,321.90189447895693,8.455024918777973,0.0006451900335691,0.0006453188234628,61.3072841705196,-29.17390308544739,1578,1584,1579,7,59813.24478594508,59813.28645270842,59813.25173040548,0.0416667633471661,125.3285,-5.245125,1,10.718580781921291,47.08185,17.482683,1,49.894621036595495,0.9955577744518308,0.1207188768159281,0,0.0187819136804975,0.9289084548426206,0.3317151624251815,2.970228080403618,0.2305397309611495,0,,,,0.0,-,1740270273884984704,-0.0969327088803311,-0.0565525835147582,[2297],-1,7,2,1,TSS 212736.45+082718.09
138,2,-,55,1,1,49,247.55871165275312,195.566581652648,0.1453949689457974,0.1595300931025078,248,196,292,1727,247.98835969022065,195.7824898836835,247.55871165275312,195.566581652648,331.579188473107,9.56886758428378,0.0008184250304849,0.0008988506090251,69.68454752219893,-35.71212188442631,2704,2708,2705,5,59823.05725217352,59823.08502978976,59823.06419657759,0.0277776162329246,19.07364,-3.2010841,1,3.77091825626058,10.529510498046877,5.992873191833496,1,10.53248865338958,0.9059551426439268,0.4572350250481582,1,0.3710175744639617,0.6962137550144901,0.5779309585058499,3.446598356178486,1.2472708225250244,0,,,,0.0,-,2725430978679659520,-0.1269693896513217,0.1048715951746999,[],-1,4,2,1,TSS 220619.01+093407.92
176,2,-,55,1,1,53,178.1111179218883,60.8663300477253,0.1457018232828314,0.1599162784383834,178,61,1241,1592,178.4513674941378,60.60543881417746,178.1111179218883,60.8663300477253,326.14203419441304,8.622279894885287,0.0008559793066596,0.0009198411508571,64.51569907089689,-32.33820406013417,1321,1322,1321,2,59811.46005607549,59811.46700056663,59811.46005607549,0.0069444911350728,19.909588,-3.2476556,1,4.223417032135628,13.898064,8.521259,1,10.506366379332524,0.7993032339134004,1.6390546343668286,0,0.0,0.2415864971529623,0.605522268173887,1.108260461397042,2.415332078933716,0,,,,4.0,-,2702037421394089600,0.0384547231328724,0.2004748032554744,[],-1,2,2,1,TSS 214434.09+083720.21
23,9,-,55,1,1,54,235.86701156443047,246.5643637099652,0.1098665110351544,0.110650244134139,236,247,1555,1778,235.74638720768309,246.54935983975312,235.86701156443047,246.5643637099652,324.7573214596125,7.008735324054304,0.0006438154877509,0.0006470757212015,62.01018252299089,-32.293568836212096,1960,1965,1960,6,59815.897564580366,59815.9322867492,59815.897564580366,0.0347221688352874,970.7372,-7.4677544,1,30.430568744078112,216.78078,58.65643,1,357.0322322234115,0.9946731788932456,0.1182381262382742,0,0.0,0.7875988575219132,0.2271606427890778,2.124614308194962,0.1332199895860973,0,,,,8.0,-,2701170632570283904,-0.1038104617084627,-0.074081868875055,[1375],-1,6,14,1,TSS 213901.76+070031.45
405,2,-,55,1,1,54,235.4999999972991,246.55388467397648,0.1098665193515616,0.1106502673052809,235,247,1554,1778,234.10009448222596,248.06156511136209,235.4999999972991,246.55388467397648,324.7593454837449,7.0094911148405785,0.0006438112698272,0.0006470727630666,62.01235944878279,-32.29467363758512,1960,1965,1960,6,59815.897564580366,59815.9322867492,59815.897564580366,0.0347221688352874,913.2468,-7.4014707,1,12.052589762745324,227.34871,61.552597,1,339.4424453686313,0.9053184740641,0.3868076206919601,0,0.0,0.7878085835354204,0.5171476773498658,11.755078460183018,0.6013241410255432,0,,,,8.0,-,2701170632570283904,0.2632011057276031,-0.0636028325659481,[2191],-1,6,2,1,TSS 213902.24+070034.17
585,4,-,55,1,1,54,256.71789317110773,61.97735825232797,0.1208297205298554,0.1271848895646172,257,62,1576,1593,256.8189259886713,61.63114593085244,256.71789317110773,61.97735825232797,324.2816565359136,7.989251087326803,0.0007114191636099,0.0007381558237698,62.56728637592862,-31.31394777705756,1638,1641,1638,4,59813.66145344865,59813.68228681636,59813.66145344865,0.0208333677073824,28.253937,-3.6276975,1,4.757277093248466,12.036135,5.501446,1,14.555968540431111,0.893220964218945,0.9242874694118692,0,0.0,0.7255480772776366,0.2756253562255937,2.414078679800062,2.956923723220825,0,,,,12.0,-,1740791927727238016,0.0255772163950496,-0.185074418712702,[2330],-1,3,16,1,TSS 213707.60+075921.30
952,1,-,55,1,1,55,15.715424785253338,128.3216780298495,0.1510863114129765,0.1666445274084673,16,128,1591,1659,15.36806356591691,128.18977793244335,15.715424785253338,128.3216780298495,324.3274082361673,7.594413904941522,0.0008952461481857,0.0009644805994762,62.23842919010492,-31.595466866734423,2550,2551,2551,2,59820.02254874372,59820.02949314824,59820.02949314824,0.0069444045220734,60.948284,-4.462404,1,5.793415541324338,22.0180606842041,19.380695343017575,1,10.086844127583475,0.7548196304872846,0.7077094284501612,1,0.0261155862662899,0.7987773859940495,0.2271959787411136,1.7064172889167577,1.150421977043152,0,,,,8.0,-,2701438157493134208,-0.3983761046781637,-0.9763408872117908,[3218],-1,2,2,1,TSS 213718.58+073539.89
42,8,-,55,1,1,56,63.39881759021054,131.9331116468478,0.1100737390005165,0.1110430636858344,63,132,1889,1663,63.51560633366874,131.88948597560992,63.39881759021054,131.9331116468478,322.6666826526376,7.001435227978989,0.0006474009858619,0.000650210282983,60.509445311142144,-30.66019447715853,1348,1352,1349,5,59811.64755727797,59811.67533522389,59811.654501764446,0.027777945921116,111.729706,-5.1204214,1,10.036689315375837,26.273739,12.624472,1,40.26631193153848,0.9730157516501649,0.2469780048273538,0,0.0705700311215428,0.914922633306704,0.3031947077757281,2.438002502037841,0.9979755439806652,0,,,,12.0,-,1739124174747205760,0.1638703730097859,-0.0629403284567615,[1953],-1,5,9,1,TSS 213040.00+070005.17
60,1,-,55,1,1,56,17.00003690150009,244.97743586253077,0.1118469703551442,0.1139755001631132,17,245,1843,1776,16.98394826747478,244.92985121931687,17.00003690150009,244.97743586253077,323.1470312656323,6.465120846264892,0.0006587328118003,0.0006676039425143,60.34969156316709,-31.36478533225437,248,253,252,6,59798.33483063952,59798.36955372011,59798.36260910418,0.034723080592812,28.546076,-3.638866,1,5.040671036789946,16.261814,11.023182,1,22.683025194907067,0.9269069838936168,1.2448615347662335,1,0.0371591785357199,0.9109242517289208,0.2838321118152581,0.9984992907571968,1.3830586235375288,0,,,,0.0,-,2699841804048460672,0.1334086582196505,-0.2490425517157746,[2230],-1,6,1,1,TSS 213235.29+062754.44T59798
61,1,-,55,1,1,56,18.99998671695048,37.97735257862568,0.1128350985832378,0.115519291602136,19,38,1845,1569,19.012386352169575,38.059966031522144,18.99998671695048,37.97735257862568,322.73063263658065,7.606502357404461,0.0006641438269509,0.0006739262214146,61.11125691441047,-30.341987513020527,258,260,259,3,59798.40427679839,59798.41816602886,59798.41122141386,0.0138892304748878,31.959879,-3.761513,1,4.622788681389347,15.275747,12.90593,1,20.449156350412174,0.92725973541847,2.029062081030751,1,0.1507581234583423,0.934064379267796,0.0924165535899396,0.8804759772946793,2.1379249758754315,0,,,,1.0,-,1739227146587885184,0.4539078972081825,-0.1179844945231707,[2231],-1,3,1,1,TSS 213055.35+073623.41T59798
71,1,-,55,1,1,56,29.99999440050121,155.9774212746573,0.1173476949391174,0.1222331887405281,30,156,1856,1687,30.036424701875816,155.9102231893742,29.99999440050121,155.9774212746573,322.9003383508715,6.932942223821673,0.000692666339521,0.0007134664208825,60.61008706591759,-30.886038849324848,302,305,303,4,59798.70983978538,59798.73067361921,59798.71678439665,0.020833833834331,23.558067,-3.4303493,1,4.538031111669184,12.48748,8.544268,1,16.097714544280738,0.9309805149732576,1.706033373754524,1,0.079747929817845,0.9013048728371292,0.4339672235650969,1.05084484241915,1.806324003487503,0,,,,0.0,-,1739109017806113920,-0.2507651223227185,0.2733022331094616,[2347],-1,4,2,1,TSS 213136.08+065558.59
663,2,-,55,1,1,57,89.41149744038756,220.7632238785201,0.1236958860640881,0.1311604205962595,89,221,133,2003,89.45228538548488,220.9926862094298,89.41149744038756,220.7632238785201,332.9227697065381,8.33924846358702,0.0006846738240402,0.0007406715674266,69.72346094316245,-37.52109765437649,1669,1672,1670,4,59813.87673154373,59813.89756490399,59813.88367599715,0.0208333602568018,26.415144,-3.5546324,1,4.718042476704363,11.239911079406738,8.184883117675781,1,13.681295835285187,0.9584465780178216,0.3152363347068701,1,0.2894852276247919,0.8796548547211412,0.4364425177710212,2.567622284026648,1.11961356932138,0,,,,8.0,-,2722047300364436096,-0.1661299838468437,0.1011917286054995,[5328],-1,4,5,1,TSS 221141.46+082021.29
1389,1,-,55,1,1,57,250.4999999972991,96.97738977893738,0.1888895699898371,0.2120721823350652,250,97,294,1879,250.682972698135,97.07232340386852,250.4999999972991,96.97738977893738,331.84499441297464,8.736690644160346,0.0010654480738389,0.0011965815051506,69.16193931996376,-36.47570330884416,2550,2551,2550,2,59820.02254874372,59820.02949314824,59820.02254874372,0.0069444045220734,29.914122,-3.6896908,1,4.57037611658369,12.54664707183838,11.797699928283691,1,8.265266889391238,0.8198867277269798,2.317314750269357,1,0.0616889201478225,0.7751828357420003,0.4405553523729759,1.4829292830020373,2.008509681936869,0,,,,0.0,-,2722312003493387776,-0.8739847952127775,-0.3160173689636849,[5770],-1,2,2,1,TSS 220722.80+084412.09
88,2,-,55,1,1,60,106.772706806715,187.9773757423177,0.1391686916699824,0.1516213529189244,107,188,914,1970,106.8737861863788,187.8888567011644,106.772706806715,187.9773757423177,328.67044166839696,7.14181600840142,0.0008071375552216,0.0008727757256824,65.10437731106911,-35.206072511547646,639,644,640,6,59801.05016957707,59801.08489251472,59801.05711416507,0.0347229376420727,28.764336,-3.6471357,1,4.54432845645791,10.168332,4.7411246,1,11.128806500169029,0.9395283554434524,0.4981398206416249,1,0.1447226941561536,0.7290247458954606,0.2289955722054036,2.2917212280875745,0.581462139485384,0,,,,1.0,-,2700655442652791424,0.004792533914383,0.1674666714234263,[1626],-1,5,2,1,TSS 215440.91+070830.54
890,1,-,55,1,1,62,93.11111111114172,231.4774005374898,0.1270262778887568,0.1356905632165386,93,231,1412,2013,93.19777749806188,231.4753843994631,93.11111111114172,231.4774005374898,326.0070360677933,5.972884303281919,0.0007470631357619,0.0007895680106338,61.963914862906805,-33.910129879625906,2132,2136,2136,5,59817.11978402805,59817.14756172204,59817.14756172204,0.0277776939983596,32.50729,-3.7799523,1,5.226047837632204,15.908472,5.2783785,1,12.90705418622305,0.9473524205813144,0.6755835268646008,0,0.0,0.1608625945478249,0.5019085693428313,1.7441205056258855,2.323167176786171,0,,,,0.0,-,2700238276774301952,1.901103935664878,0.4822454018681128,[2526],-1,3,1,1,TSS 214401.69+055822.38T59817
377,1,-,55,1,2,2,188.23546277279024,14.532955555553343,0.1196188588227784,0.1254799326259127,188,15,483,15,188.49891089370763,14.680680276511914,188.23546277279024,14.532955555553343,315.2432078290948,14.330353198935006,0.0006733287636691,0.0006852464112119,62.11188066782583,-20.42450290863429,611,612,612,2,59800.85592276233,59800.86286720317,59800.86286720317,0.0069444408436538,23.865656,-3.4444335,1,4.273078416531838,10.196000099182127,8.356754302978516,1,15.014059694279307,0.9442123038644176,0.3919478798237555,1,0.2451873877872781,0.8307541792223777,0.34948574047604,2.8360120576681664,1.1947044407783294,0,,,,9.0,-,1760139140489215360,-0.122062647722771,-1.0106085279772614,[],-1,2,2,1,TSS 210058.37+141949.27
783,1,-,55,1,2,2,211.5902642945261,230.84120364163095,0.1128855783261709,0.1155971645961904,212,231,507,231,211.70354662071665,231.04047562612436,211.5902642945261,230.84120364163095,315.527886659375,13.16963743130109,0.0006386588316647,0.0006422542968566,61.290427773501854,-21.33811319324759,1510,1511,1510,2,59812.77251053534,59812.7794548486,59812.77251053534,0.0069443132597371,37.923775,-3.947279,1,5.524845836052799,12.49766731262207,9.260649681091309,1,20.36081358543909,0.9716319766225008,0.2862123764133432,1,0.0,0.8000682067795988,0.2460665609669862,2.274451867956222,0.8531013684601415,0,,,,12.0,-,1758313126553369216,0.0458016013573683,-0.1153941016620478,[6549],-1,2,1,1,TSS 210206.69+131010.69T59812
1011,1,-,55,1,2,5,261.16206027065215,43.96312350811885,0.1101223869815167,0.1111299791874406,261,44,1324,44,260.90548028089046,43.89245938109649,261.16206027065215,43.96312350811885,310.802917961868,12.421617952684372,0.0005938068920735,0.0006103023844317,57.8125506831812,-18.011128145897445,1755,1775,1757,21,59814.47386514567,59814.6127510657,59814.48775373866,0.1388859200305887,47.250084,-4.1860065,1,6.269799833426392,22.26980400085449,8.414999961853027,1,38.16964768501912,0.9738623914755604,0.260097813013238,1,0.1136586223832581,0.7338475759634029,0.2967837335566369,2.946541595347714,0.5315181188150486,0,,,,9.0,-,1755164533278419200,0.0632387801970253,-0.103659814357357,[6856],-1,17,1,1,TSS 204312.70+122517.82T59814
1209,1,-,55,1,2,5,65.50000000270089,237.3107691397248,0.1546236533204059,0.1710192106852523,66,237,1129,237,66.0,237.67408256161295,65.50000000270089,237.3107691397248,312.18645795979785,11.846754404452016,0.0008605913856644,0.0009401927306155,58.11943074011857,-19.45182046255125,2604,2620,2604,17,59822.36255790877,59822.47366608777,59822.36255790877,0.1111081790004391,53.320488,-4.3172355,1,3.3348359450734715,25.688495635986328,7.572991847991943,1,9.844971118462151,0.768619700291856,0.7948414539653113,0,0.1293998938323317,0.5205385793790469,0.4232870712640454,2.095168897649374,1.0527206289613846,0,,,,8.0,-,1751893524836418816,-0.5846578436244272,-0.0584245659512134,[6928],-1,15,1,1,TSS 204844.75+115048.32T59822
279,3,-,55,1,2,6,188.99855130451505,130.56237604377677,0.1224422040695134,0.1294311677514261,189,131,1508,131,189.0267484715464,130.7155683063541,188.99855130451505,130.56237604377677,310.0067170251927,11.589728330069615,0.0006584091550657,0.0007083331226834,56.63012512833313,-17.830066862257073,1413,1414,1413,2,59812.0989116994,59812.10585602197,59812.0989116994,0.0069443225656868,31.11987,-3.7325943,1,4.892094630544737,17.285414,11.431565,1,14.033817557775006,0.9672578501293796,0.2738835925823706,0,0.0,0.7937343080319481,0.2836446947609914,3.6512123776004937,0.0895219221711158,0,,,,0.0,-,1755002565762685312,-0.1663569449908664,0.2743224366435868,[5391],-1,2,3,1,TSS 204001.61+113523.02
1057,1,-,55,1,2,9,245.452346667389,259.5799549024946,0.1339897343758438,0.1449214598188327,245,260,289,511,245.4080612459705,260.26536351011623,245.452346667389,259.5799549024946,317.26203268860195,12.142967931012874,0.0007746906738528,0.0008119469229534,61.49310000816234,-23.30831710155328,1658,1663,1658,6,59813.80026808902,59813.83498960128,59813.80026808902,0.0347215122601483,22.629078,-3.386667,1,4.051690684000602,11.096693992614746,5.126309871673584,1,11.753334102833067,0.8589845215517989,0.546306157106538,1,0.3506363921514145,0.7353485838472107,0.2416677708793241,2.9108075399495057,0.7473953858640805,0,,,,0.0,-,1757168942969775872,0.1437273063071416,-0.0256150245762682,[],-1,5,1,1,TSS 210902.89+120834.68T59813
1062,1,-,55,1,2,9,200.03740724061427,243.9773700704438,0.112636642835528,0.1152122894358229,200,244,244,495,200.07776849948428,244.0492571003814,200.03740724061427,243.9773700704438,317.4829002654918,12.31629469850184,0.0006471745960021,0.0006489480476492,61.785338956682665,-23.37643412136688,1782,1784,1783,3,59814.66136113182,59814.67524972201,59814.66830542692,0.0138885901906178,29.281893,-3.6664977,1,5.07643041001187,13.48984432220459,11.15662670135498,1,20.815496615755627,0.7752037504506297,1.2455320220068289,1,0.0130171773420568,0.953733952239208,0.077206357052382,0.8630270610489753,1.8139487060750985,0,,,,0.0,-,1758679023408630656,0.5892694696448189,-0.4268689523962621,[7419],-1,3,1,1,TSS 210955.90+121858.66T59814
139,1,-,55,1,2,11,86.56356878276853,119.47739999999996,0.1103077947573725,0.1114542630199806,87,119,638,370,87.00072946936399,119.58504899314435,86.56356878276853,119.47739999999996,315.07980152513755,12.174232462888227,0.0006236900378517,0.0006254556090365,60.14992727474764,-21.57315132910965,152,156,152,5,59797.66841754041,59797.69619544208,59797.66841754041,0.0277779016760177,62.207592,-4.4846087,1,7.589052039231772,29.013365,11.928122,1,33.240259289028444,0.992901383435427,0.1235181660473666,0,0.0,0.7010929624385502,0.3185604330822881,2.959767815271839,0.4728829036606292,0,,,,4.0,-,1758096174868578688,0.1438451077458467,-0.0358458140706829,[3075],-1,5,1,1,TSS 210019.15+121027.24T59797
114,3,-,55,1,2,14,76.9136296539639,150.23036011040972,0.1107672846941773,0.1122300741670241,77,150,1396,401,76.7535921488701,150.12198300940543,76.9136296539639,150.23036011040972,311.08198289235173,10.435688144113453,0.0006048024077761,0.0006275856888276,56.23634249694311,-19.348775432938357,530,531,530,2,59800.29342286529,59800.30036731079,59800.29342286529,0.0069444455002667,49.052128,-4.2266445,1,6.396453457748995,12.803178787231444,8.509064674377441,1,27.728315179525683,0.969195797919806,0.286594362717729,0,0.0,0.6555276484576169,0.4153054606531363,2.893952173060212,1.0887645873822618,0,,,,9.0,-,1751266249158156800,0.1079944754674215,-0.0901226736452827,[3988],-1,2,66,1,TSS 204419.68+102608.48
924,1,-,55,1,2,14,220.35413624708607,208.47739999999996,0.129608967081685,0.1391484428424798,220,208,1539,459,220.0798155849996,208.68381818430905,220.35413624708607,208.47739999999996,310.4428439808821,9.831546411104478,0.0007077273063612,0.0007726604508024,55.33459446958434,-19.15875355858207,1863,1865,1863,3,59815.223848840666,59815.23773742108,59815.223848840666,0.0138885804117308,19.72664,-3.2376328,1,4.29700012163168,10.288671493530272,7.338863372802734,1,12.422438901667103,0.910383849901813,0.5368105420863278,1,0.1519550653006598,0.8147055942486627,0.1521571739914058,3.048916879718188,0.7464192806610512,0,,,,0.0,-,1751124927553973760,-0.0530477417808015,0.1529470320829205,[6190],-1,3,1,1,TSS 204146.28+094953.57T59815
145,1,-,55,1,2,15,220.91652641176373,203.1863860189897,0.1185817700665343,0.1240058423323707,221,203,1796,454,220.4896538218621,202.64171837196804,220.91652641176373,203.1863860189897,309.11787379004124,9.319527315874366,0.0006332053015987,0.0006873575348802,54.12860147562132,-18.3432641827891,101,105,102,5,59797.31424908943,59797.34202702232,59797.32119357312,0.0277779328826,30.686863,-3.7173815,1,4.364609611773096,15.631160736083984,11.502564430236816,1,15.465638747349464,0.9041822535672674,0.6606053298235227,1,0.0687108718417894,0.8373608178163858,0.3950217526138254,3.8931341895936185,1.63167930643497,0,,,,9.0,-,1749637017738199680,0.1817452822097038,-0.033267513395458,[3850],-1,5,1,1,TSS 203628.29+091910.30T59797
864,1,-,55,1,2,17,13.999994555285122,80.53295555553483,0.1180897412289617,0.1233016288956006,14,81,58,588,13.916230197112682,80.78332725120461,13.999994555285122,80.53295555553483,318.6957808059977,12.194974971643187,0.0006840647662694,0.0006952175488217,62.46607027475103,-24.392356100067012,1668,1687,1670,20,59813.86971111214,59814.00165283765,59813.883599715824,0.1319417255144799,24.587114,-3.4767687,1,4.433890266061954,13.484798,7.1898384,1,15.703606006064993,0.976503927044078,0.3643790854114915,1,0.053641150957152,0.7257385798562915,0.3097232749326671,2.7998268120198704,0.6819790808612127,0,,,,0.0,-,1746666614059531264,0.0578049923856056,-0.233265510453748,[4949],-1,18,1,1,TSS 211446.99+121141.91T59813
152,5,-,55,1,2,18,98.66666666653956,220.8662447259978,0.1174367920740772,0.1223618991037267,99,221,394,728,98.59671575389255,220.94455019862667,98.66666666653956,220.8662447259978,317.108892621763,10.777746926858992,0.0006785740921076,0.000695924321755,60.19931744786792,-24.00257463316437,2231,2236,2231,6,59817.80712137066,59817.84184273158,59817.80712137066,0.0347213609129539,42.927116,-4.081829,1,6.1172269203573375,19.35260009765625,8.013655662536621,1,16.04790649781566,0.9806736001616078,0.3655715778796938,0,0.1114848526500886,0.8270153427368491,0.2198006907758543,2.563511960352994,0.3852077591146392,0,,,,8.0,-,1744898431858767488,0.0206067180924378,-0.1470884840061899,[2816],-1,4,5,1,TSS 210826.13+104639.89
1092,1,-,55,1,2,19,177.11109978501352,131.02007100260423,0.1162963434533178,0.1207050336699081,177,131,728,638,176.83452926453853,130.84167739702275,177.11109978501352,131.02007100260423,315.0998188609198,10.577961900435842,0.0006634661355481,0.0006839436128859,58.76336488089747,-22.52017718547147,2375,2393,2393,19,59818.80709616677,59818.93209296157,59818.93209296157,0.1249967948024277,41.139557,-4.035649,1,3.445149420105759,21.028779983520508,6.240722179412842,1,16.747047209860966,0.8281934897870039,1.1343511496219023,0,0.0,0.4199525209654157,0.317517427431504,2.846874854916095,0.6238434787277305,0,,,,0.0,-,1756526248360156544,0.0080856324052547,-0.2957930320951618,[6628],-1,15,1,1,TSS 210023.96+103440.66T59818
10,2,-,55,1,2,23,179.9999786799559,240.0525503792176,0.1571477763708926,0.1741210498821195,180,240,1755,747,180.0230946753175,240.07078483841195,179.9999786799559,240.0525503792176,309.8607940556042,7.879154640278529,0.0008589207456114,0.0009703201301672,53.26575660308275,-19.7393380599448,1065,1074,1066,10,59808.76561358174,59808.828113243406,59808.77255798859,0.0624996616679709,28.113445,-3.6222851,1,4.734519627355885,10.219371,6.325061,1,9.685734242883408,0.7804682891491345,1.4242035782699476,0,0.2050941611909554,0.6959376330925151,0.251110593490656,1.0165799076200397,1.34673529403507,0,,,,4.0,-,1749137702019928192,0.4943434139552209,-1.088474128414532,[976],-1,9,2,1,TSS 203926.59+075244.96
669,1,-,55,1,2,25,233.5000376690283,157.47739999855523,0.1194417234384601,0.1252290979806006,234,157,278,920,233.1790815774644,157.5862827371445,233.5000376690283,157.47739999855523,318.1279487514566,9.974918841893585,0.0006956807067604,0.0007172302303654,60.14386078141129,-25.28583612016212,2396,2397,2396,2,59818.9529257593,59818.95987002506,59818.9529257593,0.0069442657622857,32.30851,-3.7732923,1,5.792140195436914,14.015081405639648,9.75539207458496,1,15.086901373442789,0.9020313485485704,0.4846714582746176,0,0.0,0.6976721478115306,0.390068678157321,2.743760735620069,0.8734265760841738,0,,,,8.0,-,1744618399990979200,-0.1620592825471476,0.0327500704612475,[],-1,2,1,1,TSS 211230.71+095829.71T59818
85,19,-,55,1,2,28,21.04910245562604,65.98558563665071,0.1099039652631543,0.1107277843884978,21,66,828,829,21.02246338488099,66.05384026606465,21.04910245562604,65.98558563665071,314.92389794467874,9.354618195806715,0.000626150870442,0.0006343337291959,57.57036522678861,-23.08331199142595,2038,2055,2040,18,59816.439098857314,59816.55715163316,59816.45298742002,0.1180527758406242,88.52888,-4.867712,1,8.683070470308982,19.784813,8.455137,1,62.11133191214839,0.9927179990098224,0.1199658062072361,1,0.1214410181552574,0.7699543071024266,0.2386464467279568,2.880097076980093,0.2982497264331205,0,,,,9.0,-,1738376158946482944,0.1141940273950012,-0.0377294568136221,[2625],-1,18,20,1,TSS 205941.74+092116.63
629,1,-,55,1,2,41,117.99998544462284,103.97735804258004,0.1182812126873644,0.1235760596474553,118,104,162,1379,118.03840971791504,104.18231165088886,117.99998544462284,103.97735804258004,319.6705410111837,7.704484534346577,0.0006958160592291,0.0007180956812258,59.11266962588756,-27.860254477550125,1465,1467,1466,3,59812.46001634205,59812.47390497648,59812.4669606595,0.0138886344284401,20.244234,-3.2657533,1,4.045128955437396,10.825669288635254,9.787601470947266,1,15.60897345216262,0.9231684647346552,1.51059192406308,1,0.1375904230963822,0.9469564318551676,0.254634768902752,1.039120152415889,1.365743670053825,0,,,,0.0,-,1739977120892203520,1.2793420394533257,0.7395830479692904,[3170],-1,3,1,1,TSS 211840.93+074216.14T59812
676,1,-,55,1,2,41,194.99999519923492,225.97742480762955,0.1249180251737941,0.1328330033951051,195,226,239,1501,195.077720594163,226.1422237818828,194.99999519923492,225.97742480762955,319.48219478051703,6.88093182038721,0.0007369945085862,0.0007725044059341,58.23400123904052,-28.194257001501985,1762,1765,1763,4,59814.522475220176,59814.54330810872,59814.52941951666,0.0208328885419177,23.078285,-3.4080088,1,4.654736854269072,10.313114166259766,7.422778129577637,1,13.373187720126248,0.933621922162119,1.146850954934855,1,0.0718831945347178,0.9065255950146976,0.3660042339795584,1.20826877807066,1.8211230733579085,0,,,,0.0,-,1739633175615553024,0.8256417665297988,-0.0142336617411729,[3185],-1,4,1,1,TSS 211755.73+065251.35T59814
246,1,-,55,1,2,42,247.0060415941549,28.98708042144716,0.1154163376078886,0.1194114304927778,247,29,542,1304,247.00759152578385,28.820492145818427,247.0060415941549,28.98708042144716,317.4160503734768,7.359643008167558,0.000672756075483,0.0006929262789568,57.33241715734166,-26.24750783968348,492,496,492,5,59800.02953389339,59800.05731168378,59800.02953389339,0.027777790390246,27.139467,-3.5840034,1,4.328089278846816,14.354177474975586,8.769057273864746,1,17.40051420257074,0.982976609682038,0.4347172803511744,1,0.0954355654425981,0.7468175018868717,0.3466408815719356,2.9239191116252763,0.7153899979478974,0,,,,0.0,-,1736908383939104512,0.3714400933664592,0.320731865830794,[2807],-1,5,1,1,TSS 210939.85+072134.71T59800
458,1,-,55,1,2,43,9.72843388440585,262.0933686267261,0.1229087902453858,0.1300764188835783,10,262,561,1537,10.932324535280063,261.5165588611857,9.72843388440585,262.0933686267261,317.77031652143,6.043247201110814,0.0007208152634324,0.0007563615948404,56.35053008859779,-27.290676623900072,915,916,915,2,59802.967030353575,59802.973974778586,59802.967030353575,0.00694442501117,28.718,-3.6453855,1,3.6193373282029735,14.76114273071289,9.112945556640623,1,13.89781339886903,0.9101061370722128,0.8341565315012345,1,0.0,0.6968098681914014,0.2868105270380066,6.779191670454144,2.33249568939209,0,,,,4.0,-,1733746222856905472,0.9096322129519194,1.6644529101004082,[],-1,2,2,1,TSS 211104.88+060235.69
68,1,-,55,1,2,51,258.1110820501555,186.18902766348307,0.1136297864414501,0.1167359351522044,258,186,809,1717,258.12580610919144,186.27105989331145,258.1110820501555,186.18902766348307,316.7586725011604,4.55794478290912,0.0006611549733018,0.0006807890369232,54.3310508942022,-27.294904201709123,93,100,97,8,59797.25869321482,59797.30730460575,59797.28647115376,0.0486113909282721,53.36934,-4.3182297,1,6.729112373009499,14.5136079788208,9.357728958129885,1,19.239038751738185,0.967331803546238,0.457690895999484,0,0.0970055395109617,0.9601236147936352,0.372690182861744,2.746625216388477,1.930584987160271,0,,,,9.0,-,1732972716426759296,-0.0224638556568379,0.183214892135993,[2386],-1,8,20,1,TSS 210702.08+043328.60
68,4,-,55,1,2,51,257.994659835983,186.30411895868727,0.1101821469551156,0.1112355601411824,258,186,809,1717,257.9203415020983,186.13832976201303,257.994659835983,186.30411895868727,316.7595362513857,4.557542348381866,0.0006397818611601,0.0006499746378487,54.331213044785954,-27.29584363951039,744,746,744,3,59801.77953292066,59801.79342178792,59801.77953292066,0.0138888672590837,81.14359,-4.7731357,1,8.507916242951158,21.097082138061523,10.978751182556152,1,36.19058663366328,0.9927170011147683,0.178731622032392,0,0.0,0.7308815267343616,0.2564067653326443,3.5840896265949524,0.4272800598058698,0,,,,8.0,-,1732972716426759296,0.0939583580269527,0.0681235978247514,[2388],-1,3,20,1,TSS 210702.29+043327.15
140,1,-,55,1,2,52,55.88890059268428,26.19958683147979,0.120985831595014,0.1274035241294461,56,26,863,1557,55.55274750859536,25.9482979120316,55.88890059268428,26.19958683147979,316.150577610241,5.330094004813441,0.0007032830163858,0.0007392840779505,54.67200015733585,-26.3618034576421,314,315,315,2,59798.79342117804,59798.80036563751,59798.80036563751,0.0069444594701053,27.415257,-3.5949807,1,4.324225016926074,13.564166069030762,9.759987831115724,1,14.50143233701475,0.9586110769900688,0.3926953333507303,0,0.0,0.7745227067339315,0.5622002004782992,3.687779546505388,0.3030801713466644,0,,,,9.0,-,1733265766339518848,-0.072716717816661,0.155329452345768,[],-1,2,2,1,TSS 210436.14+051948.34
395,1,-,55,1,2,53,229.8249299540124,172.53295557689464,0.111101163952236,0.1127787176853384,230,173,1293,1704,229.6914440341403,172.71080479609148,229.8249299540124,172.53295557689464,314.10926948320656,3.675506919697413,0.0006334526071966,0.0006533044665039,51.89304808557591,-25.563961162777066,533,536,533,4,59800.31425620133,59800.3350895369,59800.31425620133,0.0208333355694776,38.929466,-3.975696,1,5.668067614688045,11.02476,7.356406,1,25.589728770133853,0.9712611610793468,0.2904625446787852,1,0.2534662876323011,0.8411272122253417,0.4796598714805801,2.512171600015556,0.3638486248240734,0,,,,9.0,-,1731440061641156864,-0.0994160493339677,0.0935672730720398,[2484],-1,4,3,1,TSS 205626.22+034031.82
39,2,-,55,1,2,54,210.13525335829863,103.75517383976576,0.1098933355853342,0.1107067319662777,210,104,1529,1635,209.99859907759668,103.84222375077832,210.13525335829863,103.75517383976576,312.7178522918741,3.5845351991639345,0.0006176613283992,0.0006382319479273,50.99033681382224,-24.438233658975445,2011,2020,2013,10,59816.25160324277,59816.314101784985,59816.26549180827,0.0624985422182362,135.49898,-5.32984,1,10.901677045997884,64.43789,20.015602,1,67.58679142504819,0.9956463299731192,0.1130004256097654,0,0.0164714326459088,0.7504387233020625,0.229481352465377,2.753398327549992,0.1638952504805159,0,,,,1.0,-,1734109401002343168,0.1516605121703378,0.0034275045520644,[2360],-1,10,2,1,TSS 205052.28+033504.33
43,1,-,55,1,2,56,210.66407532745845,28.825734289091976,0.1180158056983177,0.1231955240853164,211,29,2037,1560,210.4155340673821,28.796101736534155,210.66407532745845,28.825734289091976,309.9397638529666,2.998254717366621,0.0006433691651358,0.0006970465061878,48.86573429161498,-22.380259813250746,45,49,45,5,59796.92535768358,59796.95313566536,59796.92535768358,0.0277779817770351,33.093456,-3.7993553,1,4.999656107717146,23.422098,11.236009,1,15.74087513905265,0.9762148721629283,0.2866764421010631,0,0.1603544983531489,0.7583979900638227,0.4029875778576697,2.608860586648773,0.5015272391545877,0,,,,0.0,-,4232868395389674880,0.1238818975677986,0.0759156141664334,[2864],-1,5,1,1,TSS 203945.54+025953.72T59796
733,1,-,55,1,2,56,245.65863979703383,243.89841465411337,0.1122971345991819,0.1146837233168976,246,244,2072,1775,245.6076322639867,243.95727067157245,245.65863979703383,243.89841465411337,310.16960086439906,1.780252887927668,0.0006118611765509,0.0006499581417141,47.858968197206025,-23.20172259468717,1913,1916,1914,4,59815.57106329452,59815.59189615745,59815.57800758216,0.0208328629305469,29.99971,-3.6927927,1,4.945205871628233,15.903486,11.165219,1,21.524901745578767,0.9775819179059866,0.2797617580622574,1,0.1336564115684859,0.8155302800456112,0.2826626408154043,2.239964207929611,0.8961838315483415,0,,,,0.0,-,4231787678536124800,0.0307621766842203,0.1208967011211825,[4031],-1,4,1,1,TSS 204040.70+014648.91T59815
357,1,-,55,1,2,57,234.06678292115035,139.15681267442383,0.1128271936738906,0.1155070892173985,234,139,278,1921,234.21504112370093,139.162059533917,234.06678292115035,139.15681267442383,320.0923797659494,4.480281916199715,0.000664789598018,0.0006777118682055,56.398103120507066,-30.081268745330263,511,516,512,6,59800.16147839005,59800.19620062222,59800.16842283648,0.0347222321652225,31.606985,-3.7494576,1,5.132315196385468,14.797045,7.538412,1,20.463159616432083,0.9838110816289576,0.276539674294451,1,0.0933914756586143,0.8652057311094736,0.3101028210306462,2.135002740136306,0.6562635865126089,0,,,,9.0,-,1732351664155605376,0.1404893175728716,0.1424451085238161,[2499],-1,5,1,1,TSS 212022.17+042849.01T59800
552,1,-,55,1,2,59,110.20427572759094,189.1996081867137,0.1100649678202121,0.111027284282284,110,189,661,1971,110.09111009942004,189.2294211848432,110.20427572759094,189.1996081867137,318.07083324862714,3.448966831058176,0.0006431211187576,0.0006506609105441,54.11063121807288,-28.99942261737371,650,653,651,4,59801.12675591523,59801.147589231245,59801.13370035375,0.0208333160117035,80.31468,-4.761987,1,8.42582311371309,36.36930084228516,14.320390701293944,1,40.71028164010056,0.9831148126535632,0.2320725690727893,0,0.0,0.7953405612938437,0.4071429637192183,2.823275753317405,0.482101444729327,0,,,,9.0,-,1731851283285901568,0.1277659614531785,0.0069449554523544,[4009],-1,4,1,1,TSS 211217.00+032656.28T59801
267,1,-,55,1,2,61,75.88888742346124,87.11132799255212,0.1101149343688655,0.1111167255776178,76,87,1139,1869,75.68398763676296,87.31475612021485,75.88888742346124,87.11132799255212,315.2617022512743,3.0723640128679013,0.0006330964809826,0.0006463907564784,52.01648681018057,-26.858181545629684,601,606,602,6,59800.786478350616,59800.82120055717,59800.793422791925,0.0347222065538517,83.51692,-4.804436,1,8.503136799989925,42.45381927490234,14.90188694000244,1,38.45685991947271,0.9896810691572788,0.1739913951565337,0,0.0,0.8818903588207196,0.2194373284557145,2.8670007901709145,0.0,0,,,,0.0,-,1731137081763309440,0.0397937518425806,0.1235928823844005,[2040],-1,6,1,1,TSS 210102.81+030420.51T59800
220,1,-,55,1,2,63,186.50000000274213,97.7551732773756,0.1178971425956132,0.1230250713133251,187,98,1762,1880,186.58377342208345,97.9068349737327,186.50000000274213,97.7551732773756,311.97058935735646,1.8063830457442769,0.0006593642670918,0.0007023910712168,48.8945581242288,-24.73328259398193,439,441,439,3,59799.66147807878,59799.67536698049,59799.66147807878,0.013888901710743,29.818321,-3.6862082,1,5.007122629204202,14.582926750183104,8.502287864685059,1,15.801567669400905,0.9833760423288536,0.2565293616345852,0,0.1504978069864235,0.4034125245891004,0.388258674126857,2.887531607945036,0.8495965130688313,0,,,,4.0,-,4228823841865208576,0.1620894265997776,-0.0494937288990513,[3338],-1,3,1,1,TSS 204752.94+014822.98T59799
102,1,-,55,1,2,64,42.22646832989199,148.75514923741525,0.1122790497797256,0.114655440951718,42,149,1868,1931,42.015954495883385,148.71073489504772,42.22646832989199,148.75514923741525,311.5138649360359,1.32786691021485,0.0006224351692036,0.0006538337954113,48.18458494166225,-24.58798993275729,120,123,120,4,59797.44619424686,59797.46702768721,59797.44619424686,0.0208334403505432,54.366005,-4.338319,1,6.35880760271848,30.025003,13.017596,1,21.566113103230688,0.9794949522559556,0.2419874099061253,0,0.0,0.766018731286914,0.3021777043204837,3.612182571644976,0.2158357141624381,0,,,,0.0,-,4228707495496396800,0.1580250449860614,0.0453047263067674,[3082],-1,4,2,1,TSS 204603.33+011940.32
622,1,-,55,1,2,64,80.88888791858432,228.08847092767795,0.1184041710882104,0.1237520300404978,81,228,1907,2010,80.71502868702184,228.1282406301349,80.88888791858432,228.08847092767795,311.4667154900932,0.827337336510376,0.0006574758619277,0.0007028299989565,47.68440996610408,-24.80304029089677,1547,1551,1547,5,59813.02945007685,59813.05722731822,59813.02945007685,0.0277772413683123,29.777443,-3.6847186,1,4.768020206914041,17.464705,10.392404,1,15.549586627608472,0.955769854684184,0.5343717988954639,1,0.0978279632200418,0.7749560191374245,0.4208115250473642,2.7986932719385518,0.0842380369411725,0,,,,0.0,-,4228606512223912960,0.1551887982584503,-0.0200484749875613,[3674],-1,5,1,1,TSS 204552.01+004938.41T59813
85,1,-,55,1,3,5,158.68409204295708,245.29964587969005,0.1099390193421653,0.1107953578576187,159,245,1222,245,158.76545223363442,245.315297299751,158.68409204295708,245.29964587969005,320.5636255806538,-7.736686017831335,0.0006264304025389,0.0006029880978345,44.222726132805896,-36.922407061544895,123,131,124,9,59797.46740942148,59797.52296536128,59797.47435391448,0.0555559397980687,104.13344,-5.043976,1,9.539638139452816,55.3668212890625,17.332252502441406,1,52.543685732350745,0.9881684128085388,0.1605980254897508,0,0.0344047636797559,0.9108969333673334,0.2849952851302439,2.1395585117418743,1.4710357702923942,0,,,,0.0,-,6897768299724976000,0.0330012587178316,-0.120597170990095,[2476],-1,9,1,1,TSS 212215.27-074412.07T59797
384,1,-,55,1,3,9,181.9999918663394,128.64094680217426,0.1118286034098943,0.1139464051941516,182,129,226,380,182.06437753895105,128.5166187430067,181.9999918663394,128.64094680217426,314.99960363442773,-8.71522199725472,0.0006166201366175,0.0006018934685458,40.0773683879653,-32.48587738153692,662,664,663,3,59801.21047536762,59801.224364253496,59801.21741981079,0.0138888858782593,48.704082,-4.218913,1,6.185966152696836,22.597442626953125,15.427014350891112,1,22.737111658398756,0.9684782871747338,0.2242327086441409,1,0.1328925284527166,0.9496692418519324,0.2907176227361302,3.278326924317441,0.641840690410215,0,,,,9.0,-,6908636040158024576,-0.0103301845833811,-0.1366945830692429,[2716],-1,3,2,1,TSS 205959.90-084254.80
1281,1,-,55,1,3,10,10.55555555556172,32.477371278480966,0.1216056480496481,0.128269067376478,11,32,306,283,10.855954921493998,32.492029764532816,10.55555555556172,32.477371278480966,315.604497567969,-9.075875648925342,0.0006753060023853,0.0006730445306615,40.01252394960188,-33.181757150562085,1786,1787,1786,2,59814.68952721299,59814.696471502495,59814.68952721299,0.0069442895037354,31.239552,-3.7367618,1,5.053775570461334,13.253665924072266,9.173142433166504,1,14.293783639576564,0.9283829170570768,0.4183856894158965,1,0.0,0.6985145318702803,0.421906560447842,3.239167999210937,1.4414059969783324,0,,,,8.0,-,6896556874135068160,-0.05760898044457,-0.1291083723590986,[],-1,2,1,1,TSS 210225.08-090433.15T59814
222,1,-,55,1,3,11,122.22139139057856,129.33199295874428,0.1165655574184595,0.1210980450869886,122,129,673,380,122.3459705616626,129.90168084657438,122.22139139057856,129.33199295874428,317.3532643999401,-7.987205703686454,0.0006582393700662,0.0006512730549488,42.12278320474742,-34.227875810650886,203,210,206,8,59798.02296835336,59798.07157971588,59798.04380179557,0.0486113625156576,27.285057,-3.5898123,1,4.348187161642394,10.47694492340088,5.039276123046875,1,16.56891797929697,0.9217011092831298,0.5154852401269312,1,0.1283668182725074,0.7485775720101151,0.2969104903490663,3.4951080036189106,1.435771942138672,0,,,,0.0,-,6897197133499089280,-0.150224935579331,-0.067281588968342,[2969],-1,7,2,1,TSS 210924.78-075913.94
260,1,-,55,1,3,11,201.92837958100048,125.64406666666666,0.1164064459892423,0.1208659142644641,202,126,753,377,202.25589459873328,125.3856359146016,201.92837958100048,125.64406666666666,317.7856104477574,-7.872039502564465,0.0006592141976739,0.0006518398966466,42.48655281611767,-34.5542489658655,243,244,243,2,59798.30074748799,59798.30769196422,59798.30074748799,0.0069444762339117,28.134567,-3.6231005,1,4.645543346413644,11.433756828308104,9.159910202026367,1,16.673104284564378,0.9260213170418355,0.4335940586546528,1,0.2092444790244902,0.8006998733497792,0.2788793148231521,3.551471401543356,0.5258051076509542,0,,,,8.0,-,6897156318425135360,0.095314824913089,-0.164953816375089,[2977],-1,2,2,1,TSS 211108.55-075219.34
1272,1,-,55,1,3,17,17.888887275229106,141.00420755016384,0.1139258839323796,0.1171846148022286,18,141,62,648,17.91506242907095,141.22241970234498,17.888887275229106,141.00420755016384,313.6184567029024,-7.607041721023995,0.0006254039565351,0.0006255467735079,40.51116330377685,-30.76520573852761,1676,1677,1676,2,59813.92565492316,59813.93259922104,59813.92565492316,0.0069442978856386,53.545246,-4.321802,1,6.58109340472523,21.81645774841309,14.213823318481444,1,18.86704764902884,0.9705592115090086,0.2522424545968776,0,0.0,0.7436008083535742,0.2891512694390452,3.013593786663312,0.1805173346624428,0,,,,0.0,-,6909760020214659456,-0.1506410515851399,0.0432304079407686,[4841],-1,2,1,1,TSS 205428.43-073625.35T59813
107,1,-,55,1,3,23,70.77777038442166,236.7300287080658,0.1576691597470895,0.1747598306744989,71,237,1646,744,70.41609930137982,236.9733704501897,70.77777038442166,236.7300287080658,321.91306789679345,-4.342060471445978,0.0009249000368314,0.0009804486363802,48.73002249593612,-36.41629480634888,59,61,59,3,59797.02296141646,59797.03685043132,59797.02296141646,0.0138890148664359,22.757137,-3.3927941,1,4.058078357657893,10.60408878326416,6.907989501953125,1,9.654086198387708,0.9311965961389628,0.4409599746673832,0,0.3434444731259282,0.7659103634232305,0.3287677494660345,3.224447413432931,0.605862780679466,0,,,,0.0,-,2672214615895096960,-0.2084215790935104,-0.2458314868048319,[],-1,3,1,1,TSS 212739.14-042031.42T59797
181,1,-,55,1,3,25,165.85695889842827,17.644075889343547,0.1229332696498335,0.130110216283211,166,18,210,781,165.67998339080734,17.700370183634167,165.85695889842827,17.644075889343547,314.1220655135798,-6.686987310065288,0.000684697969497,0.000703712521573,41.72953506329224,-30.785417346235413,101,103,101,3,59797.314630522415,59797.32851951727,59797.314630522415,0.0138889948502765,28.439304,-3.6347973,1,4.480714817776774,14.517827987670898,8.408618927001953,1,13.89084208910181,0.9569962259469968,0.342237364983602,0,0.0,0.770916548687743,0.3719775226235503,2.8429731714179303,0.6776456400125601,0,,,,0.0,-,6910114333540559488,-0.0256296771817972,-0.1330928881640147,[],-1,3,2,1,TSS 205629.30-064113.15
45,1,-,55,1,3,27,169.33816880531992,212.7554065359404,0.1364283989297325,0.1480916164013112,169,213,720,976,169.46430934842718,212.686081766508,169.33816880531992,212.7554065359404,316.4329846307824,-4.792425516503846,0.0007836010103335,0.0008232056132193,44.961450722157984,-31.90713558192247,24,25,24,2,59796.77990346067,59796.78684797928,59796.77990346067,0.0069445186090888,19.28916,-3.2132835,1,3.916879081925733,10.471512794494627,10.001201629638672,1,11.441149703641331,0.9251041634474352,0.585324433935708,1,0.0500062032997024,0.848355190297719,0.2882502517746067,1.8461940344452696,0.470429498515742,0,,,,4.0,-,6912134003256530816,-0.0119541628173465,-0.1567697578155957,[2688],-1,2,2,1,TSS 210543.92-044732.73
453,2,-,55,1,3,28,237.7190999786288,52.17067130662669,0.1104845222221128,0.1117563116016274,238,52,1045,815,237.60363716586048,51.73061647241969,237.7190999786288,52.17067130662669,318.495822420087,-5.067324621324836,0.0006346616507528,0.0006263759313519,45.87316128923913,-33.83410106662891,1877,1880,1877,4,59815.3214572893,59815.342290139655,59815.3214572893,0.0208328503576922,61.49191,-4.472045,1,4.685966829862772,13.5141,6.505088,1,30.515283464978285,0.8917667536219482,0.4757205359318538,0,0.0,0.7056418326191403,0.6011955930297443,3.676953050889969,2.1797778606414795,0,,,,9.0,-,6911638638908447104,-0.3904611216528337,0.083528653778103,[3950],-1,4,2,1,TSS 211359.00-050402.37
1620,1,-,55,1,3,28,238.33333288377676,206.6650750658968,0.1236685031635814,0.1311228004006593,238,207,1045,970,238.09445110354312,207.16944584959836,238.33333288377676,206.6650750658968,318.1960240068336,-4.2420913425713165,0.0007161048954878,0.0007370756636161,46.555927384856616,-33.16615797478568,1619,1624,1620,6,59813.529829832754,59813.56455134268,59813.53677413483,0.0347215099245659,31.22734,-3.7363374,1,4.748734509252552,11.536703,7.4750366,1,13.688574471632638,0.9136087642631046,0.6173938657525501,1,0.2920449549167093,0.8437352395909389,0.3703766039070248,4.328487458092213,1.5443049258880026,0,,,,0.0,-,6912505294590558336,-0.0137614937316357,0.1817654147364464,[4805],-1,6,1,1,TSS 211247.05-041431.53T59813
1694,2,-,55,1,3,29,165.99997851064512,10.977389603388886,0.1655517499990377,0.1843435468598268,166,11,1229,774,166.17725953643466,10.842561173318176,165.99997851064512,10.977389603388886,319.5769107878168,-4.95242468668862,0.0009665107274798,0.0010266643659163,46.638122263256506,-34.713574240808185,2184,2185,2185,2,59817.48112658087,59817.48807084616,59817.48807084616,0.0069442652966245,19.437386,-3.2215948,1,3.985533293629953,10.682879447937012,7.710330009460449,1,9.21979222393275,0.8630230009363706,1.1176829835212294,0,0.0,0.7636889733688125,0.571523346627909,1.5637247211189726,1.5588268041610718,0,,,,0.0,-,6911549780330040064,-0.1963729878755202,0.1584890225547042,[],-1,2,2,1,TSS 211818.46-045708.73
9,11,-,55,1,3,30,134.99999398549528,98.97737130826636,0.1121758903929968,0.1144938531559461,135,99,1454,862,135.26595920241488,99.08359199313765,134.99999398549528,98.97737130826636,320.6336097167712,-4.067177022805575,0.0006513916458549,0.0006489120359176,48.217942449887936,-35.17884622614885,1533,1534,1534,2,59812.93261952621,59812.9395638362,59812.9395638362,0.0069443099928321,51.571903,-4.281033,1,6.873212163671689,27.79089,15.521787,1,21.808785077528952,0.9383010589981512,0.9325624382974772,0,0.0,0.6244654268266527,0.4197746127754488,1.7401755070719465,1.3042265176773071,0,,,,0.0,-,2684252992613934208,0.0032604355633338,2.023585554212445,[1030],-1,2,33,1,TSS 212232.07-040401.84
734,1,-,55,1,3,31,164.4590961788006,150.76969168491055,0.1143143895552275,0.1177699246271136,164,151,1739,914,164.08821030607402,151.10551088574832,164.4590961788006,150.76969168491055,322.0994342011284,-3.251628459661642,0.0006672097999074,0.0006717143474096,50.00560011945607,-36.01074345914885,966,978,973,13,59803.349360929,59808.16183795067,59803.39797190176,4.812477021667291,28.846684,-3.6502397,1,4.699095588683457,11.342942,6.292548,1,18.427067974672088,0.9653598644066728,0.3048458979398369,1,0.7148110496589047,0.0,0.2762878367827828,2.502943959801907,0.521447296779618,0,,,,0.0,-,2684723446152128640,-0.3482840619869876,-0.6855335520663175,[2707],-1,9,1,1,TSS 212823.86-031505.86T59803
281,1,-,55,1,3,32,173.67348126698417,14.418990282611272,0.1126240415099912,0.1151927485641978,174,14,2000,777,173.54066307571182,14.5757201449669,173.67348126698417,14.418990282611272,323.7911142407653,-3.490880017968316,0.0006552380552402,0.0006557605423227,50.86161855509079,-37.57256002646222,310,311,310,2,59798.76602714382,59798.77297161307,59798.76602714382,0.0069444692489923,43.308754,-4.0914392,1,5.973680437031537,18.690094,12.4075,1,20.839854714558665,0.9581333940368416,0.3805261076245287,0,0.0,0.7056194357710431,0.425004310348652,3.687809380518752,0.4747854702537408,0,,,,1.0,-,2672562611325495808,-0.0465648318761395,-0.1140733850238575,[2922],-1,2,1,1,TSS 213509.87-032927.17T59798
1124,1,-,55,1,3,32,227.47066689237235,19.923351864508994,0.2400390449276104,0.2707336482312718,227,20,2053,783,227.24398757486307,19.55635035168047,227.47066689237235,19.923351864508994,324.0762066537615,-3.358314374539637,0.0014130495080233,0.0015276507080305,51.19434695183413,-37.74336911580334,1200,1201,1200,2,59810.62015643165,59810.627100802645,59810.62015643165,0.0069443709944607,15.490868,-2.9751894,1,3.3222633200679104,10.904192,7.5530972,1,6.997573748926956,0.8768632699483334,1.5529585293099348,0,0.0,0.697952496045114,0.6724276653819767,2.7568523511484475,0.5721147656440735,0,,,,0.0,-,2672577725315116672,0.2867090722966168,-0.2021808666967217,[],-1,2,2,1,TSS 213618.29-032129.93
140,1,-,55,1,3,33,28.49999999729911,258.1703219583351,0.2394752597448464,0.270097923408291,28,258,72,1277,28.398714833800828,259.3111529848909,28.49999999729911,258.1703219583351,312.4317923740965,-4.316432919482335,0.0013389309304372,0.0014813757136913,43.21950736871168,-28.183832140438412,39,44,40,6,59796.88407120211,59796.91879376676,59796.8910157156,0.0347225646473816,27.850048,-3.6120648,1,4.115191458750538,11.201510429382324,6.634958744049072,1,7.008135927713443,0.8451198154954136,0.9700552653427864,0,0.2840564924481304,0.775320198886938,0.5610535800774145,8.411656066000647,2.207092919956901,0,,,,0.0,-,6914755582575899520,0.2657401692738688,0.1475447052732761,[],-1,6,1,1,TSS 204943.63-041859.16T59796
1408,2,-,55,1,3,33,28.49999999729911,258.35400964617,0.110618531957834,0.111982084531884,28,258,72,1277,27.17334330485889,257.6826738852328,28.49999999729911,258.35400964617,312.43143158544507,-4.315463853270033,0.0006090233514544,0.0006196950085981,43.22027759803703,-28.183052653087174,1913,1918,1914,6,59815.57145145677,59815.6061728624,59815.5783957379,0.0347214056237135,67.06263,-4.5662017,1,4.029111663092443,26.978742599487305,12.72622299194336,1,29.030649576891957,0.9196577878220308,0.3859413707294233,0,0.040623854301243,0.9016402286625388,0.3640312866688646,8.745464198158169,1.171434998512268,0,,,,8.0,-,6914755582575899520,0.2657401710677476,-0.0361429821903129,[5802],-1,6,2,1,TSS 204943.54-041855.67
2342,1,-,55,1,3,37,68.00000068604554,228.97736850071985,0.1101465339625951,0.1111727839244579,68,229,1131,1248,68.04233356816796,228.90876733174903,68.00000068604554,228.97736850071985,318.1144209264502,-2.584956772993816,0.0006374113842288,0.0006364485554444,48.20755963419992,-32.25968670410034,1317,1326,1321,10,59811.43264582606,59811.4951448712,59811.460423181525,0.0624990451324265,106.84972,-5.0719333,1,4.760183363255854,63.26000595092773,28.160476684570312,1,37.30652255512242,0.8886432541945181,1.3381546591306035,0,0.0147683840135433,0.9535375615958444,0.3400442348828738,0.9922202390913826,1.6669469211970542,0,,,,0.0,-,2685624736453995392,-0.307702604434553,0.4234628288259046,[7837],-1,10,2,1,TSS 211227.46-023505.84
407,1,-,55,1,3,46,232.80495785532537,161.75514455556373,0.1180771891054573,0.1232836206964098,233,162,1552,1437,232.74457659931815,161.62601157847007,232.80495785532537,161.75514455556373,320.0486633275013,-0.7601383307528018,0.000693586823074,0.0007132017771391,51.254349833492334,-32.953223750218164,705,709,705,5,59801.50908635376,59801.536864114336,59801.50908635376,0.0277777605806477,34.347786,-3.839747,1,5.380418574175751,13.377859,7.3777266,1,15.709904141366312,0.9068581604619266,0.8081847440673058,1,0.0,0.5682996656753803,0.4521522305648214,3.1011873712605187,0.8777682145705727,0,,,,8.0,-,2686250465939637888,-0.0999750918469999,-0.1129290964490792,[2411],-1,5,2,1,TSS 212011.68+004536.50
1337,1,-,55,1,3,47,150.34187890305864,161.79348338630234,0.1538360908522762,0.1700481042127122,150,162,1725,1437,150.15168232541794,162.20277008283784,150.34187890305864,161.79348338630234,321.0057971349542,-0.4267088140785702,0.0009122148646475,0.0009806150379346,52.20687997590666,-33.58003139553155,1456,1459,1456,4,59812.39790736606,59812.418740319794,59812.39790736606,0.020832953734498,26.700485,-3.566298,1,4.343852020359799,13.349205017089844,9.207213401794434,1,9.896827633320186,0.9167829086551889,0.4492007370160057,1,0.0216560875027005,0.8323227829152247,0.5993917151450252,5.965235058938418,0.0,0,,,,9.0,-,2686321796756905216,-0.0913953954805038,0.4342654411020703,[3315],-1,4,2,1,TSS 212401.39+002536.15
617,1,-,55,1,3,49,125.07840606483802,190.75518989864776,0.1139418999436854,0.1172088184679263,125,191,169,1722,125.2053179973327,191.0753266774908,125.07840606483802,190.75518989864776,312.06037530234806,-1.7837471460650467,0.0006319076149855,0.000659881998841,45.50857750501584,-26.62726653256284,1348,1349,1348,2,59811.647920249394,59811.65486458268,59811.647920249394,0.0069443332831724,43.847874,-4.1048713,1,5.587301386090853,10.974557876586914,9.476823806762695,1,18.8478926090887,0.9771808240538872,0.2637404256950772,1,0.0753143789276269,0.8637638567602641,0.1997368530546057,3.1678853292780644,0.0,0,,,,0.0,-,4226711130272747392,-0.1179335864869131,0.0415267008881983,[4576],-1,2,3,1,TSS 204814.49-014701.49
721,1,-,55,1,3,50,54.88889639133118,250.95283624534625,0.1463445162891429,0.1607241180737827,55,251,350,1782,54.7539424852888,251.06647966599232,54.88889639133118,250.95283624534625,312.8840256847445,-1.1334542814301167,0.0008279008889307,0.0009064393240893,46.6001008160275,-27.017138124461333,1580,1584,1580,5,59813.259001984654,59813.286779206,59813.259001984654,0.027777221344877,30.650402,-3.7160902,1,4.897214100283454,12.394489288330078,6.951385498046875,1,10.452501920765704,0.8404801482259379,0.5869666535314296,0,0.1772873813191904,0.840564503392147,0.4888582497163424,2.010383893198576,0.3289119590852211,0,,,,8.0,-,4226875026224807680,-0.1602540871227802,-0.0727283203307251,[3379],-1,4,1,1,TSS 205132.17-010800.44T59813
733,1,VRM,55,1,3,50,192.7361792024129,236.8662691475066,0.1110524532244955,0.1126992708520985,193,237,488,1768,192.5691315587156,236.81480155657104,192.7361792024129,236.8662691475066,313.6365178111048,-0.9565618596630484,0.0006266004805025,0.0006429773693989,47.19860687542765,-27.57792488902623,1865,1872,1865,8,59815.23812588182,59815.28673587064,59815.23812588182,0.048609988822136,49.7872,-4.242794,1,5.440243238809002,22.574073791503903,9.098087310791016,1,25.853474553899733,0.982484482550094,0.2303801481687298,1,0.0848324193038582,0.7472340003446121,0.4145571561684203,2.4589127748260275,1.0003327959483082,0,,,,0.0,-,4227198759384210304,-0.1284254030018132,-0.0444481370820994,[3383],-1,7,1,1,TSS 205432.76+005723.62T59815
731,1,-,55,1,3,53,172.93062699919412,207.62634478581103,0.1142509742625959,0.1176746370847177,173,208,1236,1739,172.92510575998895,207.01195585980523,172.93062699919412,207.62634478581103,317.7214859141744,0.2930764269078975,0.0006661739694802,0.0006826500212202,50.84263384695532,-30.42299053365988,1024,1026,1024,3,59808.48128064397,59808.49516945814,59808.48128064397,0.013888814166421,86.09757,-4.837477,1,8.703189147603542,36.505215,18.469757,1,18.495558205684656,0.9735160548221934,0.2157678272243998,0,0.0,0.8175345712197268,0.3405488133270246,2.6098306263540687,0.0110593860401557,0,,,,13.0,-,2690358134005917056,-0.1033601285419081,-0.0967435969130292,[3124],-1,3,1,1,TSS 211053.16+001735.08T59808
838,1,-,55,1,3,55,175.29639216648863,69.04252142493421,0.1237173483176569,0.1311899021158412,175,69,1750,1600,175.3951232406243,69.15346489485285,175.29639216648863,69.04252142493421,320.82466725092274,0.5205910923440252,0.0007308273857698,0.0007625187905607,53.03783243890322,-32.91126696204111,956,957,956,2,59803.27991667701,59803.28686110249,59803.27991667701,0.0069444254768313,38.23124,-3.956046,1,5.640523895377754,16.530079,11.5873995,1,13.675603201188943,0.9707774583246308,0.3593522989766067,0,0.0,0.6811201948967731,0.2111845516931804,2.4509996240182392,0.8188581383273846,0,,,,4.0,-,2690954412906356352,0.1065714760359242,0.0769909147572889,[],-1,2,1,1,TSS 212317.92+003114.13T59803
1306,1,-,55,1,3,59,63.88186382233043,104.08852932244996,0.1117944427072882,0.1138922467319477,64,104,615,1886,62.91620920072632,104.63241968562812,63.88186382233043,104.08852932244996,314.07876103108094,-0.0790742003035168,0.0006349117382236,0.0006534220526423,48.3042955297002,-27.511258751292303,2522,2528,2523,7,59819.828285748205,59819.869951256136,59819.83522999999,0.0416655079316115,73.924255,-4.6719675,1,3.6257569554259095,23.852869,8.913057,1,22.839406334021717,0.9117761404496068,0.4653318197259371,0,0.0,0.8416453039311264,0.4985629509982235,3.4158272567201093,0.503136396408081,0,,,,9.0,-,4227412309454319360,0.0312750907688723,0.1188851937818071,[],-1,7,4,1,TSS 205618.90+000444.67
1167,1,-,55,1,3,64,179.4999999972991,182.60432933493016,0.1139033327980234,0.1171505239721047,179,183,2005,1965,179.88271596659663,182.47653069809644,179.4999999972991,182.60432933493016,321.52707159484976,3.0360369702671446,0.000672583577841,0.0006872119971921,55.974176637369055,-32.082129375316214,2234,2235,2234,2,59817.82833979699,59817.83528405996,59817.82833979699,0.006944262968318,45.46791,-4.1442623,1,6.342333958094979,18.80131149291992,11.76358413696289,1,18.8941781649816,0.926469620673201,0.5860250306687123,0,0.0,0.1976701252847374,0.299865342146237,2.461856955792508,1.4972215509194675,0,,,,12.0,-,2691980742586527488,0.1797230313748059,-0.0392826901606895,[2497],-1,2,1,1,TSS 212606.50+030209.73T59817
116,17,-,55,1,4,12,7.888898819715654,200.0885557980233,0.1098832108150074,0.110686267688215,8,200,815,451,7.762754137672702,200.25424106571143,7.888898819715654,200.0885557980233,329.73077480448484,-3.334535704477572,0.000619427610763,0.0006237459820939,55.27140348578519,-42.45057435433851,1382,1392,1382,11,59811.88406078066,59811.95350560262,59811.88406078066,0.0694448219583137,133.26906,-5.3118234,1,10.822360438416268,41.693264,15.803196,1,76.19399511364745,0.9117232537852324,0.4566210805698749,1,0.1186773131054476,0.788259316460627,0.1895282762872848,2.7952001924248555,0.395425667085086,0,,,,9.0,-,2670326062939914112,-0.1239858784031184,-0.1609580000429673,[1333],-1,11,43,1,TSS 215855.39-032004.33
1286,1,-,55,1,4,12,17.241001629073434,212.18598403673016,0.1115610407889437,0.1135205795600727,17,212,824,463,17.273055655063143,212.1529775377479,17.241001629073434,212.18598403673016,329.7594418930309,-3.25220036422776,0.0006295626838096,0.0006393188955135,55.38531857078473,-42.42753889545381,2558,2560,2558,3,59820.07848754247,59820.09237632869,59820.07848754247,0.0138887862267438,65.57476,-4.5418415,1,7.258362710125352,28.265692,14.293103,1,23.604753119525917,0.9765632187017188,0.3020831094573608,0,0.0,0.0327701511975982,0.3429716704788056,2.527576512318613,1.2010322957394248,0,,,,0.0,-,2670344411040701184,0.0676035661473406,-0.1313070239874605,[2093],-1,3,2,1,TSS 215902.27-031507.92
166,2,-,55,1,4,15,100.95974463216412,260.39778911059506,0.1630410661158332,0.1813053482190298,101,260,1676,511,100.3039813044429,258.95769570058184,100.95974463216412,260.39778911059506,334.1516247898294,-1.3306749345101458,0.0008875478173667,0.0010033766130807,61.120655057120025,-44.821409125214046,607,639,619,33,59800.82832977297,59801.05055677691,59800.91166490806,0.2222270039346767,37.33382,-3.9302561,1,4.226180657577408,19.63134384155273,11.527440071105955,1,9.349862062564872,0.798781324062276,0.7715267554678165,0,0.0839340108823468,0.9799016301425312,0.43541681101774,12.468967358487545,0.0,0,,,,0.0,-,2677700762305798400,-0.1547271535455365,-1.7923846067525346,[1566],-1,32,6,1,TSS 221636.39-011950.43
2273,4,-,55,1,4,17,197.49999999896835,101.47738792597605,0.1237247328634271,0.1312000449370869,197,101,241,608,197.80557296178952,102.03025239249112,197.49999999896835,101.47738792597605,326.3411193092996,-3.6162188045494807,0.0007164190351771,0.0007406010147887,52.47258863738837,-39.78893925448743,2768,2778,2770,11,59823.50207268076,59823.57151665707,59823.51596147584,0.0694439763174159,38.939518,-3.9759765,1,6.637499366798542,17.60837173461914,7.265141010284424,1,13.67364700828433,0.8514442443500068,0.6369269172596536,0,0.1382605534817322,0.8107806878236534,0.2976490083498623,3.169468833703047,1.2455024803737986,0,,,,9.0,-,2673119891922027520,0.0838159606826138,0.4346519817431726,[4158],-1,11,4,1,TSS 214521.87-033658.39
543,2,-,55,1,4,18,149.2040548888681,240.243189711791,0.1358714087707033,0.1473700605489888,149,240,444,747,149.00533224508598,240.4118875915776,149.2040548888681,240.243189711791,327.19003321284816,-2.4784209175086165,0.000788414098198,0.0008358126948066,54.31715190095346,-39.870702683236,2601,2606,2606,6,59822.3423587369,59822.37708069247,59822.37708069247,0.0347219555624178,37.322067,-3.9299142,1,5.432145211074801,19.462570190429688,5.108910083770752,1,11.509346784898383,0.8779599983895421,0.9408559902270688,0,0.0,0.5184900611529372,0.5398474022001858,1.4397338147276104,0.8348360657691956,0,,,,8.0,-,2673784271823135616,1.9043320614209165,-0.2110911355576945,[3137],-1,3,2,1,TSS 214845.61-022842.32
241,1,-,55,1,4,22,74.66666666653684,211.4094774605048,0.1188347291526978,0.1243666406514226,75,211,1394,718,74.6787162737182,211.3717766238132,74.66666666653684,211.4094774605048,332.3366705226557,-0.7828574285152362,0.0006599557486178,0.0007020964318301,60.16869953132549,-43.054135222804575,485,486,485,2,59799.98108862955,59799.98803323384,59799.98108862955,0.0069446042907657,30.122643,-3.6972327,1,5.085788849898991,11.605659,7.986453,1,15.34962823280919,0.9666413373505098,0.3996212598263365,0,0.0,0.7031812158127319,0.1174040504245387,1.2448071055458692,1.0311148166656494,0,,,,0.0,-,2677286761818357376,0.0164646352573072,-0.1979338202713734,[2759],-1,2,2,1,TSS 220920.80+004658.29
116,2,-,55,1,4,23,72.10976683069025,169.86469417528014,0.1103304256623853,0.1114932652901668,72,170,1647,677,71.9300130139587,169.995668135341,72.10976683069025,169.86469417528014,333.7278477321197,-0.5135380343522978,0.0005998073274233,0.0006280145937206,61.64653980438527,-43.981115550168255,602,607,602,6,59800.793606797146,59800.82832977297,59800.793606797146,0.0347229758262983,51.844475,-4.286756,1,6.556577879053519,13.103726,7.3324275,1,32.82090023317059,0.9837970134572492,0.255960787455207,1,0.1119393802886821,0.7483951864775507,0.3528804493821193,3.003919809098096,1.0843858473527064,0,,,,9.0,-,2678579650053406720,0.0556176241941557,-0.1101673713623085,[1878],-1,6,10,1,TSS 221454.68+003048.74
846,1,-,55,1,4,23,102.88888917927972,81.4009821630186,0.1128693122431532,0.1155720809668946,103,81,1678,588,102.9420825644814,81.7106966613989,102.88888917927972,81.4009821630186,334.03408081793856,-0.9217146088635848,0.000610953968187,0.0006473649116059,61.4682434194182,-44.47512880330356,1592,1595,1592,4,59813.34239925903,59813.36323262999,59813.34239925903,0.0208333709597354,32.09093,-3.765956,1,5.18407717930732,14.746517,8.685051,1,20.38907842417115,0.9490261240887634,0.3099414078015839,1,0.0529757078845328,0.835010471680766,0.2703971636267908,2.885850289271316,0.4547706412856723,0,,,,0.0,-,2677791304511397888,-0.1810024129661087,-0.0803652209037864,[3147],-1,4,2,1,TSS 221608.18+005518.17
845,1,-,55,1,4,24,229.0221138281946,150.77624497768787,0.1182449287688688,0.1235240933512982,229,151,2055,658,228.73871483144097,150.78951059456512,229.0221138281946,150.77624497768787,335.8346783646063,0.1670119533284449,0.0006241011574082,0.0006860274232396,64.26809689878078,-45.17083851756584,1509,1512,1510,4,59812.76600896828,59812.78684236532,59812.772953434265,0.0208333970440435,33.008865,-3.7965765,1,4.9700463841751485,15.329784,8.282784,1,15.62670193057767,0.9658531826540012,0.2783457310265789,0,0.066480593926458,0.9153654088145646,0.2661380419125065,2.700508384264168,1.016669582519892,0,,,,0.0,-,2678299858704132736,0.3995986633062784,-0.4976456346922759,[3494],-1,4,1,1,TSS 222320.32+001001.24T59812
816,1,-,55,1,4,25,186.81939013982608,88.59985769522626,0.1580218841694001,0.1751916114172176,187,89,231,852,186.8467046734955,88.86248939179094,186.81939013982608,88.59985769522626,325.82875517430455,-2.3302974498501943,0.0009259653079329,0.0009954299128439,53.5009862776865,-38.65723764411893,1112,1114,1113,3,59809.09236060929,59809.10624971915,59809.09930516422,0.0138891098613385,21.832285,-3.3477478,1,3.887197023584417,11.568495,7.47759,1,9.632904743449489,0.8914011169715742,0.6344766544430961,1,0.1517941602790365,0.9112399320163242,0.46144841761388,2.853537283833926,0.607122966307324,0,,,,0.0,-,2674210092060997248,-0.0064929044414157,0.1787261632258605,[2258],-1,3,1,1,TSS 214318.90-021949.07T59809
835,1,-,55,1,4,35,48.50000000000004,191.5194456938829,0.11000015861227,0.1109094155381603,49,192,600,1211,48.02472519136781,191.48502264571056,48.50000000000004,191.5194456938829,327.1776134192263,0.3403439981079675,0.0006374237169715,0.000643891670555,57.28566499739712,-38.24776378848689,1094,1095,1094,2,59808.96735863122,59808.97430318522,59808.96735863122,0.0069445539993466,122.21323,-5.2177954,1,11.01343883679953,61.37854,43.73368,1,45.00180091169891,0.7856985980273237,0.5177797664828144,0,0.0,0.7714596836972099,0.6241117351523988,1.673759555536665,0.0,0,,,,0.0,-,2681167698562107904,0.6730234491851661,-1.624894624636681,[3238],-1,2,2,1,TSS 214842.63+002025.24
1317,2,-,55,1,4,35,212.50856562620623,142.30286751382712,0.1155998400571324,0.1196823594583135,213,142,764,1161,212.5025268137817,142.0,212.50856562620623,142.30286751382712,328.1655765089182,0.3891920523575768,0.0006678705165002,0.0006912249038751,58.08093953928661,-39.017502041525496,2655,2656,2655,2,59822.71735591484,59822.72430030818,59822.71735591484,0.0069443933462025,44.866745,-4.1298113,1,6.176742348618255,18.622972,11.080942,1,17.254133564901256,0.7929936406536781,0.6238697130915761,0,0.0,0.6660316072620729,0.702875733536688,3.3244638714323043,0.0,0,,,,4.0,-,2681039502378287744,-0.3859492118360776,0.089214706678149,[],-1,2,2,1,TSS 215239.74+002321.09
148,1,-,55,1,4,37,10.111126700439874,210.86624639888697,0.1497463079270987,0.1649782833765818,10,211,1073,1230,9.927713270164974,210.4982409222875,10.111126700439874,210.86624639888697,329.71997784322974,1.361269526241231,0.0008626165215599,0.0009455587125039,60.29491747687592,-39.67265298974999,124,129,125,6,59797.47408015086,59797.508803375815,59797.48102479613,0.034723224955087,18.970423,-3.1951926,1,3.573111508370307,10.493782043457031,6.285186290740967,1,10.184935454352567,0.8590280020995088,0.5937256094536758,0,0.2508279676402875,0.8040658470487563,0.3471307572089663,3.1585916415527016,0.3797678275805994,0,,,,0.0,-,2681582283165198336,0.2856992513409295,-0.2324687891687062,[],-1,6,1,1,TSS 215852.79+012140.57T59797
1035,1,-,55,1,4,38,108.559589956699,120.41406367300598,0.1183728489685737,0.1237072230723116,109,120,1428,1139,108.4036401103695,120.72236655459932,108.559589956699,120.41406367300598,331.78025869741043,1.5466389971887662,0.0006645003206811,0.0007071184667754,62.16577912840636,-41.17208997669064,1488,1489,1488,2,59812.62017516058,59812.62711962844,59812.62017516058,0.0069444678520085,33.127205,-3.8004618,1,5.381498994289947,16.719526290893555,12.06466293334961,1,15.564614503802565,0.9400764899732884,0.3227085746942301,0,0.0,0.7401424295817447,0.1288448752218841,2.4101956238610613,0.3573022594632525,0,,,,0.0,-,2682337712077932032,0.1309053199172467,0.0398110670264486,[4042],-1,2,1,1,TSS 220707.26+013247.90T59812
1069,1,-,55,1,4,38,92.66666664521615,230.38452334360773,0.1137925287504135,0.1169828281324827,93,230,1412,1249,92.91353381794768,230.48177708659847,92.66666664521615,230.38452334360773,331.50046826023515,2.1134438417008248,0.0006400199146784,0.0006715937078309,62.51390538693262,-40.59745847144846,1548,1556,1548,9,59813.03684305112,59813.0923987404,59813.03684305112,0.0555556892795721,35.07808,-3.8625896,1,5.424048632095234,14.27585792541504,7.248270511627197,1,19.03026971895571,0.8927781254305364,0.5637062844311698,1,0.1835208039684236,0.8266089446292855,0.2804353625070926,2.507161672665295,0.9517959639342848,0,,,,0.0,-,2683195679039757056,0.1567942079907425,0.0343203624518082,[4080],-1,9,2,1,TSS 220600.11+020648.40
1073,2,-,55,1,4,38,30.888910247329544,63.86631234316189,0.1558079760291831,0.172476564603845,31,64,1350,1083,30.57010427151174,64.0687267958948,30.888910247329544,63.86631234316189,331.4680223233112,1.0921965986947584,0.0008828442015715,0.0009803964416866,61.435174576201646,-41.21334789586554,2611,2617,2611,7,59822.41180264897,59822.45346899834,59822.41180264897,0.0416663493742817,22.765182,-3.393178,1,4.147215693534816,13.982330322265623,3.490964651107788,1,9.768977023033075,0.8846645368132652,0.7951833996296296,0,0.0,0.2704459802796877,0.3914953883787253,2.412703026093378,0.4332995414733886,0,,,,1.0,-,2682216525280193792,-0.5289965243182451,0.1250924587272948,[],-1,3,2,1,TSS 220552.33+010531.91
88,1,-,55,1,4,39,55.11111569839278,96.1770450068926,0.1128882358039136,0.1156012618010742,55,96,1630,1115,54.99460114905707,96.11357384603556,55.11111569839278,96.1770450068926,332.89030946285845,1.799207867634513,0.0006242306971538,0.0006590359923595,63.36766844956637,-41.86866482614751,197,198,197,2,59797.981038810416,59797.98798344404,59797.981038810416,0.0069446336274268,37.351494,-3.93077,1,5.532452384526579,16.902414,11.474904,1,20.35621380426449,0.9762457402536376,0.2393696072271603,0,0.0,0.1471106136292356,0.2973664555504677,3.093717325428223,0.4519108317200109,0,,,,4.0,-,2682547482575589632,2.2563874950378704,-0.8088636117097394,[1998],-1,2,2,1,TSS 221133.67+014757.15
1068,1,-,55,1,4,42,167.99997471413417,229.38505455683529,0.1104891264574865,0.1117641106871202,168,229,463,1504,168.02425027831416,229.5240571339952,167.99997471413417,229.38505455683529,325.8720771892666,1.6922451449941154,0.0006456802116642,0.0006532171055636,57.69857501997499,-36.39745255419354,1684,1696,1685,13,59813.98128890645,59814.064622282734,59813.98823335474,0.0833333762857364,58.540493,-4.418641,1,7.399153147492558,30.421991,8.743604,1,30.457793449021707,0.9895517680811824,0.2589562594542072,1,0.0180500331027981,0.8715196084668324,0.3196065000179938,2.5313316032378768,0.4617622598013032,0,,,,0.0,-,2693652133403728384,-0.06773529714917,0.0897081961873027,[3307],-1,10,1,1,TSS 214329.30+014132.08T59813
107,2,-,55,1,4,43,56.24093673526038,94.19965673396185,0.110116208446714,0.1111189928577552,56,94,607,1369,56.38553179290771,94.10593655308644,56.24093673526038,94.19965673396185,326.92235337595986,1.226479692881995,0.0006398683042296,0.0006474227996353,58.00319607142692,-37.51997253688791,2036,2054,2037,19,59816.425729894,59816.55072947578,59816.43267431575,0.1249995817779563,68.02112,-4.5816092,1,7.487525488889107,24.638548,9.282601,1,38.40699998728992,0.9844269345370988,0.2340895791416885,1,0.0726997873861418,0.8297040224743614,0.3354974209040099,2.6743826291025496,0.6156324738887442,0,,,,8.0,-,2693399211370183552,0.1208458683986464,0.0049477711581857,[1714],-1,18,3,1,TSS 214741.36+011335.33
356,1,-,55,1,4,43,223.23226535413423,74.75141749856412,0.1105417544393713,0.1118530359959977,223,75,774,1350,223.50263505300697,74.783303540609,223.23226535413423,74.75141749856412,327.8740881708412,1.4424554682271633,0.0006392364069388,0.0006504042778025,58.940508573513696,-38.15559248862818,705,708,706,4,59801.508899745626,59801.52973350961,59801.51584433362,0.0208337639851379,67.84002,-4.578715,1,7.700143017006344,15.848942,9.005167,1,29.836239319797595,0.8795682614455732,0.5684357400008101,1,0.0655801500326707,0.926133352107886,0.1875781566228664,2.3715182922399927,0.4964959152244662,0,,,,9.0,-,2693725392661559936,0.42326568849262,0.2804403754823852,[2073],-1,4,6,1,TSS 215129.78+012632.84
414,1,-,55,1,4,46,148.1111953646655,235.3542228861528,0.1098768171717368,0.1106730236955881,148,235,1467,1510,148.1956292211,235.47782579372785,148.1111953646655,235.3542228861528,331.32770175551485,3.6405256424731487,0.0006183576679133,0.0006384925122929,63.9050969884384,-39.4894953246237,606,613,606,8,59800.821385178,59800.86999734191,59800.821385178,0.0486121639187331,193.8684,-5.7187676,1,13.201792801395523,82.99811553955078,26.07500267028809,1,86.07534958191819,0.9969872598911428,0.0855405663875572,0,0.0570185154190348,0.9008321054661746,0.1440886614821461,2.3728888943583093,0.2516855686117918,0,,,,0.0,-,2683923757601130752,0.1225506860487257,0.0184340108871765,[2363],-1,8,2,1,TSS 220518.65+033825.89
312,9,-,55,1,4,48,53.44347187075317,24.86627492962792,0.1157395342609297,0.119888179625606,53,25,1879,1300,54.31672452104463,24.71354487749393,53.44347187075317,24.86627492962792,333.86934866244377,3.2602359576291198,0.0006331574745982,0.0006808302871074,65.70805349081229,-41.658947340118765,1504,1505,1505,2,59812.731286637856,59812.73823110432,59812.73823110432,0.0069444664623006,34.59881,-3.847653,1,5.669916462521391,19.97402000427246,11.497552871704102,1,17.146526574625348,0.8175070084145993,0.9251255292947465,0,0.0,0.6331284207650065,0.6108723847331927,2.3519584011678147,2.299715757369995,0,,,,4.0,-,2706964985833445888,-0.7579615992870004,-2.0776819722329947,[2318],-1,2,26,1,TSS 221528.64+031536.85
489,1,-,55,1,4,48,208.5000000027009,110.14691855978263,0.1154359635630785,0.1194404379210071,209,110,2035,1385,208.1820341176235,110.26567638015672,208.5000000027009,110.14691855978263,334.5223341674084,4.002287382779684,0.0006255525773324,0.0006760901851278,67.0297371607359,-41.64822946880871,1034,1038,1034,5,59808.550685490816,59808.57846369472,59808.550685490816,0.0277782038974692,41.57582,-4.047102,1,5.707123693612344,14.16064453125,6.170218467712402,1,17.384574747315934,0.9667633965965904,0.295604955996213,0,0.204602123137669,0.8219111701118931,0.3372255543259162,3.508064560691212,0.6804136846392987,0,,,,8.0,-,2707111637491431808,0.0955714412280031,0.1375488769915591,[2949],-1,4,1,1,TSS 221805.36+040008.23T59808
166,1,-,55,1,4,49,208.3830454617756,122.86629129650954,0.1226595959691782,0.1297320556470595,208,123,252,1654,208.2478251901305,122.60172543157114,208.3830454617756,122.86629129650954,324.42014552353265,2.1103822470976974,0.0007242242228741,0.0007570302066602,57.06964078901424,-34.976290854617574,276,281,276,6,59798.52966444472,59798.56438756118,59798.52966444472,0.0347231164560071,31.362207,-3.7410166,1,5.165187460484554,15.38133,3.8422947,1,13.969698990292091,0.9386133317242192,0.7157991253521252,0,0.0,0.1805607562181432,0.1451681280096802,1.9493073634992093,1.1180750131607056,0,,,,4.0,-,2694572635090451072,-0.4391765345798433,0.2359651705580745,[2637],-1,3,2,1,TSS 213740.83+020637.38
1335,1,-,55,1,4,51,165.73271914924217,130.08849199888007,0.1130911307806455,0.1159133939613755,166,130,717,1661,165.60856657610194,130.4267132907281,165.73271914924217,130.08849199888007,326.9734360415009,3.048062790143529,0.0006591444169073,0.0006767390922039,59.86716724955656,-36.468946149765,1439,1443,1439,5,59812.27989606439,59812.30767396142,59812.27989606439,0.0277778970266808,32.964375,-3.7951121,1,5.032720873771511,11.784923553466797,7.22022008895874,1,20.01917255631522,0.9518272434988816,0.5035478433341278,1,0.1011918111630142,0.834563431353176,0.3268647184709626,2.3090350917102995,0.6527642975357527,0,,,,4.0,-,2694982993445459328,-0.1858355775417521,0.3526061602112804,[4629],-1,4,1,1,TSS 214753.62+030253.03T59812
955,1,-,55,1,4,55,68.3333353010297,170.74501126148817,0.1103133632887473,0.1114638697403867,68,171,1643,1702,68.36671488242987,170.96259361416207,68.3333353010297,170.74501126148817,331.92080523771057,5.010987572883479,0.0006169613932515,0.0006409832098993,65.74495035294248,-39.04339479518583,2667,2670,2667,4,59822.80068863967,59822.82152182251,59822.80068863967,0.0208331828398513,68.4627,-4.588635,1,7.597940528136649,21.36075592041016,13.81856632232666,1,33.13461404229625,0.9193927176271424,0.4202924251249262,1,0.0496531139652414,0.9138412651170098,0.3122485405638948,3.172953782170561,1.3654193220089794,0,,,,9.0,-,2720181738369668864,0.1371772122868151,0.0277543623506062,[2913],-1,4,1,1,TSS 220740.99+050039.56T59822
69,38,-,55,1,4,60,199.22223708621397,197.08851482209013,0.1166103566075095,0.1211633275829269,199,197,1006,1979,199.43565200087383,196.76404542399817,199.22223708621397,197.08851482209013,327.9627720460044,5.357303467858303,0.000676785923448,0.0007045785960752,62.868441933260925,-35.811653954739775,2577,2608,2602,32,59822.17569336128,59822.390969474975,59822.34930312792,0.2152761136967456,59.30404,-4.4327106,1,7.32391715201813,21.972057,4.279145,1,16.540132892511274,0.9381835268915674,0.6869633996781925,0,0.0,0.0589056167751411,0.4811873483717692,2.454183345677439,2.016746999460191,0,,,,9.0,-,2697008018986093440,0.0010130991410051,-0.7155339460227879,[1840],-1,21,38,1,TSS 215151.07+052126.29
239,1,-,55,1,4,61,157.80413613977112,21.856552619618675,0.1157343837367104,0.1198805975148134,158,22,1221,1804,157.70377079611922,21.86755615732367,157.80413613977112,21.856552619618675,329.4632200321935,4.79192242942689,0.0006644967404291,0.0006945985104697,63.50846750760076,-37.32465591254766,186,196,188,11,59797.90464783397,59797.97409417678,59797.91853710357,0.069446342808078,26.654871,-3.5644414,1,4.773689815116725,10.416786,6.2080135,1,17.150437692975856,0.9624982056586744,0.5295231145954896,1,0.0147680939197714,0.6861856786343861,0.4062683823699864,2.158607487808077,0.7541164457563044,0,,,,0.0,-,2696333880919256448,-0.0896101949356307,0.130126930997676,[2687],-1,10,10,1,TSS 215751.17+044730.92
1032,1,-,55,1,4,61,248.77225740845927,88.19734883389945,0.113852312689152,0.1170733476857098,249,88,1312,1870,248.78241940742257,88.39668554395878,248.77225740845927,88.19734883389945,329.8334120048903,5.32605409508912,0.0006510299263651,0.0006775927354699,64.32074168463865,-37.263744813806994,1729,1732,1730,4,59814.29378900386,59814.314622337566,59814.30073344843,0.0208333337068324,28.990534,-3.6556406,1,4.792647263613971,11.305958,8.466175,1,18.95625875216011,0.9801817340860102,0.2909401179416402,1,0.1434539827853491,0.9179602811333556,0.379667297283752,2.8071139026327856,0.3237888239452601,0,,,,0.0,-,2696482177550038528,0.1424375512028746,0.1428445804272087,[6017],-1,4,2,1,TSS 215920.02+051933.79
1020,1,-,55,1,4,62,32.13838464477351,200.9641184807581,0.1108072162270513,0.1122962344426099,32,201,1351,1983,32.17614434419885,200.9559197595193,32.13838464477351,200.9641184807581,329.83710667197755,6.018813547452471,0.0006322762168669,0.0006500887649302,64.98399892999642,-36.81692384359864,2110,2119,2112,10,59816.93961692679,59817.00211667693,59816.95350576052,0.0624997501436155,46.97684,-4.1797094,1,6.183835544190106,12.623695373535156,7.677231788635254,1,27.424010455946064,0.9723616115300908,0.4728127635525381,1,0.0642086907174646,0.9141847604208496,0.3433645190901407,2.328867472449136,0.9129923909911842,0,,,,0.0,-,2697293097439878656,0.1000695261498094,-0.0734059224014345,[7283],-1,10,3,1,TSS 215920.91+060107.73
106,6,-,55,1,4,63,112.927084115325,250.4773999999999,0.140208203697139,0.1529520223036308,113,250,1688,2032,113.17359094518798,250.4693711366372,112.927084115325,250.4773999999999,331.5573605757262,6.8982592659103,0.0007928692191885,0.0008718129795462,67.23101103454687,-37.51634637537372,2550,2551,2551,2,59820.02293239614,59820.02987678949,59820.02987678949,0.0069443933534785,41.803074,-4.0530205,1,5.462744036416454,11.3292265,9.789764,1,11.019309664200012,0.866839965631055,2.129402901418011,1,0.1237699340475517,0.1918295228872825,0.4694613300439836,1.6986338654066966,2.0334579645395667,0,,,,9.0,-,2720725549948828672,1.211392103784874,0.7735910048213555,[2537],-1,2,34,1,TSS 220613.77+065353.73
1684,1,-,55,1,4,63,102.5000263755838,230.4774,0.1137630205506861,0.1169381146430152,103,230,1678,2012,102.54302440032174,230.4761968148904,102.5000263755838,230.4774,331.5383037147016,6.770455369010252,0.000639121510058,0.0006702758392548,67.09551935264498,-37.58813312577898,2550,2551,2551,2,59820.02293239614,59820.02987678949,59820.02987678949,0.0069443933534785,78.85605,-4.7420874,1,8.28290800761352,23.218214,20.565147,1,19.06731748181552,0.8987017724912645,1.0104196282087614,1,0.0269577174635781,0.8742534174755576,0.4647757566001288,1.5946933099009002,1.1087682247161863,0,,,,8.0,-,2720699982008348928,1.0123602769212994,-0.1464317250179192,[5911],-1,2,2,1,TSS 220609.19+064613.64
268,15,-,55,2,1,1,185.4999999972991,149.64406954832583,0.1100915956507707,0.1110750804846577,185,150,229,150,185.5688608873664,149.51345630296586,185.4999999972991,149.64406954832583,321.2742955205009,40.504410947774815,0.000601960322639,0.0005774392133573,86.03187686826135,-7.140804455205008,2203,2208,2204,6,59812.85449923578,59812.88922161301,59812.86144371132,0.0347223772259894,82.854324,-4.795788,1,8.511157632100021,21.44357109069824,6.808598041534424,1,39.43115132817274,0.9799121640544664,0.1990953321972174,0,0.0,0.7955233685529528,0.4658535253883572,3.1861638443352187,0.4420875854177447,0,,,,9.0,-,1965512347597648384,0.1091758812208922,-0.056862283327149,[20402],-1,5,39,1,TSS 212505.83+403015.88
1230,2,-,55,2,1,1,150.50000000039836,208.0975910150529,0.1116491621791746,0.1136612479500456,151,208,195,208,150.80192373676354,208.21436360299143,150.50000000039836,208.0975910150529,321.6477788166786,40.25692787911102,0.000610370247005,0.0005927400311767,86.06139353215276,-7.516746647222074,2048,2052,2049,5,59811.77810483161,59811.80588277194,59811.78504931693,0.0277779403331805,61.20476,-4.4669633,1,7.064687565010908,15.044127464294434,8.487092018127441,1,23.301157184751844,0.97678771246194,0.2502486954820431,1,0.0641057642840835,0.8891538626771565,0.3356291424800561,3.393451256997296,0.146586641734376,0,,,,9.0,-,1965455001200087040,0.1545219159273188,-0.056438999654631,[27899],-1,5,2,1,TSS 212635.47+401524.94
1553,1,-,55,2,1,2,247.01208101215505,130.10478598119235,0.1099972670002987,0.1109040951305228,247,130,542,130,246.9607775748831,130.2088960419089,247.01208101215505,130.10478598119235,319.09625167025604,40.15325895285751,0.0006114714428236,0.0005831716869622,84.60703993264521,-6.2040981307939065,3077,3085,3078,9,59818.95173328834,59819.00728882884,59818.95867773105,0.0555555405007908,155.47433,-5.479147,1,11.376893281933745,42.983948,13.605371,1,45.2519696934707,0.9938538930012882,0.1042168601507904,0,0.0,0.8305174442643601,0.2687528401363904,2.904349711248729,0.1188808967306172,0,,,,0.0,-,1968258755853424640,-0.4616140243252857,-0.2619375989804666,[32537],-1,9,1,1,TSS 211623.10+400911.73T59818
1644,1,-,55,2,1,2,56.54319302184764,28.477399842477283,0.1499864819472612,0.1652773124268337,57,28,352,28,56.44718692965873,28.18452561309265,56.54319302184764,28.477399842477283,320.1532653966768,40.94205018372598,0.0008328917774106,0.0008489476205574,85.73911818016644,-6.230433938458243,3340,3345,3340,6,59820.77812082674,59820.81284300885,59820.77812082674,0.0347221821066341,65.63216,-4.5427914,1,4.520938002784991,13.771806,8.744983,1,10.167070826560542,0.7673640751943774,0.7919612806171329,0,0.184104351988547,0.8166615290815312,0.4033054859228374,2.3046016296013065,1.4578008516949208,0,,,,0.0,-,1965769461527827968,0.1799399557739889,0.2755963635818119,[],-1,6,1,1,TSS 212036.78+405631.38T59820
611,1,-,55,2,1,3,141.1243641575303,83.35255435730384,0.140714090036669,0.1535980335101701,141,83,692,83,141.0444051598427,83.44878210669108,141.1243641575303,83.35255435730384,317.95177707429485,40.15241376726183,0.000794354528975,0.0008036156010124,84.00250396796396,-5.568828961518566,476,480,476,5,59799.91682129757,59799.944599595765,59799.91682129757,0.0277782981938798,21.900574,-3.3511388,1,3.913990879149437,10.564394,6.8317423,1,10.967624160131328,0.9273673891320102,0.7413418701126023,1,0.2351725535097895,0.7579885309262742,0.3285570435283612,2.7144785127216755,0.630558185850002,0,,,,0.0,-,1968303286075464448,0.4866977354425899,-0.0566872860446636,[26713],-1,5,1,1,TSS 211148.43+400908.69T59799
585,3,-,55,2,1,4,229.555852285818,6.199622248417476,0.1107675026001194,0.1122304356485627,230,6,1037,6,229.57000004474327,6.307063998319046,229.555852285818,6.199622248417476,315.3890796050995,39.95017207030424,0.0006248022676435,0.0005944847546558,82.53232391046727,-4.248508533684922,490,506,497,17,59800.01404533833,59800.12515851922,59800.06265735604,0.1111131808938807,41.832462,-4.0537834,1,5.92186284239513,15.494650840759276,8.11022663116455,1,27.72660908117014,0.9899016173173644,0.2541320259213543,1,0.187061636425046,0.6459871836508675,0.333622159751647,2.677153073889776,0.931496679144131,0,,,,0.0,-,1873146567646378880,0.0256950796208457,-0.1787237572410269,[37524],-1,17,14,1,TSS 210133.38+395700.62
585,5,-,55,2,1,4,229.6666666667696,6.184664738106006,0.1119374660795488,0.1141186139172351,230,6,1037,6,229.5550474203928,6.380593308520499,229.6666666667696,6.184664738106006,315.38827980368245,39.95004676330282,0.0006319115835351,0.0006040685120905,82.53182440209231,-4.248129730423087,770,771,770,2,59801.9585246951,59801.96546925935,59801.9585246951,0.006944564243895,54.80408,-4.3470325,1,6.691476443228468,18.776836395263672,11.156511306762695,1,22.425376271378965,0.9785858632792636,0.2134545697261892,0,0.0,0.6908671076296496,0.0900646401623129,2.899348662602502,0.9794805645942688,0,,,,0.0,-,1873146567646378880,-0.0851193012492785,-0.163766246740554,[37525],-1,2,14,1,TSS 210133.19+395700.17
585,6,-,55,2,1,4,229.6666666664741,6.120910346227777,0.1100267067592573,0.1109579967609124,230,6,1037,6,229.6712025602164,6.24201674383622,229.6666666664741,6.120910346227777,315.38811310955833,39.9503648146984,0.0006202481176135,0.0005880559130866,82.53197997297865,-4.247824088471141,1693,1701,1694,9,59808.39612363703,59808.45167997847,59808.40306817962,0.0555563414382049,129.80711,-5.283246,1,10.329873851017725,34.184940338134766,10.09307861328125,1,42.98181358512554,0.9953109962251192,0.1013046461807189,0,0.0452609525466584,0.9216921857900836,0.2082093026793716,2.568049637385837,0.1276694693802727,0,,,,0.0,-,1873146567646378880,-0.0851193010253155,-0.1000118551631032,[37526],-1,5,14,1,TSS 210133.15+395701.31
585,12,-,55,2,1,4,229.558344069752,6.149372391283769,0.1109883320401998,0.1125943988872373,230,6,1037,6,229.5778494135665,6.29244309365864,229.558344069752,6.149372391283769,315.38893111690544,39.95041825667895,0.0006261482576287,0.0005963261673991,82.53243447447687,-4.24826072733865,3114,3116,3114,3,59819.20867764805,59819.222566531134,59819.20867764805,0.0138888830842915,84.60156,-4.818446,1,8.227552744075108,30.0319766998291,19.34893226623535,1,26.22205996938564,0.985806021010296,0.1834267199730823,0,0.0577481120275643,0.8580801784678729,0.2057848007442267,2.672258119735358,1.1903166894164474,0,,,,0.0,-,1873146567646378880,0.0232032956196235,-0.1284739003443142,[37530],-1,3,14,1,TSS 210133.34+395701.51
634,1,-,55,2,1,4,12.185443120314485,166.76656981211187,0.1128322825758911,0.1155149449264092,12,167,819,167,12.124225072472528,166.40409821808132,12.185443120314485,166.76656981211187,317.2907011343739,39.52243284058513,0.0006359306103354,0.0006149367084961,83.19143731414408,-5.62331251301211,272,282,273,11,59798.50012726487,59798.569573091496,59798.507071847744,0.069445826622541,46.87561,-4.177367,1,5.779746207535767,20.16332626342773,6.767440319061279,1,20.45413948383574,0.9788547145562876,0.2010245960547932,0,0.0726842192113936,0.8305463235232364,0.4403309165283159,2.744628186558227,0.1609960976187792,0,,,,0.0,-,1968168041838646144,-0.1835188716181619,-0.0039438045138808,[37978],-1,8,1,1,TSS 210909.77+393120.76T59798
205,28,-,55,2,1,5,66.49999999729911,49.83404356389571,0.1182131226142181,0.1234785254450808,66,50,1129,50,65.13619833586183,49.46493886758001,66.49999999729911,49.83404356389571,314.8658097213142,39.5618031044634,0.0006718269211796,0.0006564064256353,81.97377656333063,-4.199802660122783,2412,2419,2412,8,59814.30589362977,59814.35450489287,59814.30589362977,0.0486112631042487,42.8025,-4.078673,1,3.2523062245484007,10.176319122314451,1.1586886644363403,1,15.642320309927651,0.8636381011629249,0.7523947790033965,0,0.0,0.2952832469458262,0.3869605799241932,4.15949455491947,2.0406876548802773,0,,,,9.0,-,1873021223323284992,-0.2631704210907628,0.5990081950999695,[16929],-1,3,136,1,TSS 205927.79+393342.49
989,1,-,55,2,1,5,221.7777870427681,98.28247713775951,0.1438892829576175,0.1576305122793315,222,98,1285,98,221.73006569339475,98.30797096537276,221.7777870427681,98.28247713775951,313.93392361860833,39.024032883888914,0.0008272046770647,0.0008407808430769,81.09424108921743,-4.00058212762963,1087,1089,1087,3,59804.18772816078,59804.20161726878,59804.18772816078,0.0138891079986933,40.12039,-4.008413,1,5.413017569615792,10.120075225830078,5.944629192352295,1,10.664656109946288,0.9261411345052186,0.6590028955682673,0,0.0,0.3030198548225813,0.238610239188757,3.259036099958728,0.5553698343667259,0,,,,9.0,-,1872617599477315072,0.1566493160203208,-0.3240447392660428,[35648],-1,3,18,1,TSS 205544.14+390126.52
1379,1,-,55,2,1,5,12.15056786900283,95.62165628960258,0.1147023531488723,0.1183508452381541,12,96,1075,96,11.977090564995729,95.92663257055791,12.15056786900283,95.62165628960258,315.35726119558853,39.43190913883963,0.0006508061027754,0.0006313304414831,82.1248896094076,-4.571270240207018,2395,2402,2396,8,59814.18783769675,59814.23644896474,59814.194782163904,0.0486112679864163,27.827436,-3.611183,1,4.353622812895813,12.72840690612793,7.383699417114258,1,18.03284088238066,0.9583976885438856,0.2780309279816713,1,0.140861705546484,0.8057098701660058,0.2836355331241577,3.1209006162733317,0.6383584207844882,0,,,,0.0,-,1872978372420251776,-0.141765929388157,-0.0029245982438936,[36680],-1,8,1,1,TSS 210125.74+392554.87T59814
501,1,-,55,2,1,8,159.6666666668155,87.86628741495618,0.1103803229507761,0.1115789001455562,160,88,1986,88,159.5573099224326,87.9290297602169,159.6666666668155,87.86628741495618,309.1987414967486,37.597500646625214,0.0006272047642573,0.000611338410595,77.65736818184403,-1.986562874778619,276,282,277,7,59798.527905595896,59798.569573091496,59798.53485017877,0.0416674955995404,56.75482,-4.385007,1,6.842039823491247,12.489096,7.3779974,1,31.980536154415585,0.9935164484440996,0.1162203120547329,1,0.1075072680152161,0.8294116293552739,0.2651784831190601,3.075435801233052,0.4585173205388431,0,,,,0.0,-,2063095447672911360,0.0931667044667392,-0.1817442774854925,[21869],-1,7,1,1,TSS 203647.70+373551.00T59798
1377,1,-,55,2,1,8,231.2783997142246,73.44898076272293,0.1150856020727595,0.1189214499055682,231,73,2057,73,231.1960660900808,73.63063441058927,231.2783997142246,73.44898076272293,308.68734272854886,37.50552390048483,0.0006548947094604,0.0006494466674422,77.34025126356967,-1.71752238810251,2838,2842,2838,5,59817.29201060404,59817.31978840491,59817.29201060404,0.027777800867625,56.411625,-4.378422,1,6.8736166272555845,22.570755,8.90679,1,17.68009285252375,0.9623485053530983,0.3106798387462026,0,0.0,0.7504126386552065,0.3979046787290342,3.361764914282704,0.5728730843794971,0,,,,0.0,-,2063044109928178688,0.176749390408986,-0.130286167476882,[25656],-1,4,1,1,TSS 203444.96+373019.89T59817
433,7,-,55,2,1,11,170.22222823168124,144.18604149199592,0.1129433833978391,0.115686233360101,170,144,721,395,170.92438889102283,144.51871695034507,170.22222823168124,144.18604149199592,318.52164399377784,38.51739836072663,0.0006374693318848,0.0006247634316964,83.10461546769974,-7.0079334834374,395,402,395,8,59799.35431062932,59799.402922672176,59799.35431062932,0.0486120428540743,42.81825,-4.079072,1,6.176096641497323,10.889072,2.6374335,1,20.26188001613272,0.830575469767094,0.8024023253696805,0,0.0,0.1207767268254459,0.2351097622180424,2.7957625504368235,0.8677283579560775,0,,,,13.0,-,1965009832131455232,0.7070753421357949,0.4268510470210458,[32494],-1,3,27,1,TSS 211405.19+383102.63
1011,1,-,55,2,1,11,58.888888888839936,170.96728101078247,0.1281771952689153,0.1372369631267287,59,171,610,422,59.16760123375136,171.3373443751749,58.888888888839936,170.96728101078247,319.3393640692345,38.55833221159292,0.0007242296668682,0.0007371721203688,83.57851356840321,-7.443546240520803,852,858,852,7,59802.52797885612,59802.56964622482,59802.52797885612,0.0416673687068396,40.136734,-4.0088553,1,5.14239449982183,13.490674,5.6397142,1,12.680920299371197,0.9163682650602176,0.3863803228100145,0,0.0783466426808092,0.7197718417513137,0.2669019647745245,3.255409186553519,1.8510672124037024,0,,,,8.0,-,1964925208397046912,-0.1903380199130424,-0.1388207452059759,[39048],-1,6,5,1,TSS 211721.45+383330.00
1011,2,-,55,2,1,11,58.82483658257648,170.92467033206185,0.144169021834183,0.157984023670678,59,171,610,422,59.01196751604255,171.2942988534865,58.82483658257648,170.92467033206185,319.3396953642145,38.55865347387345,0.0008169984789017,0.0008471576694757,83.57892824255654,-7.443510820387505,1377,1387,1379,11,59806.20164768688,59806.271093151685,59806.21553677999,0.0694454648037208,33.716347,-3.8196013,1,4.621466855743945,10.156917,5.1383324,1,10.639583153242706,0.9209382083784082,1.090445690622203,1,0.3329799795565449,0.6905699936492478,0.401231111464161,3.571519360667193,1.0526302714682108,0,,,,8.0,-,1964925208397046912,-0.1262857153710683,-0.0962100684492952,[39049],-1,7,5,1,TSS 211721.53+383331.15
1011,3,-,55,2,1,11,58.777795732174745,170.9644523321802,0.1108768903971267,0.1124112948852453,59,171,610,422,58.859055001788406,171.16270191595956,58.777795732174745,170.9644523321802,319.3401082165281,38.55852231319068,0.0006224176205723,0.0006064380349244,83.5790581562175,-7.443834600565482,1907,1909,1907,3,59810.79893135434,59810.81282035919,59810.79893135434,0.0138890048547182,70.07454,-4.6139007,1,7.523492674292908,32.00294,13.767926,1,26.929883608015142,0.9820197203634612,0.1853655948453157,0,0.0,0.6148250204973302,0.0904265948835065,3.69222045126087,0.0,0,,,,8.0,-,1964925208397046912,-0.0792448651579889,-0.1359920684876101,[39050],-1,3,5,1,TSS 211721.63+383330.68
1011,4,-,55,2,1,11,58.77778715484156,170.9084189248375,0.1098668568174736,0.1106511379378203,59,171,610,422,58.746780541017145,171.1272588004361,58.77778715484156,170.9084189248375,319.3399746124745,38.55881173250079,0.0006162858264697,0.0005972721670166,83.57919586666407,-7.443558860542731,2013,2051,2017,39,59811.53504779527,59811.798938287095,59811.56282574794,0.2638904918276239,549.84436,-6.8506,1,21.70293374911662,233.21959,27.12582,1,198.3501516589403,0.9993001140560944,0.0372095703165792,0,0.0356515235508694,0.8926943647443877,0.2475454116813293,2.782865010911176,0.2544325478921811,0,,,,8.0,-,1964925208397046912,-0.079236288670927,-0.079958662340573,[39051],-1,36,5,1,TSS 211721.59+383331.72
1500,1,-,55,2,1,11,159.77778365947603,226.77539126592416,0.1347941519056804,0.145970357889062,160,227,711,478,159.63569903666607,226.8497320336812,159.77778365947603,226.77539126592416,318.79158721971896,38.10716228073924,0.0007669190231042,0.0007890460303099,82.9501752441951,-7.443458306358768,2367,2374,2369,8,59813.99339260476,59814.0420038809,59814.00728154117,0.0486112761427648,22.987955,-3.403751,1,4.16147970059308,10.552845,6.544648,1,11.646337122349012,0.938705567359737,0.3544481732270203,1,0.1464140005106581,0.8134036405125924,0.2065563061529602,2.513321151848071,0.064120403777682,0,,,,0.0,-,1964797390163977344,-0.1633803741668771,0.0470903184847202,[40186],-1,8,1,1,TSS 211509.98+380625.78T59813
1590,1,-,55,2,1,11,110.6666666670828,176.84770920750844,0.1686479894628401,0.1880734285111907,111,177,662,428,110.48681580787832,176.9231918019943,110.6666666670828,176.84770920750844,319.003426834534,38.445424320574105,0.000960340247157,0.0010092937222884,83.31307976537593,-7.331410723274232,3159,3166,3159,8,59819.52117749401,59819.56978857644,59819.52117749401,0.0486110824276693,25.885174,-3.5326278,1,4.31817548833598,11.649876,4.6866145,1,9.068530799390542,0.933454216778129,0.6405152205681909,1,0.1599032711465613,0.6529440800227546,0.5095252205720523,2.9645764318892187,0.1900746074266767,0,,,,0.0,-,1964827076986289536,-0.3400891956000578,-0.0353111102330103,[40320],-1,6,1,1,TSS 211600.82+382643.53T59819
178,27,-,55,2,1,13,65.0000030362807,139.0885111111357,0.1216959665761445,0.1283948650591827,65,139,1128,390,64.72889517638929,140.04965179243445,65.0000030362807,139.0885111111357,315.7555933390988,37.83338450024301,0.0006986376900918,0.000699861457998,81.12356789482288,-5.858813059646294,634,640,640,7,59801.01406363459,59801.05573104777,59801.05573104777,0.0416674131774925,39.940594,-4.003536,1,5.559353496600212,13.546688,1.7672321,1,14.264644210579378,0.8644467902298585,0.6969985262928046,0,0.0,0.4137349955508872,0.5911651165655355,1.451467207747343,0.758865713122345,0,,,,9.0,-,1871525681352107264,-0.7457926860658972,0.7783705321899106,[16469],-1,3,119,1,TSS 210301.34+375000.18
811,1,-,55,2,1,14,196.49999999775528,22.76195688362625,0.1315945254941767,0.1417783816541102,196,23,1515,274,196.41184399472425,22.88915440993984,196.49999999775528,22.76195688362625,312.8404626460251,37.6745402829872,0.0007608683772925,0.0007720977273228,79.50439014124669,-4.204818486109899,604,605,604,2,59800.80572655007,59800.81267112013,59800.80572655007,0.006944570064661,31.117111,-3.7324982,1,4.675414567092341,12.522797,9.553034,1,12.099117410258796,0.9637798657769644,0.4003192853451954,1,0.2911979358915902,0.7365135020511198,0.2594690400486598,2.647747054848725,0.9105879789465682,0,,,,0.0,-,1870956993327270272,-0.1809661866748229,0.1282905290297549,[34141],-1,2,1,1,TSS 205121.71+374028.35T59800
1943,2,-,55,2,1,14,144.88891030049697,136.08494577282423,0.1225236619589257,0.1295439640919868,145,136,1464,387,145.0141202450129,135.99537318332463,144.88891030049697,136.08494577282423,313.48677346059577,37.19839150707928,0.0007081279394209,0.0007116905860182,79.4641733754959,-4.903723368296807,3366,3371,3369,6,59820.95867616904,59820.993398349055,59820.97950947715,0.0347221800111583,44.658386,-4.124758,1,5.825136228634206,10.851206,9.573076,1,14.009634904612128,0.7546829998730458,5.214761596071277,1,0.1453167539091851,0.8503805220307292,0.2501471472236515,0.8063310858415472,2.2183826833037474,0,,,,0.0,-,1870871540655311872,0.2641172425840068,0.0229906872758647,[37865],-1,6,2,1,TSS 205356.83+371154.21
845,1,-,55,2,1,15,125.76173728467316,144.93222011653577,0.1109249110096766,0.1124903304905089,126,145,1701,396,125.7453718293428,145.10018351510476,125.76173728467316,144.93222011653577,311.9300978205618,36.66175083101656,0.0006384787976682,0.0006248808073923,78.25744378237022,-4.279625385868283,340,344,340,5,59798.97235879723,59799.00013711661,59798.97235879723,0.0277783193814684,104.46947,-5.0474734,1,9.317220651747895,36.377956,18.328798,1,26.613475523545358,0.9861511580657942,0.1677110399500531,0,0.0093844417732938,0.917340289733202,0.0946247888693463,2.5689608833173634,0.0720661973169708,0,,,,1.0,-,1870783717167593728,-0.0337777325244132,-0.1554240534203472,[41954],-1,5,4,1,TSS 204743.22+363942.30
882,1,-,55,2,1,15,163.7777777777548,127.97735752696596,0.1243660615125262,0.132079144416056,164,128,1739,379,163.44979961908484,128.3758750221027,163.7777777777548,127.97735752696596,311.63224666712745,36.66767849699288,0.0007205135993871,0.0007287969785301,78.11249625580592,-4.089310759749668,394,399,397,6,59799.34736605157,59799.38208893962,59799.36819978459,0.0347228880491456,39.624935,-3.9949214,1,4.932393653424101,12.79337,6.342006,1,13.508430141463675,0.881778503619331,0.5066953266003189,1,0.2489810424175487,0.8685456766178593,0.2606625441036728,3.611528346896207,1.3460019606959803,0,,,,0.0,-,1870973348560696320,-0.038350665900225,-0.1398735185870236,[42122],-1,4,2,1,TSS 204631.74+364003.64
920,1,-,55,2,1,15,78.4210787451586,70.1914424828206,0.1128696359654976,0.115572580259875,78,70,1653,321,78.33890787843984,70.22019364475865,78.4210787451586,70.1914424828206,312.0445766665976,37.14548900321698,0.000649126192402,0.0006374953795529,78.69300783927956,-4.047964159145841,491,496,492,6,59800.02098991259,59800.05571278225,59800.02793448661,0.0347228696555248,54.37307,-4.3384595,1,6.552311256958597,14.092807,7.6104445,1,20.388514050832235,0.9881654745764942,0.2237456702549186,1,0.1096049665213357,0.8869914269262718,0.356539555854955,3.102397056655274,0.8408101567892295,0,,,,0.0,-,1871011522226749952,-0.0830221562600854,-0.15744098470077,[42350],-1,6,1,1,TSS 204810.70+370843.76T59800
1181,2,-,55,2,1,15,227.8983959168323,122.81628411023856,0.1137058563623802,0.116851428166662,228,123,1803,374,227.9096252843093,122.91294563977829,227.8983959168323,122.81628411023856,311.1936457462686,36.555703954029966,0.000655291468836,0.0006482867831517,77.80529708586386,-3.882982798195752,2512,2516,2513,5,59815.0003400603,59815.028117909365,59815.00728452257,0.0277778490635682,69.29456,-4.601748,1,7.219633873974389,23.721275,11.958659,1,19.14008812100366,0.9777042668996746,0.2215977238046601,0,0.0966179469189234,0.906350572931084,0.3383360409805764,3.1477732272523897,1.0363500260446992,0,,,,8.0,-,1870606077302073728,0.0753004132632213,-0.1755043628363068,[43395],-1,5,2,1,TSS 204446.47+363320.53
1714,1,-,55,2,1,15,161.82074394882366,188.08842748327828,0.1120951153646354,0.1143670113625124,162,188,1737,439,161.8434845223629,188.1896552179467,161.82074394882366,188.08842748327828,311.8067073521859,36.36250701822714,0.0006465738539021,0.0006368559306225,77.96102618527448,-4.389263645808427,2959,2968,2960,10,59818.1322888432,59818.1947888583,59818.1392332894,0.062500015104888,77.48125,-4.7229915,1,7.692267386930792,24.329973,9.633675,1,22.00842706930704,0.9911078093200232,0.1915750173400708,0,0.040083830778592,0.8180785326909771,0.2701725422106186,2.9857106018289192,0.7085886416015319,0,,,,1.0,-,1870761585178325504,-0.0045794118461799,-0.2401921912905891,[45424],-1,9,1,1,TSS 204713.61+362145.03T59818
690,1,-,55,2,1,16,225.88887316584027,201.7552265876213,0.1302478032946926,0.1399971602164881,226,202,2052,453,225.64037056849224,201.936785972057,225.88887316584027,201.7552265876213,309.77468793013713,35.5964051365073,0.000756190081433,0.0007782706086134,76.34134964711942,-3.5646641247363737,389,394,390,6,59799.31264316259,59799.34736605157,59799.31958774058,0.0347228889804682,38.000458,-3.949472,1,5.482282808748948,13.911877632141112,5.734523773193359,1,12.314296410321884,0.8984157520108078,0.4218364368438225,0,0.262773325260028,0.8275278679684349,0.2064273656623445,3.297983886615562,0.537329976732836,0,,,,1.0,-,1870479152439111808,0.2049078370632742,-0.2590312615866992,[32092],-1,4,1,1,TSS 203905.93+353547.06T59799
628,1,-,55,2,1,17,207.75261483516024,161.80955688376457,0.1195640274260508,0.1254023281410961,208,162,252,669,207.74677712668804,161.81152403269132,207.75261483516024,161.80955688376457,322.30515693618617,37.80773807593644,0.0006631281391016,0.0006776291792149,84.70125622675579,-9.626370446140148,817,836,825,20,59802.28491918064,59802.41686586661,59802.34047568133,0.1319466859713429,25.64928,-3.5226882,1,4.121312163844036,10.456042,6.029855,1,15.036433106061295,0.9671988490208644,0.4205553678194149,1,0.1775943352794643,0.8662946199696773,0.3579574529757064,2.927827007512644,0.929612178979766,0,,,,4.0,-,1964174070148259712,-0.0907102863949376,0.1009995987415095,[24486],-1,19,5,1,TSS 212913.24+374827.86
1117,1,-,55,2,1,17,61.33333327175143,158.2859863699171,0.1140237105828662,0.1173323501273886,61,158,105,665,61.30383227138608,158.20114207109248,61.33333327175143,158.2859863699171,323.265518170953,38.0254490930128,0.0006246928163294,0.0006310103585653,85.40886675930429,-9.994103118333085,1973,1975,1974,3,59811.25726817774,59811.27115716304,59811.2642126705,0.0138889853042201,43.15304,-4.0875287,1,5.983900016712997,17.901493,10.0826025,1,18.751483459770867,0.9730311115699566,0.2474491239315699,0,0.0,0.8284170161367937,0.1896496881001807,2.115006495240973,0.2823032859501206,0,,,,1.0,-,1952257112153297792,-0.11126950042771,-0.0680670490786496,[25686],-1,3,1,1,TSS 213303.72+380131.62T59811
1191,1,-,55,2,1,19,196.4789928296268,89.53295589581923,0.123963251866817,0.1315274026605963,196,90,747,597,196.3344620698324,89.51606215396059,196.4789928296268,89.53295589581923,318.8286255953256,37.42778149266254,0.0007059809225252,0.0007185763791354,82.47206956219028,-7.931230920745541,1428,1430,1428,3,59806.555819534406,59806.56970862564,59806.555819534406,0.013889091234887,47.816025,-4.1989336,1,5.985986127136234,14.843237,9.993432,1,13.611135375492976,0.952649142272474,0.4059758010990978,1,0.0789168009860213,0.8448981587959676,0.1939120736817377,2.281513281304365,0.8352712818597451,0,,,,0.0,-,1868640940793120384,-0.1369201381990024,0.3335327691411294,[35322],-1,3,1,1,TSS 211518.87+372540.01T59806
1462,1,-,55,2,1,20,168.9701998472751,64.19954821499032,0.1202232224716272,0.1263329755637118,169,64,976,571,168.9428021444908,64.19170854576802,168.9701998472751,64.19954821499032,317.2329844144556,37.16811192648128,0.0006893387275796,0.0006942215093707,81.41005673732957,-7.1761121082979775,3052,3055,3052,4,59818.778122212025,59818.79895554224,59818.778122212025,0.0208333302143728,41.57712,-4.047136,1,5.557608885855537,17.075721740722656,11.419593811035156,1,14.777222028200311,0.9748434022289852,0.2922118518887823,1,0.1731520574423229,0.872215152414895,0.2021758561162833,2.384161674733777,0.4253609234237082,0,,,,0.0,-,1868770408288625920,-0.1275522365421011,-0.0100631158596797,[32822],-1,4,1,1,TSS 210855.92+371005.20T59818
1465,1,-,55,2,1,20,27.88888884372814,60.27150486798582,0.1137945378159075,0.1169858716104481,28,60,835,567,27.91369630290602,60.23308212216768,27.88888884372814,60.27150486798582,318.17146628036704,37.43396715680019,0.0006474786246043,0.0006413750062678,82.11665721442371,-7.546095897836087,3077,3079,3077,3,59818.95173328834,59818.96562217352,59818.95173328834,0.0138888851797673,56.006645,-4.370599,1,6.73081657634294,14.59645938873291,9.39179801940918,1,19.02775989299576,0.9821900667770096,0.2324111390754336,0,0.1157205712310383,0.8447330952735628,0.2603853128842497,2.165224286384817,0.0,0,,,,8.0,-,1868675506690821120,0.0641945496379321,-0.1097359341353012,[32829],-1,3,1,1,TSS 211241.15+372602.28T59818
1533,1,-,55,2,1,20,73.7777827208,70.19958173812267,0.1255402061933612,0.1336798340341758,74,70,881,577,73.6748074977064,70.13775771943702,73.7777827208,70.19958173812267,317.88711862416375,37.30338038907517,0.000718776474616,0.0007320422913812,81.86515196564298,-7.468981200645886,3557,3560,3558,4,59822.285063253184,59822.305896556165,59822.29200768751,0.0208333029804634,54.059784,-4.3321857,1,6.266533411215287,19.96242332458496,11.721107482910156,1,13.227775155775646,0.973939096077219,0.2659750502505121,0,0.1987081069934615,0.9452142440312788,0.3201368063031718,2.777001224331496,0.9778892448704936,0,,,,0.0,-,1868855616138384512,-0.0642049165688831,-0.1309795648714953,[32902],-1,4,1,1,TSS 211132.91+371812.17T59822
677,2,-,55,2,1,21,8.33431004212524,132.08851111000374,0.2000041306306333,0.2250208666639553,8,132,1071,639,8.421589288263762,132.38989549294882,8.33431004212524,132.08851111000374,316.76040769324663,36.64081897063309,0.0011625204352294,0.0012369261065142,80.76027264721611,-7.24871944331555,497,503,497,7,59800.06265735604,59800.10432479855,59800.06265735604,0.0416674425141536,22.1663,-3.364233,1,3.748271190576133,11.040335,2.88945,1,7.92058805646647,0.8568051225330243,0.5139394505411139,0,0.0,0.5338676670601772,0.3917867308264405,2.906092230450521,1.0831741094589231,0,,,,0.0,-,1868358435025556864,-0.2089934745627033,-0.0335393842271969,[],-1,3,3,1,TSS 210702.50+363826.95
1698,1,-,55,2,1,24,259.8888745785818,145.06105859985257,0.1131527330648435,0.1160079019350063,260,145,2086,652,259.96376993261373,144.7976668206787,259.8888745785818,145.06105859985257,310.0976235722965,34.487789369742885,0.0006553524584157,0.0006566026058758,75.61949894348353,-4.448075093447833,1927,1930,1928,4,59810.937821371714,59810.95865486864,59810.944765870765,0.0208334969283896,55.745083,-4.3655167,1,6.528250730183209,26.310177,12.868086,1,19.922026834859828,0.9795765993755104,0.2417631363899313,0,0.0,0.8584044616178149,0.0956796700192496,4.767885058265754,0.0478896664262227,0,,,,0.0,-,1864181012391998592,0.0902010530990082,-0.2221835016304112,[35134],-1,4,1,1,TSS 204023.43+342916.04T59810
1905,1,-,55,2,1,24,136.20063049013368,36.057078744252586,0.1100395937284792,0.1109814221470357,136,36,1962,543,136.1455185150809,36.22263445843215,136.20063049013368,36.057078744252586,310.6052288301447,35.33240367019052,0.000634790206078,0.0006251204694321,76.54516947107629,-4.261755135303781,3635,3640,3636,6,59822.82672911271,59822.86145128108,59822.83367354657,0.0347221683696261,122.650986,-5.221678,1,10.00430342761116,31.189846,13.87427,1,42.14698969930557,0.987596976750752,0.1705907206203506,0,0.0399898513685614,0.8901154784889435,0.2641916519389031,3.7660673109117697,1.0269065499227503,0,,,,0.0,-,1870249491950527616,0.0214747165314292,-0.1144854114621694,[35498],-1,6,1,1,TSS 204225.25+351956.65T59822
453,4,-,55,2,1,25,210.99999557283,136.9957037782472,0.1099057863985165,0.1107313575377094,211,137,255,900,210.97552161695504,137.0331778745377,210.99999557283,136.9957037782472,322.7853920915474,36.58381735121719,0.0006086952305811,0.0006082829800036,84.11497218300264,-10.771519216712198,768,777,769,10,59801.94463556638,59802.00713664436,59801.95158013086,0.0625010779767762,70.62655,-4.6224203,1,8.113885043715888,30.351429,26.333303,1,61.36926138826989,0.7502562359010764,1.7250025342848525,1,0.0613529090445,0.2470109411074877,0.1797482680128463,0.9382417081174964,2.587770417303835,0,,,,4.0,-,1952032300684257152,0.6034942481760481,0.0879061088018033,[19263],-1,10,30,1,TSS 213108.49+363501.74
453,5,-,55,2,1,25,211.00001177481397,136.9831076385373,0.1100276791604874,0.1109597677122675,211,137,255,900,210.9898317441744,136.97368045639757,211.00001177481397,136.9831076385373,322.78536506202585,36.583884207187815,0.0006094268584513,0.0006094991332881,84.11500357350391,-10.771456051436637,784,788,787,5,59802.05574859221,59802.08352684733,59802.07658228355,0.0277782551202108,72.50298,-4.6508894,1,8.306362905625567,31.736376,25.423098,1,42.91592830286384,0.7579982537622841,1.7364053936619803,1,0.0172926707997129,0.2504315509524506,0.2230662558386541,0.9036654617572054,2.123301783546584,0,,,,4.0,-,1952032300684257152,0.6034780460357183,0.1005022484350774,[19264],-1,5,30,1,TSS 213108.49+363501.98
453,6,-,55,2,1,25,210.999990784034,136.97744622439131,0.1099380803429264,0.1107935746187976,211,137,255,900,210.99245493617707,136.9465184724702,210.999990784034,136.97744622439131,322.78535309867715,36.5839142961492,0.0006088898912286,0.0006086134223851,84.11501781944854,-10.771427735893033,907,916,909,10,59802.90992969333,59802.97243073009,59802.92381881297,0.0625010367657523,75.01881,-4.6879253,1,8.354558264448988,32.82318,28.81197,1,52.717465546257706,0.7556676165031105,1.7412194424154015,1,0.0778998482887365,0.8835091756768763,0.2765287122610272,0.8290250403741422,2.120524280025279,0,,,,4.0,-,1952032300684257152,0.6034990367470527,0.1061636625457822,[19265],-1,10,30,1,TSS 213108.48+363502.09
547,2,-,55,2,1,26,257.22222222227475,175.64480993949337,0.1207650818412783,0.1270942863911277,257,176,552,939,257.1490574964077,176.238698410334,257.22222222227475,175.64480993949337,320.9159206001048,35.93350454525537,0.0006838266071268,0.0007044038907289,82.56022720374061,-10.1733071241848,2620,2621,2620,2,59815.75034176987,59815.75728622795,59815.75034176987,0.0069444580803974,33.755215,-3.820852,1,4.792402808081548,11.889887,8.322104,1,14.578828113376629,0.9165201620183066,0.4141188966042672,1,0.0,0.7538049333257589,0.4608977002425016,2.987882537547516,0.789384126663208,0,,,,0.0,-,1951570540162924288,-0.2846015029620048,-0.0718987617328821,[],-1,2,3,1,TSS 212339.82+355600.62
1291,1,-,55,2,1,26,213.11112670039657,163.27644091097176,0.1117681760333014,0.1138505634453833,213,163,508,926,213.2050940142525,163.44972920065132,213.11112670039657,163.27644091097176,321.1790713425431,36.0682857816292,0.0006291201203032,0.0006312584378015,82.80972382805359,-10.229809927592337,1670,1675,1670,6,59808.23639915346,59808.27112186735,59808.23639915346,0.0347227138918242,64.7936,-4.5288305,1,7.06706267440982,24.812042,12.038854,1,22.919611766477956,0.9830244010777762,0.2428959938970089,1,0.0471227853885909,0.862469228359467,0.1922012172044937,3.1119161791902026,0.4260170591975664,0,,,,4.0,-,1951592839634670080,-0.0494416698561508,-0.1764673785570494,[29911],-1,6,1,1,TSS 212442.98+360405.83T59808
769,1,-,55,2,1,27,75.77777777721043,138.9681569083379,0.1223574117173117,0.1293136873540367,76,139,627,902,75.4539249536148,138.9401187108577,75.77777777721043,138.9681569083379,320.3417578464841,36.010715695087725,0.0006955224626324,0.000716705896654,82.28605007008458,-9.787346341996567,811,814,811,4,59802.24325180355,59802.26408549232,59802.24325180355,0.020833688773564,36.632233,-3.9096584,1,5.357877196600649,11.73855686187744,6.975642204284668,1,14.059193714751258,0.9755448061508222,0.4813442554667729,0,0.1478392174369233,0.850154113074822,0.3782726155567974,2.548831320055544,1.1777082143765296,0,,,,0.0,-,1963591741310032640,-0.2352919316454063,-0.0346845976973781,[29913],-1,4,2,1,TSS 212122.02+360038.58
769,2,-,55,2,1,27,75.49999999729911,139.08684013334283,0.119481893070779,0.1252860136920201,75,139,626,902,75.59422308736512,138.971258942357,75.49999999729911,139.08684013334283,320.3438618573832,36.01052923264992,0.000678555865914,0.0006947950778803,82.28711896967421,-9.788696112698863,1091,1092,1091,2,59804.21550637679,59804.22245093079,59804.21550637679,0.0069445539993466,43.704018,-4.1013036,1,5.902777635662758,10.194518089294434,7.225455284118652,1,15.070238826321107,0.9448214806360986,0.3068286993502473,0,0.0,0.2166247145922288,0.2849769765878197,2.983841292260813,0.6286338132409147,0,,,,0.0,-,1963591741310032640,0.0424858449606517,-0.1533678236118021,[29914],-1,2,2,1,TSS 212122.53+360037.91
1415,1,-,55,2,1,28,102.55555636603276,180.7262986832052,0.2245011516131156,0.2531378115441467,103,181,910,944,102.46267813249533,180.6447289044844,102.55555636603276,180.7262986832052,318.569038307623,35.31395880450862,0.0013032305473649,0.0014092068792939,80.76766908418779,-9.224172657150886,2177,2184,2179,8,59812.67394285343,59812.722554190565,59812.68783180729,0.0486113371371175,21.716772,-3.3419883,1,4.1679337520178334,11.883449,5.2430453,1,7.310244608918657,0.9383112418052256,0.8214295442399001,0,0.2483021434078258,0.8564307289439854,0.3106728174123582,2.3419649228123767,1.1958118916481293,0,,,,0.0,-,1867600970285772288,0.108341045881616,-0.2627751310316171,[32732],-1,6,1,1,TSS 211416.57+351850.25T59812
161,31,-,55,2,1,29,216.02208335230168,100.35264954668328,0.1122753575128538,0.1146496650667198,216,100,1279,863,215.957901762682,100.46479920923292,216.02208335230168,100.35264954668328,315.9328743925078,35.06632942712988,0.0006499930019345,0.0006469261432546,79.12275231637588,-7.790283648345916,782,784,783,3,59802.04185946442,59802.05574859221,59802.0488040282,0.013889127789298,45.36388,-4.141775,1,6.043319348517191,10.996662,8.211017,1,21.574574278915943,0.9266340444234464,0.3654171228473092,1,0.2557119936971017,0.875425061268712,0.3384941645773097,3.380963633592743,0.4091322529942867,0,,,,9.0,-,1867963504192872960,0.0550840496321143,-0.2097329865890742,[13570],-1,3,40,1,TSS 210343.89+350358.79
245,7,-,55,2,1,29,116.31609896160268,73.0885114155912,0.113285130514973,0.1162106254074517,116,73,1179,836,115.61669259116304,73.25684203202434,116.31609896160268,73.0885114155912,316.52559344844354,35.40024111983677,0.0006543529321531,0.0006530581583389,79.69875787060077,-7.93279704629502,177,181,177,5,59797.840391653415,59797.868170005626,59797.840391653415,0.0277783522105892,49.72591,-4.241457,1,6.372591424057972,13.418958,4.175909,1,19.720691080791088,0.8516719857022845,0.6764364300470266,0,0.0,0.6155664914054676,0.4073889446892305,2.162943695296058,1.4460559880698107,0,,,,9.0,-,1867990304789516416,-0.1685255763725308,0.1440872298444446,[19093],-1,3,67,1,TSS 210606.14+352400.87
1664,1,-,55,2,1,29,243.31338821396832,31.64406622315114,0.1992119556491587,0.2241024421280143,243,32,1306,795,243.37336394569212,31.856265849439875,243.31338821396832,31.64406622315114,315.58174752199056,35.378678062255894,0.0011684373707386,0.0012484234353031,79.1701665624567,-7.368821397148142,3340,3343,3340,4,59820.77812082674,59820.798954136,59820.77812082674,0.0208333092596149,41.334896,-4.040792,1,3.932285311623954,12.906859,9.186804,1,7.943472396016146,0.7961002569521614,1.1894546814859268,1,0.1737106829828248,0.6835130166798289,0.4787323029315192,2.3678805598858643,0.9470060068023778,0,,,,0.0,-,1868174193804975488,0.0728465436650367,0.3357512422373929,[36583],-1,4,1,1,TSS 210219.62+352243.24T59820
564,1,-,55,2,1,30,161.66666666680513,246.93972825573985,0.1484055990464294,0.1633058882512597,162,247,1481,1010,161.50389151665675,246.9064563365688,161.66666666680513,246.93972825573985,314.97091284927524,33.88857827265588,0.000873529350646,0.0009235956771387,77.69964716572603,-7.959602736085999,251,253,252,3,59798.35429101316,59798.368180180994,59798.36123559719,0.0138891678361687,27.50984,-3.59872,1,4.644990796829443,11.96156406402588,8.387906074523926,1,10.287048795724854,0.9173238176126456,0.5334619525299771,0,0.2457187040341613,0.899055557131934,0.3345759903783698,2.0621863440513213,0.8637797535625503,0,,,,0.0,-,1866305440658376832,-0.0820777889609871,-0.174063541042301,[29975],-1,3,1,1,TSS 205953.02+335318.88T59798
576,4,-,55,2,1,30,108.49999951411368,206.65300495553728,0.145403677543847,0.1595410574670485,108,207,1427,970,108.80405462273389,206.63831803357712,108.49999951411368,206.65300495553728,315.21885336605715,34.20996353041396,0.0008541447997791,0.0009002671357548,78.08107221870044,-7.906904143037679,3576,3577,3576,2,59822.417007504686,59822.42395193901,59822.417007504686,0.0069444343243958,40.84275,-4.027787,1,5.129687907101955,12.107046127319336,8.737549781799316,1,10.531743621119576,0.9024907694066524,0.4750156403818559,0,0.0,0.8443609150399165,0.2368695394015769,3.307330658385619,0.0,0,,,,0.0,-,1866411199932423296,-0.2077445393967991,-0.04127558367054,[30160],-1,2,4,1,TSS 210052.52+341235.87
771,1,-,55,2,1,34,40.05547987434277,46.75513963554608,0.1112772476601729,0.11306443181684,40,47,335,1066,39.96696988888907,46.81524360802439,40.05547987434277,46.75513963554608,322.6150560316703,35.5838432572996,0.000620717024256,0.0006277852788633,83.3047304155941,-11.393346332896495,1033,1038,1034,6,59803.812722197945,59803.8474449761,59803.81966675357,0.0347227781530818,57.80445,-4.4049034,1,6.752096401275514,20.711803,10.239748,1,24.734807026891403,0.9846991032893369,0.3363743493643991,1,0.071089112413825,0.881386770931934,0.2704882619169199,2.669214052985215,0.6973870694482099,0,,,,0.0,-,1951405132381354368,-0.1205073898516957,0.0656546601510399,[24287],-1,6,1,1,TSS 213027.61+353501.84T59803
1755,1,-,55,2,1,38,203.55555555504984,11.69847007579368,0.169098645971406,0.1886148244588432,204,12,1523,1031,203.48181497040545,11.706340472113494,203.55555555504984,11.69847007579368,314.7489873953879,33.69307798366482,0.000998410488293,0.00106680671492,77.4286346567121,-7.945631491526041,3340,3346,3341,7,59820.77812082674,59820.81978744527,59820.78506526316,0.0416666185265057,35.34715,-3.8708858,1,4.9864655522329135,10.66606,6.656087,1,9.04729314938543,0.8043180293875968,0.8099757252039502,1,0.0268545771353447,0.8049629812657617,0.4503176918041356,2.052071260323166,1.122198179782433,0,,,,0.0,-,1866278944995668736,-0.1900027045878687,0.3083700104750733,[31439],-1,6,1,1,TSS 205859.76+334135.08T59820
1026,1,VCR,55,2,1,41,208.00001761180155,24.75223401922695,0.1198880987590079,0.1258604802923679,208,25,252,1300,208.00739575515271,24.854888667338837,208.00001761180155,24.75223401922695,323.6363465609172,34.444724851542674,0.000667923394497,0.000702527939558,83.11108708050931,-12.79381770344582,2188,2189,2188,2,59812.75033209644,59812.75727657267,59812.75033209644,0.0069444762339117,34.357544,-3.8400552,1,5.218521899448867,19.032228,14.404178,1,14.906391679046692,0.9752091453235112,0.302886059304673,0,0.0,0.7255087635409367,0.3072658982526573,3.0178678094369227,0.9769617003359136,0,,,,4.0,-,1950489788950229376,-0.1254546895810335,-0.0895679095935975,[],-1,2,1,1,TSS 213432.72+342641.01T59812
1300,1,-,55,2,1,43,244.6915756177716,30.94969752812824,0.112320642059278,0.1147204660834839,245,31,796,1306,244.4921274018224,30.96251206139436,244.6915756177716,30.94969752812824,320.1386036746405,33.55615348317409,0.0006428639138897,0.0006519388130408,80.37159083040369,-11.372074885271438,3545,3549,3546,5,59822.2017300408,59822.22950777834,59822.20867447513,0.0277777375376899,66.271805,-4.553322,1,7.271917954561412,24.337831497192383,13.980610847473145,1,21.471900603936565,0.984046527901204,0.2110816620901113,0,0.0643346336315364,0.8962145501162113,0.2038295792462812,2.6911566321909075,1.0061631338070909,0,,,,0.0,-,1855014830627099392,-0.1297761510106738,-0.1368917345100726,[22802],-1,5,1,1,TSS 212033.26+333322.15T59822
1217,1,-,55,2,1,44,38.5269617125747,97.75502861476328,0.1273405273059095,0.1361137049270647,39,98,846,1373,38.555289661367794,97.61169718814402,38.5269617125747,97.75502861476328,319.96346011200376,33.10740187914376,0.0007343416156549,0.0007733366506472,79.93723893398365,-11.57602399031769,2038,2044,2041,7,59811.70865997496,59811.75032689012,59811.729493433006,0.0416669151600217,19.71107,-3.2367754,1,3.792102387814325,11.229589,7.7941146,1,12.843530875969494,0.9487237172873022,0.3919164588518455,1,0.1268104984037429,0.7600451622252333,0.383263444487367,3.48951948016748,1.0302360984075472,0,,,,0.0,-,1854611859619071488,-0.0920656232723331,-0.1688718744023845,[25143],-1,7,1,1,TSS 211951.23+330626.65T59811
1659,1,-,55,2,1,45,126.77916396436054,34.47740000000012,0.1289433726618064,0.1382614824800434,127,34,1190,1309,126.84867130678832,34.4660821618895,126.77916396436054,34.47740000000012,317.58923551816,32.834185479502736,0.0007531184038475,0.0007892452687014,78.35537843546412,-10.299366736935625,2912,2914,2913,3,59817.80589983243,59817.81978872808,59817.812844280255,0.0138888956571463,26.837088,-3.5718384,1,4.385953804337034,10.056727,7.6832137,1,12.539688578832823,0.9416030079696912,0.4128859840292102,1,0.046406081200872,0.8608162184675555,0.503824532985719,3.2241238028584145,0.8251283337744356,0,,,,0.0,-,1865243381142208384,-0.1393079270212638,-0.0328286064172971,[27040],-1,3,1,1,TSS 211021.42+325003.07T59817
1728,1,-,55,2,1,48,144.86243066252678,60.10436964870874,0.1222890515363246,0.129218923980993,145,60,1971,1335,144.70256903474603,60.047435715190126,144.86243066252678,60.10436964870874,312.627441705174,31.11406736066747,0.000721924466211,0.0007468461856674,74.26801957639205,-8.202674915424693,3702,3709,3704,8,59823.29200611129,59823.340617129455,59823.30589497389,0.0486110181664116,79.26392,-4.747689,1,7.919359530832516,19.859749,10.599928,1,14.079805482564986,0.9612751484445502,0.3709815069563836,0,0.071579101141711,0.9202059676572238,0.3907286234181825,2.72371787884117,0.1610049093474222,0,,,,0.0,-,1859588592843885568,-0.1161716757653721,0.063954910901657,[23231],-1,8,1,1,TSS 205030.59+310650.64T59823
334,1,VRM,55,2,1,50,42.42396584669121,21.644066647830563,0.1099757842039109,0.1108643646683653,42,22,337,1553,42.435616601691706,21.76108647517238,42.42396584669121,21.644066647830563,323.5984899280281,32.94417893652976,0.0006136923904154,0.0006275239663057,82.01938405316534,-13.854077790697968,90,97,91,8,59797.236212189215,59797.2848243557,59797.2431567849,0.0486121664871461,114.15644,-5.143751,1,10.04062817330326,46.719776,14.158782,1,47.35775008991577,0.9957978406595082,0.0910223423696451,0,0.0,0.83867035914769,0.231428018537698,2.600262572118067,0.3695669274891018,0,,,,0.0,-,1947059003437250048,0.0218907078233883,0.2934757675113815,[17379],-1,8,1,1,TSS 213423.64+325639.04T59797
701,6,-,55,2,1,50,71.99998146700355,219.4773999972991,0.1164055955710666,0.1208646724315678,72,219,367,1750,72.04469194442291,219.64209457664683,71.99998146700355,219.4773999972991,323.8002736654024,31.816214302294377,0.0006520859485313,0.0006867778204363,81.33688349200541,-14.783614080456942,2035,2043,2036,9,59811.68782651645,59811.74338240433,59811.6947710027,0.0555558878841111,43.491863,-4.09602,1,6.257001907649027,11.812712,6.1638556,1,16.67366951277284,0.956469793401918,0.4475356675528869,0,0.1669704248972144,0.8848406415963546,0.3846947558715619,2.121300037397635,0.7394425582803742,0,,,,9.0,-,1850874791386002944,-0.124170806358677,0.0144435267593507,[19212],-1,8,7,1,TSS 213512.07+314858.37
1100,1,-,55,2,1,50,114.88888119896347,19.817543837588847,0.1146979784767841,0.1183443137089616,115,20,410,1551,114.67666604358334,19.776615451092056,114.88888119896347,19.817543837588847,323.13476501258583,32.84406436003676,0.0006443123520844,0.0006702213804917,81.65999093768578,-13.654637241744524,2150,2154,2150,5,59812.48644195688,59812.514219869976,59812.48644195688,0.0277779130919952,40.237293,-4.011572,1,5.598779482312056,17.559572,6.9259925,1,18.03706534839573,0.979960522332636,0.2202130740687028,0,0.0,0.6089555220930863,0.3046310669642834,2.31398589035614,0.0,0,,,,0.0,-,1853985309785756032,-0.1160977256905084,0.0096747811151089,[20060],-1,5,2,1,TSS 213232.34+325038.63
477,3,-,55,2,1,51,250.15659335897357,227.98476308252103,0.1142641514422224,0.1176944449591854,250,228,801,1759,250.25284673105617,227.8928310010366,250.15659335897357,227.98476308252103,321.07786342224057,31.066541431410872,0.0006549139420582,0.0006769603525787,79.09657132149799,-13.669697907141012,2355,2357,2355,3,59813.910058984,59813.923947921336,59813.910058984,0.0138889373411075,51.43828,-4.278216,1,6.613881593656302,14.239494,9.018767,1,18.48122584868585,0.9655868399148394,0.3615962258748,1,0.0884575903515368,0.7965389606464739,0.3732433889482557,2.7298048264756254,0.0999646088411606,0,,,,9.0,-,1853395658011055360,0.0636385307390128,0.6425847842197072,[17161],-1,3,8,1,TSS 212418.69+310359.55
886,1,-,55,2,1,51,76.9141910297039,68.78483315093158,0.120061808019114,0.1261055555843613,77,69,628,1600,76.74473834406977,68.78281687483961,76.9141910297039,68.78483315093158,321.84698931940784,32.23073617171407,0.0006839459969944,0.0007185220861592,80.42349208201503,-13.324432713627663,1193,1199,1197,7,59804.9238507284,59804.965518034005,59804.95162893229,0.0416673056097351,63.765896,-4.5114713,1,6.88075036566612,18.29837,4.7119823,1,14.838788522740163,0.964380649133362,0.3813738927570175,0,0.0,0.7861586996353376,0.2992754077206628,2.884518870421397,0.7739944332845476,0,,,,0.0,-,1853882024410033408,-0.1543607438131857,-0.1089203261524289,[18550],-1,5,1,1,TSS 212723.28+321350.65T59804
1146,1,-,55,2,1,51,56.11111111116277,165.6713992196895,0.1242333058366509,0.1318974552990906,56,166,607,1697,55.906802057551936,165.68452462906043,56.11111111116277,165.6713992196895,322.1785620813219,31.732868100012247,0.0007075306914535,0.0007523120236537,80.2635278057283,-13.87470253236318,1808,1814,1809,7,59809.19474598274,59809.23641322758,59809.20169052347,0.0416672448409372,24.406137,-3.4687476,1,4.402008174020731,13.658326,9.190654,1,13.541892199252649,0.9588111797969427,0.3449166729810951,1,0.15217560200167,0.8966189845587553,0.3267492027744221,2.706353576787439,0.4851026307781008,0,,,,0.0,-,1853808150971762560,-0.0215094509198934,-0.1916775714719278,[19072],-1,7,1,1,TSS 212842.85+314358.33T59809
1425,1,-,55,2,1,53,52.11110970365865,17.86623387735977,0.1282556599895408,0.1373420621945169,52,18,1115,1549,51.57440306533491,18.144875081478144,52.11110970365865,17.86623387735977,318.61929452440535,31.66538434544531,0.0007478965534352,0.0007887147321673,78.07009518264532,-11.729935367870723,2358,2363,2359,6,59813.930892389886,59813.96561473195,59813.93783685821,0.0347223420612863,27.664272,-3.604798,1,4.503676573830913,14.379094,8.117829,1,12.666131789344515,0.9284240669117224,0.6766769622053171,1,0.1666451552929917,0.8749027542715448,0.4096237813198459,2.943651920142989,0.906274360373572,0,,,,4.0,-,1852924865181231744,0.3348517619142512,0.1555895803951443,[22858],-1,5,1,1,TSS 211428.63+313955.38T59813
852,1,-,55,2,1,55,161.9303404179591,206.1565239284333,0.121712430475138,0.1284177875341804,162,206,1737,1737,161.73539517481353,206.10272432515703,161.9303404179591,206.1565239284333,315.09842482837166,29.418815052671345,0.0007193182679565,0.0007476491294041,74.3095327460571,-10.927746821614049,557,561,557,5,59800.47933172088,59800.5071100072,59800.47933172088,0.027778286319517,42.16599,-4.0624056,1,5.775216365645504,19.551016,10.89974,1,14.25936172270305,0.9792852706123574,0.2834251279691124,0,0.0383965187610016,0.8550928617786944,0.4747296725104731,2.6134101047859937,0.1377725815868005,0,,,,0.0,-,1846442896236204800,-0.1294973525018576,0.0488696568579598,[15123],-1,5,1,1,TSS 210023.62+292507.73T59800
1508,1,-,55,2,1,56,257.88892993204,206.86434373065168,0.1206003614084325,0.1268631959223842,258,207,2084,1738,258.118074844627,206.7243490343517,257.88892993204,206.86434373065168,312.9256220069593,28.680342263362245,0.0007143475607643,0.0007403761132422,72.50615317942346,-9.923990008781278,2718,2721,2719,4,59816.43089849985,59816.4517318636,59816.43784295443,0.0208333637492614,25.80913,-3.5294333,1,4.412315241114304,12.28990077972412,9.072566986083984,1,14.637838967028442,0.9579456210232624,0.5281942421257674,1,0.1366633599091604,0.8373609810240729,0.4500459099161622,2.2499023887827785,1.0079905622740497,0,,,,0.0,-,1857981313000997248,0.0384636348035201,-0.1853813458328659,[16371],-1,4,1,1,TSS 205142.15+284049.23T59816
1543,1,-,55,2,1,56,234.88888545767028,233.08788218648436,0.11599903858344,0.1202695677385904,235,233,2061,1764,235.1163352407766,232.8978899512829,234.88888545767028,233.08788218648436,313.1336236795691,28.587095612284557,0.0006857135574341,0.0007033232213978,72.54786636584672,-10.12483075825438,2978,2982,2979,5,59818.26423331682,59818.29201109906,59818.27117776232,0.0277777822411735,50.43064,-4.2567363,1,3.5644554028281634,18.31119728088379,7.763332366943359,1,16.954778262537154,0.96111239001557,0.3930287091381961,0,0.0,0.8437913961856958,0.449709687393027,2.013110088134736,1.4007312365975395,0,,,,9.0,-,1857930838544004096,0.3163915841032576,0.2548783987776915,[16399],-1,5,1,1,TSS 205232.07+283513.54T59818
957,2,-,55,2,1,58,41.2224987236916,42.36298454664802,0.1207593907919586,0.1270863071718935,41,42,336,1824,41.0808702647298,42.34356220179884,41.2224987236916,42.36298454664802,324.1353644209928,31.45732191683601,0.0006757037336616,0.0007219035626007,81.29149509351743,-15.239983860191357,2679,2682,2680,4,59816.160064741336,59816.18089810928,59816.167009197314,0.020833367940213,37.281307,-3.9287279,1,5.396702022109088,15.248951,9.725456,1,14.580848696305688,0.973894829193288,0.332299546433657,1,0.2481429562082939,0.9251681203939286,0.4569400761664794,2.5282495327382057,0.7875876435718853,0,,,,0.0,-,1850663272835372928,-0.1471973750599318,-0.0829412503831008,[15377],-1,4,2,1,TSS 213632.49+312726.36
1315,1,-,55,2,1,61,126.77820335992595,95.91029524152678,0.1367432865654838,0.1484989064906702,127,96,1190,1878,126.86828698257293,96.0885838035143,126.77820335992595,95.91029524152678,318.87447331758995,29.716538561520807,0.0008005965713757,0.000858460296783,76.74764112403906,-13.206039425112309,3554,3558,3556,5,59822.26422995021,59822.29200768751,59822.27811881886,0.0277777372975833,37.921688,-3.9472194,1,4.994861889925812,12.106248,7.479487,1,11.403346430958685,0.9565720320346496,0.6272689578484344,1,0.2545510507564535,0.8474138944501803,0.4522173075809375,2.752737587421592,1.2971391307376527,0,,,,0.0,-,1851859507128270080,-0.1817674362234811,-0.0130139925418006,[17000],-1,5,1,1,TSS 211529.87+294259.54T59822
34,36,-,55,2,1,62,152.90635709365304,145.75521263404295,0.1351870917582465,0.1464815597310763,153,146,1472,1928,153.75581084788772,144.87620179558155,152.90635709365304,145.75521263404295,317.2090916332513,28.902646238699923,0.0007977253772028,0.0008505246627003,75.13271881533643,-12.663905452472806,1186,1194,1186,9,59804.875238870416,59804.930795279375,59804.875238870416,0.0555564089590916,35.002052,-3.8602338,1,5.510996540047159,13.454973,1.174727,1,11.59556257210168,0.8003795558625851,0.9856559330970616,0,0.0,0.0369784625904787,0.6739217361274024,1.921013730664174,1.2208093933365909,0,,,,8.0,-,1851379707744642432,0.954731352059298,-1.4807519198004684,[1871],-1,3,60,1,TSS 210850.18+285409.53
545,2,-,55,2,1,62,234.22224203992084,161.19962241179158,0.1110270174458575,0.112657710287975,234,161,1553,1943,234.0626956922287,161.18005099848162,234.22224203992084,161.19962241179158,316.73406064224883,28.65705946651553,0.0006509089875198,0.0006592689747424,74.66299966557155,-12.510593045491497,2680,2688,2681,9,59816.167009197314,59816.22256484422,59816.1739536533,0.0555556469043949,56.20001,-4.374341,1,6.838427933876104,15.330698,6.1883163,1,25.99663647759316,0.9819139236055152,0.2906908818074847,1,0.1321801853824329,0.8604088518823045,0.3486774938402053,2.964045372510904,1.0552822870590592,0,,,,8.0,-,1851357958029610624,0.0337458512876764,0.1180098360034662,[12112],-1,7,3,1,TSS 210656.17+283925.41
737,1,-,55,2,1,62,112.78058462506974,213.66480183262115,0.1420319504432434,0.1552762630475472,113,214,1432,1996,112.54233770554188,213.9985156816601,112.78058462506974,213.66480183262115,317.6132876658332,28.60601576368527,0.0008380171605766,0.0009009708227271,75.14352309646694,-13.125906941506468,662,663,662,2,59801.20851155196,59801.215456119935,59801.20851155196,0.0069445679764612,25.747776,-3.5268493,1,4.555264451015774,10.266439,7.296929,1,10.83757724527515,0.9590792976934888,0.5367768079742032,1,0.0,0.7178183256448993,0.5932025728361865,2.4185751191077807,0.0,0,,,,1.0,-,1851306933817341184,-0.1454534032097854,0.0059452471664371,[],-1,2,2,1,TSS 211027.19+283621.66
1477,1,-,55,2,1,62,104.99996858235792,90.97740824032684,0.1100111521835091,0.1109295892232998,105,91,1424,1873,104.41402043703695,90.51004104284291,104.99996858235792,90.97740824032684,317.3865205536408,29.298337394253757,0.000642740212958,0.000648122636185,75.54234269506972,-12.51972169918679,2036,2070,2055,35,59811.6947710027,59811.93088348807,59811.8267162265,0.2361124853705405,80.68518,-4.7669845,1,5.983479340353632,30.478657,19.458426,1,44.10914473183116,0.9290987510774824,1.285765078093615,1,0.0426158083306319,0.8532502583514894,0.3126505859146495,3.272330931012068,0.8234552145004272,0,,,,4.0,-,1851492265947773184,0.1132953071955853,0.204872484899397,[14959],-1,33,2,1,TSS 210932.76+291754.01
1273,1,-,55,2,1,63,29.888880603529195,174.86845867988168,0.1224824145665958,0.1294868558483559,30,175,1605,1957,29.850129015111325,174.76934729750238,29.888880603529195,174.86845867988168,316.44187791010904,28.47855337204301,0.0007224779541481,0.0007548273136943,74.35301104310496,-12.432480952264742,1346,1355,1347,10,59805.98636673381,59806.04886765789,59805.99331128106,0.0625009240757208,40.744534,-4.0251737,1,4.542973495971581,16.128915786743164,7.107600212097168,1,14.02185636783408,0.9737143835368618,0.394475845332576,1,0.0822936697208389,0.8617937209359623,0.2173456270646726,1.7037924480407285,0.867969296751285,0,,,,0.0,-,1845344935092785536,0.0618546479902306,-0.3230593962755392,[14304],-1,9,1,1,TSS 210546.05+282842.79T59805
1103,1,-,55,2,1,64,5.499999997299111,180.866282172241,0.1254503803663332,0.1335577625285298,5,181,1831,1963,4.508386101597566,180.91734268923872,5.499999997299111,180.866282172241,315.04126686392544,27.983600855425717,0.0007433641356536,0.0007790612452275,73.15233291178089,-11.808257636221562,1287,1288,1288,2,59805.57663840843,59805.58358295707,59805.58358295707,0.0069445486442418,49.16363,-4.22911,1,3.0157391687151804,10.998369216918944,7.20200252532959,1,13.24833232039144,0.9201719549938738,0.5968836548569894,0,0.0,0.7279747929074394,0.726714278064053,1.688046161476468,1.444605588912964,0,,,,9.0,-,1845971691082598656,-0.9798866307614844,-0.2781969085037872,[13859],-1,2,4,1,TSS 210009.90+275900.96
915,1,-,55,2,2,1,245.99122665313297,145.80177397425663,0.1281024391040617,0.1371367932551442,246,146,290,146,245.93483469052453,146.18568364668457,245.99122665313297,145.80177397425663,306.3043517238718,36.20461657832495,0.0007314880794289,0.0007518840775592,75.16675644714806,-0.9390444981766186,1378,1382,1379,5,59806.20867591514,59806.23645352346,59806.215620317336,0.0277776083166827,44.338474,-4.116952,1,5.050778576001766,12.0230255,7.6869497,1,12.695081166381687,0.9339583919759976,0.442770224095204,1,0.0736945519112763,0.8557469105514204,0.4255942349474289,3.573817222339078,0.989187842471957,0,,,,0.0,-,2057655064143748224,0.0126340010609169,-0.1561203783042231,[26584],-1,5,1,1,TSS 202513.04+361216.62T59806
1377,1,-,55,2,2,2,64.55555555561565,211.44849713074777,0.1126891354280222,0.1152936281157699,65,211,360,211,64.46249142328453,211.68073846162972,64.55555555561565,211.44849713074777,306.0491052627569,35.705394832992795,0.0006387010880187,0.0006404456754964,74.63958257819495,-1.0577213141172117,2244,2248,2244,5,59813.139157554,59813.16693483636,59813.139157554,0.0277772823537816,62.98964,-4.4981728,1,7.178495018288279,26.82661819458008,12.883668899536133,1,20.71549307929465,0.9808156202640652,0.2088329221726085,0,0.0336057857567726,0.8114915880924779,0.316529624796272,3.286547191208086,0.5642158843917465,0,,,,0.0,-,2057219279581452928,0.0785905669764019,-0.0995784987205468,[30750],-1,5,1,1,TSS 202411.79+354219.42T59813
1442,1,-,55,2,2,2,116.77777386311448,41.421844443628885,0.1098729284139383,0.1106647682175671,117,41,412,41,116.60355792272622,41.63182351052998,116.77777386311448,41.421844443628885,305.23101071635944,36.418448406142765,0.0006156363932816,0.0006102258102118,74.84679082692224,-0.1075324918080257,3035,3055,3036,21,59818.659883354485,59818.79876933528,59818.66682765377,0.1388859807993867,295.9739,-6.1781335,1,16.0295788617535,84.29533386230469,12.6470308303833,1,96.99834613001346,0.994453125339904,0.0957666198632306,0,0.0,0.7667554931807804,0.2561853616882551,2.784868912682097,0.4974649690739662,0,,,,1.0,-,2057499792487428352,0.11864206316244,-0.0994758898049283,[30807],-1,20,1,1,TSS 202055.44+362506.41T59818
374,31,-,55,2,2,3,215.88888888889167,178.00380139006157,0.1105872787990989,0.1119296470373835,216,178,767,178,215.99224545000985,178.8439917787875,215.88888888889167,178.00380139006157,303.4142049023383,34.83462499075841,0.0006154974166485,0.0006235453650328,72.70756494635192,0.2280586544824939,2753,2756,2753,4,59816.67381285554,59816.69464577318,59816.67381285554,0.0208329176457482,89.59095,-4.88066,1,3.5013141763356126,24.996973037719727,13.586625099182127,1,29.345582317792488,0.9606062771105102,0.2356685863064638,0,0.0436977238948047,0.8664920698354693,0.4149382718620237,3.918227968282368,2.857489109039306,0,,,,13.0,-,2055829909210164352,-0.095439809952154,-0.5749163225088694,[22779],-1,4,81,1,TSS 201339.41+345004.65
925,1,-,55,2,2,3,225.5430716703304,222.86628895207275,0.1145097469363377,0.1180628740114366,226,223,777,223,225.445032067448,223.04294821709203,225.5430716703304,222.86628895207275,303.4846723535537,34.58752454244991,0.0006405971603724,0.000656807727534,72.53373235866998,0.0431355859116227,604,607,604,4,59800.80592418305,59800.82675744715,59800.80592418305,0.0208332640977459,58.846233,-4.4242964,1,6.740920274230891,18.593515396118164,11.210908889770508,1,18.22345477368774,0.9535803388011492,0.3010346411171924,1,0.0905079624405379,0.8236640572588946,0.3457791557930796,3.337124208174047,0.2750393215917085,0,,,,0.0,-,2055775002330950528,0.2019109542653723,0.0216542577095708,[32633],-1,4,1,1,TSS 201356.32+343515.09T59800
678,1,-,55,2,2,4,158.66658957636932,146.86628888877087,0.1393154150553873,0.1518094394596441,159,147,966,147,158.4266612908342,146.85011258475836,158.66658957636932,146.86628888877087,302.1197896207169,34.46293526807936,0.0007785760931732,0.0008314333460206,71.81352976790541,0.915686910225034,207,210,208,4,59798.048986480106,59798.06981978331,59798.05593091466,0.0208333032060181,39.25894,-3.9848468,1,5.354691820356612,14.778406143188477,10.292718887329102,1,11.113073612892348,0.9516370686044422,0.4126632369487591,0,0.1574752877868293,0.8917992693894651,0.3345570167918588,3.832644403347048,0.502683281942681,0,,,,0.0,-,2058726675674429824,0.1713275597031724,-0.0839420563580404,[31076],-1,4,1,1,TSS 200828.75+342746.57T59798
861,2,-,55,2,2,4,168.50000000032313,211.64401865240933,0.1108663453138571,0.1123939105571325,169,212,976,212,168.36631332485464,211.73218147195303,168.50000000032313,211.64401865240933,302.24849099869067,34.11860731636545,0.0006121096855557,0.0006272065612837,71.58200603310284,0.6395079540341235,1176,1193,1177,18,59804.80590631409,59804.92396121334,59804.81285072001,0.1180548992488184,80.52955,-4.7648883,1,8.17983859826905,23.354049682617188,6.656499862670898,1,27.001887253455894,0.981478126114714,0.1782030442807872,0,0.0672189496474275,0.6950052261589712,0.3771439194397153,3.3168879537625315,0.3699524486257081,0,,,,1.0,-,2055328016510237568,0.0600997979128123,-0.1268634639434083,[32762],-1,13,2,1,TSS 200859.64+340706.99
1832,1,-,55,2,2,4,118.50000000126292,159.76919611312388,0.1222533292700618,0.1291693866848114,119,160,926,160,118.35303967735253,159.9218789457056,118.50000000126292,159.76919611312388,302.39856682089544,34.50666883200261,0.0006805477117579,0.0007124896146581,71.97510492604006,0.7465279190542072,2035,2038,2036,4,59811.68779360961,59811.708626601765,59811.69473794033,0.0208329921515542,52.52196,-4.3008523,1,6.50433636756723,13.457091331481934,9.185942649841309,1,14.090631432203692,0.9596540964883764,0.5325524378951174,0,0.0488746794248196,0.8326260110368913,0.3453230925531018,2.777035558739274,0.2889647879176428,0,,,,0.0,-,2058715336960712576,0.1921656993242777,0.0226696692636778,[36683],-1,4,1,1,TSS 200935.66+343024.01T59811
1362,1,-,55,2,2,5,175.92531954383688,136.19965263440153,0.1212244627621173,0.1277372313226366,176,136,1239,136,176.00895518009818,136.23288980472074,175.92531954383688,136.19965263440153,300.4747420996168,33.77555168645534,0.0006622227475259,0.0007031978655912,70.50335920998897,1.6976822351081653,956,967,958,12,59803.27813640739,59803.35452493165,59803.29202523018,0.0763885242631658,38.699635,-3.9692674,1,4.822407067892905,11.368882179260254,5.354780197143555,1,14.419851240778458,0.9571668122621382,0.2991235730101467,1,0.059011979759106,0.7758108722801651,0.3948148907128642,3.352931530822361,0.5985083958866253,0,,,,4.0,-,2058436061017649536,0.1111418307511939,-0.2405161973773886,[49226],-1,9,2,1,TSS 200153.94+334631.99
1362,2,-,55,2,2,5,175.77776536463512,135.99307164408484,0.1178248325304908,0.1229211047522981,176,136,1239,136,175.70724575368877,136.25273924969693,175.77776536463512,135.99307164408484,300.475001025112,33.776958247981625,0.000642270584418,0.0006781971984762,70.50466728318575,1.6982436466663404,2585,2589,2586,5,59815.50716909055,59815.53494633192,59815.51411340077,0.0277772413755883,50.37627,-4.255565,1,5.7596911367785335,16.21721649169922,7.750833034515381,1,15.839095292782345,0.9703132016627783,0.2695390967346476,0,0.0,0.7783977910373749,0.3203193450794409,3.468054177342359,1.032220342538119,0,,,,4.0,-,2058436061017649536,0.2586960100395572,-0.0339352074310284,[49227],-1,5,2,1,TSS 200154.00+334637.05
1412,1,-,55,2,2,5,57.89905919075058,63.088496926760094,0.1108912071942964,0.112434880548526,58,63,1121,63,57.73950895228392,63.251199970803775,57.89905919075058,63.088496926760094,300.95371681308734,34.45214139051564,0.0006027600375982,0.0006223176731121,71.28760445835057,1.7207361348675174,1078,1101,1080,24,59804.125354412114,59804.285075797176,59804.13924322861,0.1597213850618573,65.08227,-4.533657,1,6.910262489323895,17.23861312866211,9.44985294342041,1,26.833615537565155,0.9930806451956478,0.1317292400288314,1,0.0394233097724264,0.6915952381353487,0.2717677629887188,3.157509740062975,0.42005881488314,0,,,,4.0,-,2058574049716577280,0.0297687131392194,-0.2420982526891464,[49446],-1,24,1,1,TSS 200348.89+342707.71T59804
1709,1,-,55,2,2,5,123.5000000014056,26.64405953476685,0.1277010749186312,0.1365983397761297,124,27,1187,27,123.35714194160724,26.7611357372098,123.5000000014056,26.64405953476685,300.46242547566374,34.448867509901184,0.000697821951219,0.0007451792800171,71.06974531516767,2.062389404055012,2261,2266,2261,6,59813.2572110004,59813.29193260043,59813.2572110004,0.034721600030025,53.225548,-4.3153005,1,6.614740769680444,25.39295959472656,8.940604209899902,1,12.772327861714498,0.9858310550979136,0.1538216880764093,0,0.0835560773113669,0.8258088290261232,0.1559259288509596,2.3434036322403435,0.2787153532016987,0,,,,0.0,-,2058494472574973056,0.0615418525715085,-0.1382254393205713,[50494],-1,5,2,1,TSS 200150.98+342655.92
1969,1,-,55,2,2,5,45.005011876461225,60.96416796501894,0.1298010197699279,0.1394038543594914,45,61,1108,61,44.94977077227818,60.94006488933607,45.005011876461225,60.96416796501894,301.02363072065145,34.49749873061643,0.0007145272371664,0.0007616044770516,71.3567292068678,1.6961367547241009,2924,2928,2926,5,59817.88906600889,59817.91684321534,59817.90295461211,0.0277772064509917,33.688904,-3.8187175,1,5.035123473472478,11.388529777526855,7.996724605560303,1,12.389490252108804,0.957913516996522,0.3450556402607055,1,0.0830807882791074,0.8877920733458213,0.195889707171897,2.550807121593517,0.1596886583257737,0,,,,4.0,-,2058574560802711936,0.2497231144864145,-0.2050103416366369,[50845],-1,5,1,1,TSS 200405.67+342951.00T59817
747,3,-,55,2,2,7,134.63069402902502,239.99916443589868,0.1102008382863935,0.1112683537232645,135,240,1710,240,134.58246668967038,240.40709551089503,134.63069402902502,239.99916443589868,298.1133166664968,31.96986985394152,0.0005805134015673,0.0006179391458464,67.92810564707663,2.452647123860315,1671,1675,1671,5,59808.24338526847,59808.27116286631,59808.24338526847,0.0277775978393037,177.77168,-5.6246567,1,11.64000104800322,45.982807,21.002968,1,35.666186088709395,0.9905271108891676,0.1250460716303646,0,0.0533335521374995,0.8475387825220451,0.3004854724276147,3.470210287558999,0.2989319152543236,0,,,,1.0,-,2033830811871995136,0.1013970971505386,-0.0805641915501382,[31223],-1,5,7,1,TSS 195227.20+315811.53
1504,1,-,55,2,2,8,95.50000000270089,115.81631718565492,0.1125904811986076,0.1151406783834029,96,116,1922,116,95.0787791234586,116.08145997544048,95.50000000270089,115.81631718565492,296.612354219756,31.965039287727222,0.0005793920149114,0.0006315036647165,67.27932369425315,3.548840688852556,1325,1329,1325,5,59805.84062257901,59805.86840019104,59805.84062257901,0.027777612034697,84.94909,-4.822897,1,8.634674264024287,27.425416946411133,13.17060375213623,1,20.905407608637088,0.976548824063422,0.2578732728607808,0,0.03214694963519,0.8616304366140756,0.3124989967615566,3.462545514397847,0.0,0,,,,0.0,-,2034533949553936640,-0.1063490665371773,-0.1296440191585759,[32626],-1,5,2,1,TSS 194626.97+315754.14
2262,1,-,55,2,2,8,87.93083588259147,219.46633994662065,0.1546664936398652,0.171071989237992,88,219,1914,219,87.76796527621002,219.5034337301115,87.93083588259147,219.46633994662065,296.9497435840013,31.493905671866123,0.0008176524918929,0.0009250663560868,67.01506416614103,3.06436834291139,3595,3598,3596,4,59822.54868891559,59822.56952179738,59822.55563320952,0.0208328817898291,94.55247,-4.9391823,1,7.961157525591343,27.05205345153809,13.564208030700684,1,9.842181157974442,0.9388433011440545,0.321714433113294,0,0.055712819865974,0.9098675392555616,0.5649781965128193,3.265344469088705,0.3182589949220386,0,,,,0.0,-,2033752265519606784,-0.044541361634856,-0.2793458422413835,[35044],-1,4,1,1,TSS 194747.94+312938.06T59822
1026,1,VST,55,2,2,9,48.25048411108858,142.91832396691436,0.1149688730544955,0.1187479860194806,48,143,92,394,48.01082912892035,142.88501485217873,48.25048411108858,142.91832396691436,308.27242052044335,35.42980995099673,0.0006607715247236,0.0006636262962732,75.47306161312699,-2.686403195785947,1255,1258,1256,4,59805.35451432243,59805.37534753553,59805.36145872672,0.020833213100559,75.19683,-4.690499,1,7.480185298608752,21.313928604125977,12.709413528442385,1,17.784045594810696,0.9622006172751292,0.3111566092196057,0,0.0710843397347716,0.8565516823722974,0.1163642589684304,2.4171916344349804,2.5622215538902178,0,,,,1.0,-,2056668866629471104,-0.0037617201748787,-0.1247113206791823,[],-1,4,1,1,TSS 203305.38+352547.32T59805
1218,2,-,55,2,2,9,25.50000000270089,45.92222390166361,0.1113511163073945,0.1131836500162007,26,46,70,297,25.41171864322899,46.20373372297896,25.50000000270089,45.92222390166361,308.1484364873519,35.97653910389381,0.0006364954286791,0.0006305722457447,75.85383411309017,-2.2810212750323267,2589,2593,2590,5,59815.53494633192,59815.56272357283,59815.54189064215,0.027777240909927,73.07685,-4.6594496,1,7.799590448910085,27.97774314880371,10.05703067779541,1,24.4149669681698,0.9866596582077126,0.1848243784400673,0,0.0,0.7927235810766424,0.3208776556051298,3.1198276616339564,0.2638737842587909,0,,,,0.0,-,2056888841976119552,0.0302349227951026,-0.1167079530327441,[26092],-1,5,2,1,TSS 203235.62+355835.54
1496,2,-,55,2,2,9,108.49999999967626,71.64406883523992,0.132266583756501,0.1426634010264538,108,72,152,323,108.521417940425,70.97889754535016,108.49999999967626,71.64406883523992,307.68554740488537,35.649299262202014,0.0007634052672209,0.0007889419223613,75.36767862460576,-2.1714858423534507,2278,2279,2279,2,59813.37526443701,59813.38220875655,59813.38220875655,0.0069443195388885,39.87949,-4.001874,1,5.137945943367945,13.472332000732422,8.406135559082031,1,11.997645944944736,0.8263311463003714,0.6204439359829503,0,0.0,0.6703815557633723,0.0631111601251618,3.848484766888798,2.7298409938812256,0,,,,9.0,-,2056786411295564032,-0.1362818209097156,0.0797663220630511,[],-1,2,4,1,TSS 203044.53+353857.48
1736,1,-,55,2,2,9,120.6723012489582,145.67157397315137,0.1153544819066145,0.1193199576700391,121,146,165,397,120.0,145.5767376222318,120.6723012489582,145.67157397315137,307.8148190490697,35.24407697947835,0.000662410059727,0.0006673051731337,75.1020917983892,-2.495331977080767,3341,3348,3348,8,59820.78483814366,59820.83344820722,59820.83344820722,0.0486100635607726,77.52537,-4.72361,1,3.2858615026657296,22.76202774047852,7.409763813018799,1,17.451210553758074,0.9372438386592769,0.6879660300823226,0,0.0,0.295460920428745,0.4023392506249446,2.051780554121257,1.1414849758148191,0,,,,0.0,-,2056581008780576640,-0.0083057208813386,-0.8621168307871585,[26995],-1,5,2,1,TSS 203115.56+351438.68
1568,1,-,55,2,2,10,182.22225012672064,255.75516230762852,0.1166695970557847,0.121249603596627,182,256,477,507,182.1598122635253,255.7713033234066,182.22225012672064,255.75516230762852,306.1455832171838,33.92171963071411,0.000668126021428,0.0006828518355582,73.22529524659683,-2.148219945054741,3360,3363,3360,4,59820.91677974392,59820.93761262804,59820.91677974392,0.0208328841181355,88.44765,-4.8667154,1,7.901492768586662,20.773815155029297,8.25930404663086,1,16.502428710700134,0.9792910340367366,0.2433002985071103,0,0.0,0.7169774362099056,0.3487107343141203,2.7480984337284733,1.1570303995942643,0,,,,0.0,-,2056187589774269056,0.1310979547921533,-0.23822110599599,[31433],-1,4,1,1,TSS 202434.94+335518.19T59820
1649,1,-,55,2,2,10,40.6666666668468,137.0277651393983,0.2601887973108263,0.2933359988614117,41,137,336,388,40.694730316359525,136.54071599786982,40.6666666668468,137.0277651393983,306.7010956497731,34.8746830884443,0.0015125183125406,0.0016188621986636,74.26863652086746,-1.9719321975692248,3462,3464,3464,3,59821.6250977792,59821.638986368,59821.638986368,0.0138885887936339,49.85654,-4.2443056,1,4.5638883644673145,13.379674911499023,10.529973983764648,1,6.651975576687288,0.7853296265488364,0.6020879896021482,0,0.0964686959875232,0.8275045205536298,0.3321465955995135,2.517944229610692,0.676513571133107,0,,,,0.0,-,2056369769410615552,-0.5632716759836853,0.1794253799572516,[31474],-1,3,1,1,TSS 202648.26+345228.86T59821
930,1,-,55,2,2,11,200.8501955518747,111.87585570904284,0.1117223665835799,0.1137777824698429,201,112,752,363,200.52799919526876,112.1999343139559,200.8501955518747,111.87585570904284,304.038082147188,33.95385321871953,0.0006279740613257,0.0006391743636053,72.26097032415944,-0.6891819984898425,925,934,926,10,59803.06285963945,59803.12535934885,59803.06980405167,0.0624997093982528,78.00388,-4.7302904,1,7.484544532699236,32.40501,10.5707,1,23.062852003085773,0.9891687635888756,0.164154375338141,0,0.1246638672293564,0.8959939809285726,0.4764666745053243,3.689158577019416,0.613086728136228,0,,,,0.0,-,2055542760565723008,0.0858518759617936,-0.0876462750235305,[26410],-1,8,1,1,TSS 201609.14+335713.87T59803
961,1,-,55,2,2,11,217.88353731480325,239.6569340595022,0.112359270494916,0.1147807949074032,218,240,769,491,217.8803883241557,239.78016541020207,217.88353731480325,239.6569340595022,304.29936053354635,33.2665469958994,0.0006347002763626,0.0006482750474277,71.81255210767475,-1.2537332972448114,1042,1044,1042,3,59803.87535569583,59803.88924451442,59803.87535569583,0.0138888185902033,57.606613,-4.4011807,1,6.823769458204144,18.575546,10.722156,1,21.38616562624199,0.9849506443884276,0.1979290080944741,0,0.0,0.8174345912312924,0.3249374641757681,2.623377275200156,0.5771190204818515,0,,,,4.0,-,2054617388398184576,0.0386245114955272,-0.1460116111024376,[26506],-1,3,1,1,TSS 201711.85+331559.57T59803
993,1,-,55,2,2,11,136.52948035092297,59.63209747886827,0.1216973861082511,0.1283968415623259,137,60,688,311,136.67648089705258,59.55255653358572,136.52948035092297,59.63209747886827,304.28293168907925,34.38115157282644,0.0006889170297115,0.0007143151716719,72.72855851214588,-0.6183637755458864,1149,1151,1149,3,59804.618407343056,59804.6322961563,59804.618407343056,0.0138888132423744,29.99934,-3.6927793,1,4.834147300164526,10.556242,8.449563,1,14.264188396455662,0.9629374663041892,0.3545365901815543,1,0.1488346815727417,0.790570185258285,0.5456345563902371,3.119929874184768,0.9619343089411276,0,,,,0.0,-,2055558845228646784,0.0808670254459684,-0.1257115371774944,[26573],-1,3,1,1,TSS 201707.90+342252.15T59804
1495,1,-,55,2,2,11,25.50000000263351,189.42185292599453,0.1224672818682046,0.1294659001505334,26,189,577,440,25.23747332783057,189.4682051737996,25.50000000263351,189.42185292599453,305.3397103797871,34.01042303820933,0.0006997790753332,0.0007247134245997,72.91571100444435,-1.5491902508316358,2785,2786,2785,2,59816.89603063125,59816.90297493635,59816.89603063125,0.0069443051033886,37.89605,-3.946485,1,5.617264536778958,15.852105,10.975833,1,14.02635234791945,0.9446952807061408,0.3119832671030679,0,0.0,0.7001465235035698,0.257289801963614,3.183852064755981,0.1067700098810775,0,,,,0.0,-,2054749604664946432,0.0265620232737546,-0.1262787988067089,[28473],-1,2,1,1,TSS 202121.53+340037.52T59816
635,1,-,55,2,2,12,159.02148773858033,118.08850134708445,0.1201065912732225,0.1261686812679872,159,118,966,369,158.68376044288968,118.25266384663402,159.02148773858033,118.08850134708445,302.75952336635373,33.3636434348374,0.0006729738862445,0.0007042728533916,71.18094081726845,-0.1284115488526143,246,249,247,4,59798.31981939064,59798.34065268872,59798.32676382333,0.020833298083744,37.01271,-3.9208772,1,5.069270737732775,12.407833099365234,9.209066390991213,1,14.8215884084394,0.9812505782186814,0.1952637048808209,1,0.1064090086404066,0.8752782458468547,0.1979518838193853,3.4576599109268837,0.0471366641416679,0,,,,0.0,-,2055228854302924160,0.0492732590223568,-0.1353105194430668,[36780],-1,4,1,1,TSS 201102.29+332149.12T59798
830,1,-,55,2,2,12,118.66666666651528,161.75517418369168,0.1113660825823635,0.1132077609316882,119,162,926,413,118.51598288888869,161.82627281690696,118.66666666651528,161.75517418369168,303.12718344330204,33.251606917964025,0.0006223163054366,0.0006375999044355,71.25595533854649,-0.4467470140119581,607,613,608,7,59800.82675744715,59800.86842397464,59800.83370186843,0.0416665274897241,83.029686,-4.798084,1,7.9943905962655295,27.40717124938965,9.648455619812012,1,24.352582940700906,0.9708312368747396,0.2642818188970949,0,0.0774140994928018,0.8702486215317019,0.3179399932631713,3.138751407206805,0.4597296622528334,0,,,,0.0,-,2055042212205999488,-0.4930329863351517,-0.0172258019564992,[39040],-1,6,1,1,TSS 201230.52+331505.78T59800
1924,1,-,55,2,2,12,125.64613095187256,156.40579075677596,0.1268017034693438,0.1353877414689563,126,156,933,407,125.58095911094188,156.42559290330723,125.64613095187256,156.40579075677596,303.06988163356664,33.2600779298303,0.000715130285513,0.0007547874552329,71.23666643792414,-0.4020725904016208,3266,3270,3267,5,59820.26401600839,59820.2917931904,59820.27096030396,0.0277771820037742,73.33569,-4.6632886,1,7.664749261975456,20.35584259033203,11.819435119628906,1,12.953318320151157,0.9672784731795784,0.2715438198664254,0,0.1962817483085033,0.920011383669032,0.3126968000983708,3.3744330022386384,0.1596424270819836,0,,,,9.0,-,2055040940895741696,0.0952843618795213,-0.0898924787246642,[42667],-1,5,1,1,TSS 201216.77+331536.28T59820
1380,1,-,55,2,2,13,14.66667641121274,137.3106700742786,0.1125438893538993,0.1150683205304967,15,137,1078,388,14.65152483838734,137.44283156555016,14.66667641121274,137.3106700742786,302.15042418825965,32.97242809950441,0.000624248181963,0.0006461339179101,70.57506285711865,0.08586492493251,979,983,979,5,59803.4378578637,59803.46563550695,59803.4378578637,0.0277776432412792,62.653484,-4.492363,1,7.002075574363807,20.303478,10.326731,1,20.99810014003302,0.9768774272386838,0.2565349197577612,1,0.0469463894136448,0.7982809775087144,0.2929974449038845,2.70640325776907,0.5306505613830903,0,,,,0.0,-,2055113302516839936,0.1698946465810422,-0.0593664709138579,[47016],-1,5,3,1,TSS 200836.10+325820.74
1027,1,-,55,2,2,14,52.66666666669279,172.90628835202628,0.1143783085429768,0.1178658726017247,53,173,1372,424,52.36471254629198,173.11520111485692,52.66666666669279,172.90628835202628,300.54030503962224,32.0050351961885,0.0006259317292715,0.0006598215947242,69.0302354346383,0.7134670771548751,614,618,615,5,59800.87536839569,59800.90314607991,59800.88231281674,0.0277776842194725,47.897274,-4.200777,1,5.744987089660722,13.8813,8.451301,1,18.359247583631603,0.9502139519348078,0.4261645276787388,1,0.006506207703745,0.8859425155765333,0.3882982705240178,3.416556025631277,0.6604176385315618,0,,,,4.0,-,2031061073348375040,0.2086139790815195,-0.0326396148250296,[34486],-1,5,1,1,TSS 200209.67+320018.13T59800
1121,1,-,55,2,2,14,220.1022145910736,27.64406672163563,0.1108240342865487,0.1123240511424691,220,28,1539,279,219.85039983443755,27.848892024511372,220.1022145910736,27.64406672163563,299.171378243664,32.25743239261504,0.0005931871784748,0.0006259894267356,68.63681808108278,1.83277441338275,791,800,793,10,59802.1045304839,59802.16703022752,59802.11841931599,0.0624997436170815,83.215775,-4.800514,1,7.974884938372433,25.968212,8.795176,1,27.300640582386038,0.9773850075432732,0.1813299193874133,0,0.0616596429512487,0.92628821976321,0.2175262686292188,2.6624578164889385,0.375107198037802,0,,,,1.0,-,2034040062678622336,0.0753290894954261,-0.1431226601814614,[34920],-1,8,2,1,TSS 195641.13+321526.76
1121,2,-,55,2,2,14,220.1111200187794,27.644044212305896,0.1224149540194155,0.1293934200617632,220,28,1539,279,220.14305017893352,27.732625191419796,220.1111200187794,27.644044212305896,299.171328207624,32.25740785047726,0.0006613432495383,0.0007141077203084,68.63677511262073,1.8327978300705936,1205,1212,1206,8,59805.00729407949,59805.05590491674,59805.01423848495,0.0486108372497255,36.572666,-3.9078915,1,5.0144682592848095,11.199463,5.5373535,1,14.041949999930914,0.955018136932046,0.4778560376400034,1,0.2010221675375146,0.7304015423576931,0.1794246531719395,2.058849603722188,0.5423173114409364,0,,,,1.0,-,2034040062678622336,0.0664236618135873,-0.1431001508818781,[34921],-1,7,2,1,TSS 195641.12+321526.67
1120,1,-,55,2,2,15,168.11111111559126,66.63280521844179,0.1153642686884697,0.1193344354588785,168,67,1743,318,168.0516763414762,66.61734473502054,168.11111111559126,66.63280521844179,298.154245877742,31.50173149762526,0.0006121678858287,0.0006604542437272,67.54334763312848,2.183260935272763,753,756,754,4,59801.84064265287,59801.86147590415,59801.84758706996,0.0208332512847846,55.13184,-4.353506,1,6.360692287753623,14.248113632202148,9.337106704711914,1,17.443142487343867,0.9758316657675836,0.2320285292382702,1,0.1676270290501864,0.9120711705656176,0.3033961542196252,2.8029919927434843,0.2561534934011849,0,,,,0.0,-,2033798479355967744,0.1431412824376821,-0.2688353073543226,[40946],-1,4,2,1,TSS 195237.02+313006.23
1640,2,-,55,2,2,15,101.06307288519116,188.1081323456155,0.1178309935075934,0.1229299658230616,101,188,1676,439,100.84229994704567,188.3770011086824,101.06307288519116,188.1081323456155,298.87216659733286,31.096900959628407,0.000633905200738,0.000683121050988,67.5119208763539,1.4489565968503135,2571,2575,2573,5,59815.40994874224,59815.43772598524,59815.423837363625,0.0277772430054028,50.58744,-4.2601066,1,5.985588958549272,15.50592041015625,7.121024131774902,1,15.835881545975846,0.9320442815395183,0.3243976716036429,0,0.0146863694307644,0.8086733807741096,0.2830365662320281,2.736337910482168,0.3167904272488051,0,,,,1.0,-,2033542907283854592,0.1161092351010211,-0.1251593988664581,[42398],-1,5,2,1,TSS 195529.32+310548.84
1350,2,-,55,2,2,16,209.16714589478937,52.08789499453632,0.1165303059506613,0.1210466524401724,209,52,2035,303,208.9233223677068,52.309029093357175,209.16714589478937,52.08789499453632,296.54845352375423,30.75458707534472,0.0006029114192754,0.0006643732830125,66.20202541478702,2.9908216144464554,1432,1433,1432,2,59806.58367360924,59806.590618010734,59806.58367360924,0.006944401495275,68.289085,-4.5858784,1,6.728122505630664,21.8044,13.629548,1,16.59173568287608,0.9853341575590104,0.2160010747027615,0,0.0,0.5662662648647382,0.3105808351456249,3.0463889621932934,0.1893918961286544,0,,,,0.0,-,2032194802949789696,0.2202682480744897,0.0182858032263197,[34209],-1,2,6,1,TSS 194611.63+304516.51
1350,6,-,55,2,2,16,209.06176498767715,52.17066896058654,0.1516267755846377,0.1673151286735319,209,52,2035,303,208.90076213696224,52.49383024535516,209.06176498767715,52.17066896058654,296.5492420237297,30.754487423533725,0.0007966537457709,0.0009055680333757,66.20227844159986,2.990185031781016,3705,3706,3705,2,59823.312561080886,59823.31950536992,59823.312561080886,0.0069442890380742,50.59838,-4.2603416,1,5.201830958846135,16.864492,12.822943,1,10.04833937225256,0.9504151702971402,0.3165682168150666,0,0.0490632575160974,0.8532247063543862,0.3403412926488389,3.2807509312540435,0.2278820831763464,0,,,,0.0,-,2032194802949789696,0.3256491540028037,-0.0644881619549551,[34211],-1,2,6,1,TSS 194611.82+304516.15
1843,1,-,55,2,2,16,175.1111110692611,239.9774174907269,0.1564133932546523,0.1732202024257105,175,240,2001,491,175.05066493047633,239.97206217368785,175.1111110692611,239.9774174907269,297.2645220873232,29.945667255193285,0.0008345331829533,0.0009443898143593,65.81345752097944,2.0498168058605843,2635,2657,2641,23,59815.85438457607,59816.007159368,59815.89605042975,0.1527747919390094,40.08162,-4.007363,1,5.116643607791031,15.043801,6.448041,1,9.731013515393908,0.9106023151494596,0.3699697890661712,0,0.1345360618788432,0.7061608448550888,0.5200101416793445,2.1512093680388893,0.4833550089352205,0,,,,0.0,-,2031908075284988032,0.1671424993071468,0.0050014774711257,[35706],-1,18,1,1,TSS 194903.49+295644.40T59815
1718,2,-,55,2,2,18,28.035048224223758,109.53295555531972,0.1139027874172827,0.1171496993509266,28,110,323,617,28.269445473926897,109.80900166105292,28.035048224223758,109.53295555531972,307.42105128037826,33.736479979506335,0.000655954470015,0.0006638912546441,73.68981135396795,-3.118577653342515,1875,1878,1875,4,59810.57669918859,59810.59753224942,59810.57669918859,0.0208330608293181,52.575768,-4.301964,1,6.231894392386377,14.327741,9.131255,1,18.894836621340577,0.840127964885115,0.7489527244533116,1,0.1412813254017685,0.9021355026890954,0.1855488852179896,3.125584504627599,0.2889532774171522,0,,,,9.0,-,2056043145740161920,0.1018162113808784,-0.146354787340897,[30633],-1,4,3,1,TSS 202941.05+334411.33
1745,2,-,55,2,2,18,242.1110971393408,141.02601430114942,0.109873614726362,0.1106662404390753,242,141,537,648,241.81398218639416,141.25643643520442,242.1110971393408,141.02601430114942,306.169971434711,33.04969251678526,0.0006276109503583,0.0006309198857085,72.52292733170681,-2.6662913711717304,2030,2037,2030,8,59811.6530719544,59811.70168227104,59811.6530719544,0.0486103166404063,291.62714,-6.1620703,1,15.181978982705605,74.80481,29.790388,1,94.54664326154446,0.998105446514602,0.070505779999268,0,0.0124445127951709,0.755965560797381,0.332599952923311,2.7039064522067777,0.0763933327598918,0,,,,1.0,-,2054414494147507968,0.0870018089814266,-0.0965318601317903,[30696],-1,8,3,1,TSS 202440.79+330258.89
1762,1,-,55,2,2,18,69.99996529228353,187.0885010651616,0.1147574947982777,0.1184331375287615,70,187,365,694,69.8665922670749,187.21970355495813,69.99996529228353,187.0885010651616,307.37244266729965,33.2341981199828,0.0006621936125129,0.0006732102017811,73.25808447107532,-3.37961704633471,2093,2097,2093,5,59812.09056468406,59812.11834199203,59812.09056468406,0.0277773079651524,48.326797,-4.21047,1,6.093548527927614,19.571661,9.674822,1,17.979994871649385,0.9712627705484876,0.3146006650416261,0,0.0608488188179703,0.8241266229303699,0.2206552152923753,2.9821018987109893,0.2309457215311906,0,,,,0.0,-,1863768145784216960,-0.0030164007001758,-0.1238900164046299,[30722],-1,5,1,1,TSS 202929.39+331403.11T59812
512,1,-,55,2,2,21,62.1173563635631,118.10877029136572,0.1105137341124553,0.1118057399597867,62,118,1125,625,62.01532308552155,118.03329083900002,62.1173563635631,118.10877029136572,302.54956045390355,31.659772352891025,0.0006163532091099,0.0006350276370847,69.65721422190641,-0.9113582737474136,163,166,163,4,59797.743431312265,59797.764264622696,59797.743431312265,0.020833310431044,84.95438,-4.822964,1,8.36426464741367,32.496677,15.76465,1,30.15930136485533,0.9828364346352736,0.2001556368696453,0,0.0,0.7687115699703467,0.165812715783631,3.093647925878922,0.6528915895843136,0,,,,1.0,-,2054777058098784384,0.0937434332054181,-0.0614312732142252,[22895],-1,4,1,1,TSS 201011.89+313935.18T59797
1614,1,-,55,2,2,21,142.86834795271628,48.56396407996908,0.1150026939102416,0.1187982743174519,143,49,1206,556,142.84334194497183,48.50462166841393,142.86834795271628,48.56396407996908,301.8774926281436,31.795702770716044,0.0006395202281669,0.0006695005789073,69.4609631349658,-0.3575269883468662,2467,2468,2467,2,59814.687740268586,59814.694684582304,59814.687740268586,0.0069443137181224,50.972652,-4.268343,1,6.287680043416385,17.40916,11.101047,1,17.753626103778082,0.9612632327992056,0.3028716842520433,0,0.0,0.6006489557354047,0.3476490580991501,3.1090708535531992,0.1390527089818905,0,,,,1.0,-,2030819799250475392,0.1124563178136668,-0.1422063535844699,[28164],-1,2,1,1,TSS 200730.60+314744.53T59814
1367,1,-,55,2,2,23,70.62012710149902,98.8662888888671,0.1267574418540636,0.135328015378823,71,99,1646,606,70.8038919334641,98.45104773922635,70.62012710149902,98.8662888888671,299.51968954733246,30.35991058185,0.0006927789902772,0.0007532538025804,67.17173922667718,0.5903092694522245,857,860,857,4,59802.56286188396,59802.58369512641,59802.56286188396,0.0208332424444961,51.732803,-4.284415,1,5.746029470558277,14.413074493408203,8.664861679077148,1,12.96252411133279,0.9008211599505596,0.4069388926089676,1,0.1498582334026584,0.8511003205879659,0.599470904060657,4.011787052732551,1.311025424611349,0,,,,1.0,-,2030446205848673408,0.2455945667632022,0.1880323354561142,[42553],-1,4,1,1,TSS 195804.73+302135.68T59802
548,1,-,55,2,2,24,204.79755796364097,63.50190563496344,0.1143665901448986,0.1178482894556426,205,64,2031,571,204.58397451641903,63.70934231933629,204.79755796364097,63.50190563496344,297.3351407802528,29.47738743428264,0.0006004193101571,0.000654066252208,65.4404850125066,1.7598282193588846,82,85,83,4,59797.180931678566,59797.20176500925,59797.18787612221,0.02083333068731,89.86416,-4.883966,1,7.888293220557539,20.587936,10.709583,1,18.37159176680781,0.9751482856794726,0.1978084230503163,0,0.0,0.9117784630589822,0.4001820281182967,3.251958416002851,0.0678324067615624,0,,,,0.0,-,2031832037173006720,0.2845018259645258,-0.0545392205452799,[25238],-1,4,1,1,TSS 194920.43+292838.59T59797
845,1,-,55,2,2,25,156.94049878019112,50.77898997578832,0.1286251981486742,0.1378364905223859,157,51,201,814,156.9176236325758,50.86313580940187,156.94049878019112,50.77898997578832,308.73616418294193,33.00292124642256,0.0007518028197125,0.0007821777857606,73.74675036767962,-4.438082737600471,665,666,666,2,59801.229533834776,59801.23647825443,59801.23647825443,0.0069444196560652,38.524433,-3.9643407,1,5.526822343511401,13.755117416381836,8.691619873046875,1,12.597493035995935,0.9368154229963124,0.6885019674825703,0,0.0,0.6385102345173852,0.3542280115758365,1.67638850294885,0.8770978450775146,0,,,,1.0,-,1863614763911601152,-0.1258269828299205,0.5382270986261801,[22141],-1,2,2,1,TSS 203456.68+330010.52
520,1,-,55,2,2,27,99.1111301840118,100.45618647635212,0.1102258329108525,0.1113120537238933,99,100,650,863,99.06556977359232,100.47637629272327,99.1111301840118,100.45618647635212,306.0756344831983,31.655916153915925,0.0006318909477428,0.0006395216639637,71.3342995863465,-3.4012089430600545,168,179,169,12,59797.77815349577,59797.85454229454,59797.78509793243,0.0763887987704947,137.33083,-5.34442,1,10.9139145479596,50.6137580871582,18.246957778930664,1,35.01964961594609,0.9913412578117572,0.1448936724116659,0,0.0627984368660632,0.846365037653369,0.213708985742882,3.021241585612126,0.5511079387526769,0,,,,0.0,-,1862072286543714688,0.1006233445981479,-0.0651354038391218,[25418],-1,12,1,1,TSS 202418.15+313921.30T59797
633,1,-,55,2,2,27,228.00000923541904,37.53295555570697,0.1099775464195995,0.1108676381140849,228,38,779,801,227.83656165388183,37.64120729725916,228.00000923541904,37.53295555570697,305.1145933803238,31.658400041771504,0.0006262737665998,0.0006355425838167,70.86981993014,-2.7273603517778606,292,298,292,7,59798.63926325623,59798.68092984169,59798.63926325623,0.0416665854645543,163.50407,-5.5338216,1,11.684936595164078,73.6247787475586,26.65716552734375,1,47.16615315177416,0.993157810051189,0.1334618438561856,0,0.037774165489829,0.8450361597199284,0.2448510786565731,2.944971227247061,0.0745759937090718,0,,,,0.0,-,2054212493244046720,0.1127344931265952,-0.0535109072839077,[26966],-1,7,1,1,TSS 202027.50+313930.24T59798
1621,1,-,55,2,2,28,81.4999579370306,140.47739999999993,0.1633038761277357,0.1816239757153679,81,140,888,903,81.52477411018907,140.2145141673614,81.4999579370306,140.47739999999993,304.74343915905143,30.84968570577873,0.0009471913576319,0.0010260281115309,70.02202240914914,-2.921457852783571,2017,2021,2017,5,59811.56279564159,59811.59057297004,59811.56279564159,0.027777328454249,37.00863,-3.9207575,1,5.619769767354238,13.7318125,6.8639617,1,9.33591311672878,0.8428396351070957,0.78304345243241,0,0.1380620696211744,0.6713725636802248,0.373270546355972,2.458047942675454,1.8223810398939728,0,,,,5.0,-,1861636742497848448,-0.468886760605983,-0.6995000227143464,[27920],-1,5,1,1,TSS 201858.43+305058.87T59811
1743,1,-,55,2,2,28,193.32894160548548,118.64406499364988,0.1293085581073499,0.1387484683829027,193,119,1000,882,192.84971569473743,118.82294427824245,193.32894160548548,118.64406499364988,304.01505880777535,30.67684309372279,0.0007406923485152,0.0007870931271094,69.52806068487725,-2.499370720523725,2997,3004,2998,8,59818.39599996864,59818.44461006828,59818.40294426862,0.0486100996495224,45.897804,-4.15448,1,5.722486114886211,15.274312,7.6515174,1,12.474759158018792,0.9289417286041236,0.3981219524602128,0,0.1205758685079245,0.7831224913919511,0.2905282182304893,3.301601601777054,0.961427163970328,0,,,,0.0,-,2053696925375754112,0.5126616976840523,-0.5993095000601443,[28080],-1,7,1,1,TSS 201603.61+304036.64T59818
580,1,-,55,2,2,29,69.38551639913592,119.03645946709176,0.1489599882878204,0.1639980843138289,69,119,1132,882,69.22114575624173,119.08634242666255,69.38551639913592,119.03645946709176,303.2375731395469,30.33402435532665,0.0008530852422962,0.0009245611876376,68.87123491156004,-2.131230339834446,93,96,93,4,59797.25732055254,59797.2781538795,59797.25732055254,0.0208333269620197,29.785679,-3.6850188,1,4.4000746395750685,12.836705,9.017426,1,10.244323693268631,0.922533532107458,0.3823257388159361,0,0.247393667860078,0.821219228937417,0.4082410100971916,3.5181208356040514,0.2174074966550063,0,,,,0.0,-,2029693242197838720,0.168865289512496,0.0158511988230429,[28203],-1,4,1,1,TSS 201257.02+302002.49T59797
979,1,-,55,2,2,29,182.0373307099142,113.86627069203446,0.1203870428919294,0.1265634850128748,182,114,1245,877,181.93525181972743,114.01939773390798,182.0373307099142,113.86627069203446,302.56640893241905,30.06716398191513,0.0006788879798141,0.0007182439196904,68.32988027362089,-1.7921592720592785,648,651,648,4,59801.11147869664,59801.13231195701,59801.11147869664,0.0208332603724556,34.102528,-3.8319664,1,5.041048136523477,13.308668,9.443211,1,14.715926858759568,0.9549832741245587,0.2784679047562263,1,0.1823659368265104,0.8983137595870225,0.3299951062664937,3.060512906563105,0.7467446732637836,0,,,,4.0,-,2029670534725055872,0.1021411226086002,-0.1638612601454951,[32921],-1,4,2,1,TSS 201015.94+300401.79
979,2,-,55,2,2,29,182.20151156408656,113.82753793289166,0.11514295107392,0.1190065696795728,182,114,1245,877,182.09104915413403,113.8917170174338,182.20151156408656,113.82753793289166,302.56534774158337,30.0669323938528,0.0006470325378685,0.0006775981616866,68.32918504426776,-1.7915156772980214,1038,1043,1038,6,59803.84757805888,59803.88230010525,59803.84757805888,0.0347220463663688,53.978218,-4.3305464,1,6.327575629558681,18.328428,5.8166122,1,17.63006898443841,0.9695236928242168,0.2456762137898011,0,0.0,0.7543803096625026,0.2575149639050653,2.579234087253239,0.0,0,,,,4.0,-,2029670534725055872,-0.0620397314116871,-0.1251285011049958,[32922],-1,4,2,1,TSS 201015.68+300400.96
1596,1,-,55,2,2,29,77.111127938444,59.31073333367949,0.119045571336821,0.1246667400582384,77,59,1140,822,77.10667311462814,59.311117502506725,77.111127938444,59.31073333367949,303.02325168942974,30.61934733053389,0.0006729662109092,0.0007078514469651,69.00813032189609,-1.8200893044480544,1613,1614,1613,2,59807.84061009016,59807.84755449003,59807.84061009016,0.0069443998727365,66.03144,-4.549377,1,6.796227527200646,18.980366,13.436825,1,15.255959695272916,0.9512441304136132,0.3198412411419415,0,0.0,0.7955926230699489,0.2748577676267732,3.4425793110805003,0.3920499240453151,0,,,,0.0,-,2029715202386308864,0.1816784102716155,-0.0833869879411395,[35056],-1,2,1,1,TSS 201205.58+303709.65T59807
366,2,-,55,2,2,31,34.55555528317666,44.69642650535174,0.1776032982284976,0.1987668316244293,35,45,1610,808,34.41297223188713,45.039229134903735,34.55555528317666,44.69642650535174,300.2974429077741,29.45198408584588,0.0009928190125753,0.0011043991016311,66.75338167385908,-0.4603220902130962,3192,3196,3193,5,59819.75013810652,59819.77791529248,59819.757082403004,0.0277771859618951,28.211569,-3.626068,1,4.318429322589452,10.204225540161133,5.385716438293457,1,8.678637663486056,0.8291127683497139,0.5492797419613091,0,0.2895418482545156,0.8318226091273775,0.298039337057834,4.716937142608525,0.0,0,,,,0.0,-,2030140850843086848,0.3068186703733317,-0.1861512471795094,[21217],-1,4,2,1,TSS 200111.39+292707.14
1808,2,-,55,2,2,33,157.11109013876816,173.08852413110102,0.1114951381080847,0.1134150907840728,157,173,201,1192,157.08966047934965,173.19789577950704,157.11109013876816,173.08852413110102,309.7527595717971,31.003454155377263,0.0006515149612178,0.0006574753135146,72.65695626051706,-6.325887954087861,2441,2451,2442,11,59814.50718810185,59814.57663124511,59814.51413241628,0.0694431432566489,83.34474,-4.8021955,1,8.216052853225163,30.521008,8.878771,1,23.84497786770104,0.9687003852878951,0.3052042302569512,0,0.0,0.4571838775026041,0.349290585185511,3.0553150477798,0.8605681603221568,0,,,,9.0,-,1862308509734350464,0.1108306111696038,-0.7032141929862519,[23591],-1,10,2,1,TSS 203900.66+310012.43
1305,1,-,55,2,2,34,157.00000176977622,128.51629238706752,0.1098679524427921,0.1106537499814802,157,129,452,1148,158.04554362186587,127.82750463657976,157.00000176977622,128.51629238706752,308.0732343762511,30.64951823269624,0.0006375314994095,0.0006418909914046,71.50837719101735,-5.377307813180519,1513,1533,1524,21,59807.14617008111,59807.285058088695,59807.2225584857,0.1388880075828638,964.97754,-7.4612927,1,3.5798705437479104,258.852294921875,16.95205307006836,1,140.89462227241273,0.7667699768811778,0.8883573319352822,0,0.0,0.5857739784300726,0.5456959475167874,2.918889276371332,1.3754919033063506,0,,,,0.0,-,1861029227955278208,-1.1553658392189163,-0.1422528609832625,[],-1,20,1,1,TSS 203217.58+303858.27T59807
912,1,-,55,2,2,35,112.22222281530682,132.42182518072997,0.1188182167399561,0.1243431140408513,112,132,663,1151,112.1728458800286,132.75711368163311,112.22222281530682,132.42182518072997,306.79054431858646,30.11762146832428,0.000690369005163,0.0007162147866538,70.42698317543193,-4.78819446175937,529,531,530,3,59800.28509249687,59800.29898134387,59800.29203692049,0.0138888469955418,27.584332,-3.6016562,1,4.570584439103951,10.694316864013672,9.189181327819824,1,15.357077916092448,0.951728200275714,0.326490033276246,1,0.2993546726757529,0.25664886509501,0.2959067291330687,3.707523862805055,0.9141782555046208,0,,,,0.0,-,1860926698493696512,-0.2524133335965643,-0.1917524383870841,[23058],-1,3,1,1,TSS 202709.73+300703.44T59800
1437,1,-,55,2,2,36,236.11111113160345,154.6440669658977,0.1154767652023924,0.1195007193568566,236,155,1043,1174,236.1743526510056,154.69829666383512,236.11111113160345,154.6440669658977,304.5789652797636,29.055670284082325,0.0006611203988137,0.0006874172999379,68.4543207326115,-3.8100685465599136,1563,1566,1563,4,59807.49339009425,59807.51422329432,59807.49339009425,0.0208332000693189,78.87215,-4.742309,1,7.661497081636948,20.617943,10.229562,1,17.351658304820265,0.9667712576543268,0.2926505320103173,0,0.1803291329689516,0.8241627843680076,0.2863985204643001,2.957604696866128,0.5967053750632788,0,,,,0.0,-,1837168794845137536,0.1522504436557028,-0.0123829237854806,[25367],-1,4,2,1,TSS 201818.95+290320.41
23,25,-,55,2,2,38,56.661491269135496,155.72550100036983,0.1107565304469843,0.1122122278886629,57,156,1376,1175,56.41052573130704,156.0459640061065,56.661491269135496,155.72550100036983,302.6545861547517,28.20064585693549,0.0006216981480197,0.0006445624384973,66.80580860476859,-2.874261855368208,3265,3267,3265,3,59820.257071713066,59820.27096030396,59820.257071713066,0.0138885908891097,110.28477,-5.106289,1,9.494979883721422,32.421936,16.229342,1,27.813162699515324,0.9895907957726404,0.1478243009739273,0,0.0,0.7555517118676727,0.2884204153778602,3.231511833814189,0.0,0,,,,13.0,-,1836834337140192128,0.130839700059596,-0.1161167395227948,[772],-1,3,27,1,TSS 201037.10+281202.33
322,1,-,55,2,2,38,201.88888888829712,51.37618896806111,0.1307657528724719,0.1406834708496028,202,51,1521,1070,201.98813709137693,51.761386783267234,201.88888888829712,51.37618896806111,301.5388089551055,28.357941563682765,0.0007351228032185,0.0007947205483576,66.40617829375216,-1.962760262345581,211,214,212,4,59798.07676421764,59798.097597520384,59798.08370865197,0.0208333027403568,30.947132,-3.726551,1,4.774568216970126,10.14783,7.541542,1,12.229569369650283,0.9261050836026368,0.3775703240696183,1,0.0827303334084519,0.861518973271185,0.3884406956564309,4.455998939151665,0.6477856292074353,0,,,,0.0,-,2029034291136335104,-0.1095870207709595,-0.1885377318276369,[12711],-1,4,3,1,TSS 200609.31+282128.59
908,2,-,55,2,2,38,50.08903255132242,200.6624596537434,0.1133829653321207,0.1163600892285258,50,201,1369,1220,50.17919460122827,200.60472678949503,50.08903255132242,200.6624596537434,302.81791313681737,27.985945276162244,0.0006391471454247,0.0006673503984095,66.70432470326982,-3.1121392170441653,2376,2379,2376,4,59814.05580759785,59814.07664054692,59814.05580759785,0.0208329490706091,40.412865,-4.0162992,1,5.650138062643417,11.303664,6.959668,1,19.57803861445094,0.9826839662659066,0.2993231299428736,0,0.1397542012107244,0.8118049439414416,0.2814685007115381,3.283378444011144,0.5495057147656749,0,,,,4.0,-,1836814408491878784,0.1958271484429588,0.0424263908660123,[15682],-1,4,5,1,TSS 201116.30+275909.40
438,1,-,55,2,2,39,233.20136458716576,80.47739999999995,0.1677398845128305,0.1869813478185548,233,80,1808,1099,233.56492268654657,80.42723658566882,233.20136458716576,80.47739999999995,300.0324455139681,27.4549391166382,0.0009355782602136,0.001042192689656,64.93323987499404,-1.3149574244305129,103,104,103,2,59797.32676497217,59797.33370941371,59797.32676497217,0.0069444415421457,35.79557,-3.8845732,1,5.464572739823408,10.271235,8.177755,1,9.11191049777524,0.8275989484044566,0.4990589835733279,0,0.2801112105943334,0.6401072828093127,0.1871850293783693,4.423339243741286,1.5395439104497055,0,,,,9.0,-,2027423266078991104,0.216110327526394,-0.1896425817367344,[19937],-1,2,47,1,TSS 200007.79+272717.78
699,1,-,55,2,2,40,81.50000000063524,64.53290080857298,0.1116547605850896,0.1136701702306563,82,65,1908,1084,81.46437083169366,64.49189732361869,81.50000000063524,64.53290080857298,299.45047681650834,27.273071448402803,0.0006049943791303,0.0006428491701503,64.50748152296889,-0.969978880273266,260,261,260,2,59798.41704144535,59798.42398587758,59798.41704144535,0.006944432236196,148.90712,-5.4322886,1,11.757213578167072,44.27262878417969,26.25718307495117,1,23.28250458543926,0.991125527067925,0.1259116276072352,0,0.0,0.2449064542705682,0.2119346426098326,2.872379515228308,0.119248531217953,0,,,,0.0,-,2027510952147108224,0.1215247684899623,-0.0807615656729012,[24135],-1,2,8,1,TSS 195748.11+271623.06
699,4,-,55,2,2,40,81.50000000166924,64.5329133068153,0.109879066584706,0.1106777212063476,82,65,1908,1084,81.20611515034,64.52710509914918,81.50000000166924,64.5329133068153,299.4504768518632,27.273071385627443,0.0005939710903093,0.0006273472753844,64.50748148581039,-0.9699789398374226,1224,1233,1224,10,59805.139237778014,59805.20173742199,59805.139237778014,0.062499643972842,545.2254,-6.84144,1,23.076436406535198,151.05239868164062,31.02771377563477,1,81.8891378275878,0.993099685598966,0.0989843860212418,0,0.0,0.7435537857330818,0.1805848356830242,2.783596048051053,0.2965232193576266,0,,,,0.0,-,2027510952147108224,0.1215247674490456,-0.0807740639127132,[24136],-1,10,8,1,TSS 195748.11+271623.06
1196,2,-,55,2,2,40,18.000008739219883,236.75517777774672,0.1139722161506301,0.1172546148698172,18,237,1844,1256,17.881377801766817,236.71407537608772,18.000008739219883,236.75517777774672,300.2788771344078,26.570649451944448,0.0006256892764565,0.000664624826709,64.29686323855512,-1.9672830971161648,2782,2804,2792,23,59816.875197715926,59817.02797242335,59816.94464076628,0.1527747074214858,42.100327,-4.060714,1,5.494707302144089,13.10721206665039,7.923192501068115,1,18.811888998123983,0.984319432929058,0.2186051036515502,1,0.0400202882101324,0.9283869815489326,0.3904693454066633,2.342351071807081,0.7059648359280183,0,,,,9.0,-,1835169573475130496,-0.0912489934676159,0.1201065842055868,[27904],-1,23,2,1,TSS 200106.93+263414.34
1435,1,-,55,2,2,40,151.22035001226607,23.31073306083109,0.1276858617205722,0.1365779088500152,151,23,1977,1042,151.0347808140085,23.262097857781047,151.22035001226607,23.31073306083109,298.9608464687079,27.294679090519715,0.0006951586707482,0.000762459509033,64.29958218730643,-0.5870762894848792,1603,1604,1603,2,59807.771166092185,59807.77811049206,59807.771166092185,0.0069443998727365,44.81016,-4.1284413,1,5.528996177218555,13.12304973602295,10.486339569091797,1,12.775296996327835,0.9646051859063808,0.2994310765037373,1,0.0572854273546146,0.730638322068949,0.1851713665415346,2.654550780974756,0.5307620459510403,0,,,,0.0,-,2027522398239898368,0.1765075415482897,0.343294749194456,[28460],-1,2,1,1,TSS 195550.60+271740.84T59807
1034,1,-,55,2,2,41,97.01523790524092,19.657111283922024,0.1109279524956551,0.1124953293436193,97,20,141,1295,97.11661964471514,19.538014965820103,97.01523790524092,19.657111283922024,310.39940556004655,30.59305375594653,0.0006495533769854,0.0006541415381585,72.665581934331,-7.016452658065937,882,886,883,5,59802.73647223128,59802.76424988522,59802.74341664488,0.0277776539442129,82.22677,-4.787533,1,8.396942929713505,29.69329071044922,13.692889213562012,1,26.594041546733195,0.9876193578989436,0.2197555179794884,0,0.0249142932896505,0.9608310569787998,0.3188227000648019,2.6294305147539903,0.4066789179806315,0,,,,0.0,-,1859361161431018112,0.1099818314439744,-0.075652109123439,[16734],-1,5,1,1,TSS 204135.86+303534.99T59802
1154,1,-,55,2,2,41,247.17670201006516,11.199666713877482,0.1312813307175662,0.1413650763366572,247,11,291,1286,247.2649937010549,11.204253667511209,247.17670201006516,11.199666713877482,309.4405999650274,30.29197767685815,0.0007747470770646,0.0008148745614723,71.92206403794451,-6.538093097885845,1048,1050,1049,3,59803.91702215091,59803.93091096904,59803.92396655986,0.013888818124542,33.691097,-3.818788,1,4.937435205052569,15.30575942993164,8.773003578186035,1,12.14770140437392,0.940362073043915,0.5566239701354877,0,0.0,0.8258796935830806,0.5362514400535379,2.32888898392248,1.078280771552524,0,,,,0.0,-,1862251919244164608,0.1457264989759323,-0.0385769324091143,[16908],-1,3,1,1,TSS 203745.74+301731.12T59803
1025,3,-,55,2,2,43,112.66666666686778,214.75517141128552,0.1829744648912816,0.2051205850747924,113,215,664,1490,112.6111906969136,214.5646211333654,112.66666666686778,214.75517141128552,307.7028139780045,28.323852944838645,0.001084025474704,0.0011779506824622,69.4228903242679,-6.477273559947938,3055,3058,3055,4,59818.79876933528,59818.81960223174,59818.79876933528,0.0208328964581596,41.74599,-4.051537,1,6.1130830236385325,13.660571,10.946282,1,8.472629293610332,0.9341275747951896,0.6909084161859663,1,0.2761152722309247,0.8293240974274656,0.4442083696471249,2.0247708341313704,1.0918496343003794,0,,,,11.0,-,1857160458857134208,-0.1978462083186514,-0.0998837690410709,[20721],-1,4,5,1,TSS 203048.68+281925.87
1232,1,-,55,2,2,44,206.1110959407453,30.80124927059638,0.1100366241402293,0.1109760325436877,206,31,1013,1306,205.91591242073733,30.915348457874916,206.1110959407453,30.80124927059638,305.120806359252,28.44066853150884,0.0006297643212788,0.000643287909409,68.21156384311517,-4.548501148836637,1068,1075,1068,8,59804.05591032753,59804.1045211869,59804.05591032753,0.0486108593686367,127.862854,-5.266861,1,10.311990327939156,37.125118255615234,13.61029815673828,1,42.33230001990821,0.995567839712029,0.1172103561250393,0,0.0447289378111074,0.8429682665093904,0.2540852919728253,2.682639584354968,0.0967952517827731,0,,,,0.0,-,1836338938445522048,0.0558114482591918,-0.3098667372019008,[20208],-1,7,1,1,TSS 202028.99+282626.41T59804
1138,5,-,55,2,2,45,257.7959403826742,248.4095351648483,0.1284598403258152,0.1376153589452413,258,248,1321,1523,257.8254052628177,248.47934699492268,257.7959403826742,248.4095351648483,303.9363713345462,26.531577072740365,0.0007378402971623,0.0007872345531895,66.03391015972907,-4.741955600201754,3480,3482,3480,3,59821.75009507715,59821.7639836657,59821.75009507715,0.0138885885535273,57.990734,-4.4083967,1,6.142395792962968,12.5290785,9.262799,1,12.62800341587575,0.9044194470867436,0.5358844628879088,0,0.0833143614123741,0.8253971027816822,0.3539787383220925,3.765813498036332,1.0309900433148802,0,,,,1.0,-,1835692734850850432,0.2647234712799218,-0.0898998442023639,[23523],-1,3,6,1,TSS 201544.73+263153.68
1722,1,-,55,2,2,45,116.04929748796,42.4774,0.1214090138361147,0.1279949056754427,116,42,1179,1317,115.9562441834081,42.59655416000453,116.04929748796,42.4774,304.18351435098754,27.96271616151008,0.000696157741291,0.0007343432858508,67.35074071391922,-4.1313963780261735,2875,2877,2875,3,59817.548795201226,59817.562683806784,59817.548795201226,0.0138886055574403,33.434643,-3.8104918,1,4.9977358106752,12.408947,6.8775,1,14.358180900341107,0.9714354295314298,0.2323796904878716,0,0.0,0.7929184179497106,0.2487707587351314,2.5913934505309344,1.0628788062517067,0,,,,0.0,-,1836955730103226752,0.1290844303550784,-0.0261762876698412,[25045],-1,3,1,1,TSS 201644.04+275745.78T59817
1129,1,-,55,2,2,47,165.62482666923916,35.573297716343355,0.1098914941900297,0.1107030451305482,166,36,1741,1311,165.29821256904307,35.723176738645016,165.62482666923916,35.573297716343355,300.9958874022163,26.56034887288976,0.000605700602286,0.0006324144935778,64.62813347639828,-2.5166587470904087,2577,2584,2578,8,59815.4516146064,59815.50022478009,59815.45855891709,0.0486101736896671,190.00702,-5.696924,1,13.060556750005968,63.034405,19.949587,1,68.81395230601248,0.9976305553264692,0.0858876717076822,0,0.0276951147188512,0.895595930534316,0.1707444870920659,3.1534977031487768,0.0671120663298428,0,,,,0.0,-,1835133564468222464,0.117737409162828,0.4241884773393849,[16466],-1,8,1,1,TSS 200359.01+263337.26T59815
1185,1,-,55,2,2,47,52.33331339780178,163.53295555587363,0.1130954086484233,0.115919960754855,52,164,1627,1439,52.29781698105715,163.7097545536878,52.33331339780178,163.53295555587363,301.9774877679003,26.19586540817016,0.0006322702933621,0.0006628208459577,64.79149205917089,-3.454511191223773,3209,3216,3210,8,59819.86819114453,59819.91680121786,59819.87513544078,0.0486100733396597,60.16203,-4.448306,1,6.859797459258701,21.592863,8.660057,1,20.01235215738066,0.9667920251560146,0.2438836419780986,0,0.0324665774146276,0.8995613341823778,0.2659194737072952,3.799066057176901,0.198677960886276,0,,,,4.0,-,1834864081033964928,-0.098593478209068,0.3911796472214064,[16540],-1,6,1,1,TSS 200754.60+261145.12T59819
585,6,-,55,2,2,48,201.11110953921764,48.78548195221057,0.132649328987886,0.1431663207041695,201,49,2027,1324,201.2794818496952,48.94442840697454,201.11110953921764,48.78548195221057,299.4900479159392,25.74999942192024,0.0007288760531425,0.0008000397309615,63.22623388197182,-1.7948367446181852,2008,2013,2009,6,59811.50029664744,59811.53501831173,59811.507240980485,0.0347216642912826,83.73354,-4.8072486,1,7.918153612366153,20.312992095947266,7.915487766265869,1,11.941475959399796,0.778012821100887,0.6335586456715866,0,0.0,0.8135972856363926,0.2690664376934648,2.210611507224604,2.391082763671875,0,,,,9.0,-,1834650054238699008,-0.2037830022179605,0.208013919706218,[],-1,6,12,1,TSS 195757.61+254460.00
677,2,VRM,55,2,2,48,211.0636844930219,191.75525260574528,0.1716167977551671,0.1916333510778031,211,192,2037,1467,211.18103336678672,191.96330716470575,211.0636844930219,191.75525260574528,299.837869514945,25.00198380490044,0.0009548472312863,0.0010653028870382,62.75240414955733,-2.45368567345347,2144,2149,2145,6,59812.4447252996,59812.47944692199,59812.45166962426,0.0347216223817667,40.878952,-4.0287495,1,4.387374071893925,13.351271629333496,8.202862739562988,1,8.93199939273563,0.925672754178206,0.4826632675325779,0,0.1615452153120114,0.8482867627784502,0.4429040864435484,3.6453277191857376,0.8008341761715856,0,,,,1.0,-,1834549448920072704,0.1760736568235188,0.1005742644092606,[18257],-1,6,2,1,TSS 195921.09+250007.14
1286,1,-,55,2,2,48,29.66662978956977,46.47739999917979,0.1379514512178989,0.1500574740012022,30,46,1856,1321,29.312558978190527,46.74457344024205,29.66662978956977,46.47739999917979,300.4007965264315,26.20685399195733,0.0007682504123594,0.0008419898365202,64.04528785750364,-2.2520123832981183,1767,1771,1768,5,59808.91004756257,59808.93782515389,59808.91699196057,0.0277775913200457,31.242508,-3.7368646,1,4.551191443154505,10.991783142089844,6.599183082580566,1,11.263057174566235,0.9482462584742346,0.3986331243078009,1,0.1834865666186875,0.8389752491364819,0.2457558867503737,3.6167016670376015,0.2526236137240242,0,,,,0.0,-,1835051444696758912,0.2378297588588793,-0.018725873878111,[20462],-1,5,1,1,TSS 200136.19+261224.67T59808
1322,2,-,55,2,2,48,58.50000595138001,72.64406666697087,0.2221997217729025,0.2505173396302649,59,73,1885,1348,58.66982692478908,72.79164040809162,58.50000595138001,72.64406666697087,300.3186322499418,25.99925995239938,0.0012472468196639,0.0013960532089558,63.82984241749784,-2.298871399565146,3597,3598,3597,2,59822.56257750344,59822.56952179738,59822.56257750344,0.0069442939347936,30.346174,-3.7052598,1,4.35048966581721,10.165254592895508,6.951630592346191,1,7.36077289448289,0.8891714932614632,0.5096765552924872,0,0.0,0.6254487152368078,0.4899971072256822,2.5870068596083726,0.7199288010597229,0,,,,4.0,-,1834994613688552960,0.2258180698645446,0.1372292726027808,[],-1,2,3,1,TSS 200116.47+255957.34
1603,1,-,55,2,2,49,6.021938858874616,193.49941245361828,0.1235347909824426,0.1309390050336557,6,193,50,1724,6.312666342931213,193.48435179070228,6.021938858874616,193.49941245361828,312.0688986398232,28.47385884882657,0.0007326948136204,0.0007630034666359,71.86869873275033,-9.461562847554545,2217,2219,2217,3,59812.9516608831,59812.96554952614,59812.9516608831,0.0138886430358979,38.15974,-3.9540136,1,5.107247797919113,15.673881,9.066789,1,13.724370402263158,0.9725950768927328,0.3317958328022089,0,0.0,0.8089243498187598,0.4663876840461419,3.1904404854260777,0.3112927043852154,0,,,,0.0,-,1857872736227681664,0.2482204986621354,0.0163275519823855,[19412],-1,3,1,1,TSS 204816.54+282825.89T59812
1428,1,-,55,2,2,50,114.60920195854666,158.97734718492612,0.1162357533542454,0.1206164116326345,115,159,410,1690,114.6147092997263,158.69990569088213,114.60920195854666,158.97734718492612,309.76987021654907,27.8480376939354,0.0006842265258529,0.0007039275757041,70.12048021701818,-8.230369275604431,2757,2759,2758,3,59816.701590078985,59816.71547869036,59816.70853438479,0.0138886113709304,33.657177,-3.8176942,1,5.460145351853705,12.714793,9.1483965,1,16.788408020054938,0.9654659107386394,0.4046811153901992,1,0.1731645332849824,0.9039625350495916,0.2631336159487389,2.3459494495438395,0.4733235711115383,0,,,,9.0,-,1857214334921139200,-0.0774854097306843,-0.2472204110781604,[19705],-1,3,1,1,TSS 203904.77+275052.94T59816
843,1,-,55,2,2,51,255.4946424926517,60.19962222163779,0.127158748885261,0.1358690222397523,255,60,806,1591,255.41308253500637,60.25162513624623,255.4946424926517,60.19962222163779,307.1192902436525,27.440017115407645,0.0007448230654237,0.0007854138156003,68.3970829911617,-6.569417265439156,752,755,753,4,59801.83369823577,59801.85453148706,59801.84064265287,0.0208332512847846,34.17044,-3.8341265,1,5.374527993158056,12.948914,7.7864394,1,12.880106034967152,0.9623220901307232,0.6322031559605791,1,0.0811107156065146,0.9100640174630602,0.5001336585915735,2.293961559042161,1.2030527707783465,0,,,,0.0,-,1857001751227569536,0.1323680540519944,-0.0997171312499176,[17752],-1,4,1,1,TSS 202828.63+272624.06T59801
1227,1,-,55,2,2,51,48.91511151549651,97.05242725269522,0.1114464694213233,0.1133370236056721,49,97,600,1628,48.99439220488241,97.2630615509654,48.91511151549651,97.05242725269522,308.4545759412257,27.73634178556436,0.0006509303604938,0.0006620476646733,69.33389737051456,-7.359144185434629,1231,1243,1235,13,59805.18784861247,59805.27118146885,59805.2156262315,0.0833328563821851,42.259205,-4.0648036,1,5.940084339778452,16.701769,13.502964,1,24.030308046627425,0.9228338095702076,1.0006154756330676,1,0.1764209464936097,0.8430864575070658,0.3822006457407957,1.2308050602507314,1.497428235593011,0,,,,0.0,-,1856881045462832768,-0.023170305076519,-0.7508245884985172,[18394],-1,13,1,1,TSS 203349.10+274410.83T59805
1414,1,-,55,2,2,52,177.071581759883,192.82572223720769,0.110893199606091,0.1124381613684929,177,193,984,1724,176.9778617924673,192.7389876791617,177.071581759883,192.82572223720769,306.4267697243781,26.30587911911868,0.0006410460998538,0.0006543798832894,67.1050872224793,-6.714064331108079,1136,1140,1136,5,59804.528130054685,59804.55590768233,59804.528130054685,0.0277776276416261,55.717037,-4.36497,1,6.378642523239208,12.635536,8.745684,1,26.82035159276764,0.9938540136817388,0.1425479275835536,1,0.0436066743264398,0.8808786733803012,0.3236209675458947,3.5882996612904687,0.2908643702313158,0,,,,0.0,-,1832845721282845184,0.1423779130642515,-0.0656311791663029,[20680],-1,5,1,1,TSS 202542.42+261821.16T59804
1013,5,VST,55,2,2,53,133.9999925837891,106.19958813378533,0.1098931497873208,0.1107063605685227,134,106,1197,1637,134.04440732184716,106.37638955544544,133.9999925837891,106.19958813378533,304.956905260071,26.24307765810784,0.0006283979185437,0.0006422688968285,66.30385315226715,-5.662132703841442,2743,2747,2743,5,59816.604369795175,59816.632147019554,59816.604369795175,0.0277772243789513,164.93564,-5.5432863,1,11.883744279708663,38.808990478515625,21.094038009643555,1,67.7057630419237,0.9938811444854456,0.1451354556606096,1,0.0457488741214467,0.9305182532516748,0.2276311341586925,2.7532712360087785,0.7060252617932427,0,,,,0.0,-,1835799421834008576,0.1104095942853291,0.0240024866468502,[26315],-1,5,5,1,TSS 201949.66+261435.08
244,1,-,55,2,2,54,53.55555555576837,150.42184122518103,0.1101466098363051,0.1111729181049917,54,150,1373,1681,53.289227172287895,150.36580888488402,53.55555555576837,150.42184122518103,304.0752595153166,25.57676809575151,0.000625625349987,0.0006424370076955,65.30439287498203,-5.373758350731684,33,39,34,7,59796.840653773324,59796.88232047567,59796.84759822418,0.0416667023455374,140.33478,-5.3679132,1,11.075203818619114,61.21797180175781,22.848751068115234,1,37.30395899007311,0.9961308768420865,0.0928371443922339,0,0.0147803237385398,0.9276150926839394,0.220876868937856,2.692605405391618,0.5380853405017726,0,,,,4.0,-,1835287045103415168,0.1366785245902519,-0.0476090042336636,[12916],-1,7,1,1,TSS 201618.06+253436.37T59796
353,2,-,55,2,2,54,202.23376841486197,29.427292798408693,0.1621323677708419,0.1802025454312302,202,29,1521,1560,202.0083921720809,29.276194875449285,202.23376841486197,29.427292798408693,302.90636968798185,25.835202204229,0.0009307396441307,0.0010198362973537,64.9410521985518,-4.351526453579285,1570,1572,1570,3,59807.542000894486,59807.55588969445,59807.542000894486,0.0138887999637518,31.08859,-3.7315025,1,4.363370505113989,11.154622077941896,6.476911544799805,1,9.398722071761169,0.9236624012604904,0.5518160082919525,0,0.0,0.652934772000968,0.63822689371165,3.309799787730185,0.438425213098526,0,,,,0.0,-,1835578110759455232,0.2366128900137027,-0.0703432243528823,[],-1,3,4,1,TSS 201137.53+255006.73
353,4,-,55,2,2,54,202.3333333339392,29.45767097445053,0.1157645573959251,0.1199250093002189,202,29,1521,1560,201.84176631369283,29.601231406135668,202.3333333339392,29.45767097445053,302.9058967921443,25.834793829567385,0.0006543875547689,0.0006868776403915,64.94047618493519,-4.3513921025818005,3014,3017,3015,4,59818.51405306602,59818.53488596481,59818.52099736554,0.0208328987864661,46.60425,-4.171064,1,5.677642968649664,18.27353858947754,8.721627235412598,1,17.127585037385895,0.9687930700178978,0.2508085680780885,0,0.0,0.813021768399906,0.3127640128465176,3.1886532532825864,1.148403121499849,0,,,,0.0,-,1835578110759455232,0.1370479709744358,-0.1007214003680019,[15806],-1,4,4,1,TSS 201137.42+255005.26
474,1,-,55,2,2,54,177.08735822768443,8.154257892745258,0.1268289958239424,0.1354245624220742,177,8,1496,1539,177.11820532620024,8.474107671290373,177.08735822768443,8.154257892745258,302.98844807888486,26.008921195874542,0.0007221357126397,0.0007719333238694,65.1274584087641,-4.318678264830278,339,341,340,3,59798.96565147465,59798.97954033329,59798.97259590409,0.013888858637074,34.32003,-3.838869,1,5.145512471892364,13.272137641906738,9.668892860412598,1,12.94765638767132,0.960473911426231,0.3980917550035148,1,0.1615274649227246,0.9003581494999094,0.1388809561102072,2.6040279324692643,0.1723194676719716,0,,,,4.0,-,1835605048795469312,0.2162429023196637,-0.1017607813605536,[17692],-1,3,2,1,TSS 201157.23+260032.12
474,2,-,55,2,2,54,176.97143529536086,8.022877634529204,0.1305700196900879,0.1404243010278343,177,8,1496,1539,176.8245766881456,8.336738550575564,176.97143529536086,8.022877634529204,302.9887353063852,26.00989508622706,0.0007446027360994,0.0007994535106297,65.12841811537633,-4.318363172443893,2326,2328,2326,3,59813.70859173607,59813.72248037189,59813.70859173607,0.0138886358254239,34.25207,-3.8367171,1,5.060074868833805,13.319501876831056,8.858173370361328,1,12.261287789480686,0.944625628088916,0.4406156421906474,0,0.0869596712376449,0.8270797204146315,0.283794931460881,2.7329570491516924,0.3303865274833109,0,,,,5.0,-,1835605048795469312,0.3321658346164895,0.0296194768711757,[17693],-1,3,2,1,TSS 201157.30+260035.62
697,1,-,55,2,2,54,134.22222184152574,229.61899001088267,0.1153341159717662,0.1192898238707828,134,230,1453,1761,134.34911384360367,229.5098135190831,134.22222184152574,229.61899001088267,303.8365151128694,24.963093892963133,0.0006566758904708,0.000685088703082,64.67056347017919,-5.532174752715107,612,614,612,3,59800.86147955335,59800.87536839569,59800.86147955335,0.0138888423389289,55.74126,-4.3654423,1,4.411835111274394,18.73311233520508,11.0963134765625,1,17.468057073263466,0.9641169855064224,0.2881756351014202,0,0.0,0.806167192543092,0.394001982508062,2.3871178062788583,0.0605825018222088,0,,,,0.0,-,1835231695873898112,0.1705825044423363,-0.0067603914203573,[19624],-1,3,1,1,TSS 201520.76+245747.14T59800
77,50,-,55,2,2,56,15.777789331113588,253.19959268069144,0.1103839247435724,0.1115850635187263,16,253,1842,1784,15.65671336104518,252.96846106672783,15.777789331113588,253.19959268069144,301.7621143957638,23.87614840182479,0.0006125954603128,0.0006359715210132,62.724927033039066,-4.535865589111859,2510,2522,2511,13,59814.98634573222,59815.06967748033,59814.993290044775,0.0833317481083213,101.90646,-5.0205045,1,8.64610637521416,24.513233,7.279576,1,31.92385708300525,0.9828129865126012,0.1902827780418025,0,0.1258295070336162,0.8253974936613573,0.32606519605177,5.093623682024438,1.5156740918593272,0,,,,8.0,-,1833617127457290368,0.1768494909701985,0.0089436230282444,[],-1,10,95,1,TSS 200702.91+235234.13
345,2,-,55,2,2,57,97.253101608734,249.82653238491605,0.1244315478148168,0.1321687147801915,97,250,141,2032,97.17172905165675,249.6565529784881,97.253101608734,249.82653238491605,312.27125517339465,26.597315806449657,0.0007392407697211,0.0007717014974202,70.47818262131081,-10.757608855575247,746,753,747,8,59801.79203173226,59801.84064265287,59801.79897614959,0.0486109206103719,28.567093,-3.6396651,1,4.741497993527245,13.117332458496094,5.004032135009766,1,13.492060572567953,0.9749980338185562,0.5592577108317234,1,0.1817588057736003,0.7596583611614014,0.2873562920184451,1.8182500327107307,0.3573883126067875,0,,,,0.0,-,1844140999929417984,0.1530963927079938,-0.0306973487804498,[10638],-1,5,3,1,TSS 204905.10+263550.34
1198,1,-,55,2,2,59,219.24786274069837,110.0638787945642,0.1149713463152592,0.1187516643280357,219,110,770,1892,219.03350572739967,110.00772209629942,219.24786274069837,110.0638787945642,308.13027685766536,25.91898249849829,0.000672559476299,0.0006917920963728,67.67517368725102,-8.18712387090764,1167,1176,1168,10,59804.74340665894,59804.80590631409,59804.75035106509,0.0624996551487129,62.838913,-4.495572,1,7.001133541431545,22.50080108642578,7.54384708404541,1,17.781812624538208,0.979287193928881,0.2879953699588132,0,0.0,0.4580621678201924,0.3673827572905886,3.079187980111951,0.6844228022012636,0,,,,4.0,-,1855854616997984896,0.1011626833607124,0.0722753191282663,[16997],-1,9,1,1,TSS 203231.27+255508.34T59804
669,1,-,55,2,2,60,191.44444444437107,69.19960936959991,0.1465570560054937,0.1609909752628403,191,69,998,1851,191.95610372180585,69.60443258085319,191.44444444437107,69.19960936959991,306.68250401874803,25.59444787049125,0.0008612192066073,0.000925563479823,66.64876543348863,-7.308946956692971,307,309,307,3,59798.74342971733,59798.757318578064,59798.74342971733,0.0138888607325498,30.307838,-3.7038875,1,4.96724698135737,12.018585,8.971807,1,10.434935363156084,0.8606296974398183,0.5028724818131276,1,0.0392947926454129,0.7820247548559847,0.4263377698323932,3.5448626141088617,1.0172550292154658,0,,,,9.0,-,1832521468431949184,0.2736718332021155,0.0087469809986941,[22410],-1,3,1,1,TSS 202643.80+253540.01T59798
495,1,-,55,2,2,61,219.50004254902504,107.47740000000006,0.2121856594109541,0.2390670879234585,220,107,1283,1889,219.30349892305367,107.18699169579033,219.50004254902504,107.47740000000006,305.1497110281627,24.705534839750477,0.0012418925579506,0.0013608050447667,65.11997466774686,-6.6666037706111165,243,247,243,5,59798.29898609231,59798.32676382333,59798.29898609231,0.0277777310184319,33.49522,-3.812457,1,5.114642143598216,11.893726,6.071016,1,7.595684080813874,0.8287837940097963,0.8217671196182291,0,0.3550030071707482,0.6972309778848684,0.2924737721353586,2.490004214353648,1.1715382177978728,0,,,,0.0,-,1832262632208669184,1.0654394018731637,0.3801697284861802,[17898],-1,5,1,1,TSS 202035.93+244219.93T59798
1296,1,-,55,2,2,61,164.44851182086268,249.052858720342,0.1104168871717596,0.111641361692269,164,249,1227,2031,164.37597497964848,249.01362802921173,164.44851182086268,249.052858720342,305.8416207181264,24.09100861042033,0.0006349452503618,0.0006471036582197,64.96361293340219,-7.53298188500458,1007,1016,1008,10,59803.6323013573,59803.69480104737,59803.63924576741,0.0624996900733094,97.78476,-4.975678,1,9.03627475155178,39.32288,11.763893,1,31.427061895112487,0.992245645942293,0.1455193719340482,0,0.0431734905080719,0.9138466594635228,0.2449762049604746,2.0342321264223395,0.2771533241736263,0,,,,0.0,-,1831981848737183616,0.1422710227627703,-0.0846357698546853,[22326],-1,8,1,1,TSS 202321.99+240527.63T59803
645,3,-,55,2,2,62,113.55555555565788,105.0885172679332,0.1102886792682026,0.111421234754186,114,105,1433,1887,113.39183769914686,105.13281042220883,113.55555555565788,105.0885172679332,304.2956707799487,24.352450705420893,0.0006270643935784,0.0006428411173051,64.38992823784817,-6.217069905753952,2384,2392,2384,9,59814.11136212833,59814.16691665671,59814.11136212833,0.0555545283787068,123.0777,-5.2254486,1,10.239187279211592,41.71384811401367,12.99505615234375,1,33.61601891160312,0.994878661309466,0.1665142621947768,0,0.059383125208165,0.736070633058397,0.2509503736694456,2.2943763530431465,0.6529146199111584,0,,,,1.0,-,1832145057497151872,0.1514030585733508,0.0208650848860543,[19484],-1,9,3,1,TSS 201710.96+242108.82
1384,1,-,55,2,2,62,131.99999909181042,205.244122588151,0.1225953184679147,0.1296431366036159,132,205,1451,1987,131.9288557746399,205.38390342030564,131.99999909181042,205.244122588151,304.4625776116752,23.782759971210155,0.0007039068118009,0.0007417516188909,63.99705034527853,-6.659065863349028,2367,2369,2368,3,59813.99330874876,59814.00719738225,59814.000253065504,0.0138886334898415,48.17669,-4.2070923,1,6.110271006703711,18.35965347290039,12.212517738342283,1,13.988518256848678,0.9443175720459874,0.468850355334692,0,0.0673866189145577,0.91987755561096,0.153139370353599,2.623069666539139,0.1511509269581065,0,,,,0.0,-,1830425077714929792,0.1999922824929854,0.0526555678188742,[21749],-1,3,2,1,TSS 201751.02+234657.94
580,4,-,55,2,2,63,91.9999851556194,101.92216576669944,0.1265834253797964,0.1350930624517564,92,102,1667,1884,91.87161583869702,101.75943047509784,91.9999851556194,101.92216576669944,302.9859474861443,23.793828611425347,0.0007192800220902,0.0007668878620795,63.261417450424254,-5.522956144743317,1404,1411,1405,8,59806.38923036593,59806.43784117781,59806.39617476767,0.0486108118784613,69.12435,-4.5990777,1,7.005812987790399,14.325873,8.428429,1,12.999002034599728,0.909356552278289,0.4659098646786565,0,0.0682134203110357,0.895611614847806,0.3979736578831172,2.161997165683617,1.040767328280179,0,,,,9.0,-,1830568941948179456,0.1833596416913678,-0.0132072089288612,[22281],-1,8,8,1,TSS 201156.63+234737.78
1255,1,-,55,2,2,63,114.66583831838118,256.71491578671805,0.1106797720085082,0.1120844860577465,115,257,1690,2039,114.57040029836242,256.67038429870445,114.66583831838118,256.71491578671805,303.2823401342856,22.93491230095551,0.0006229264407411,0.0006411942736073,62.68549166837582,-6.218334566550278,773,779,774,7,59801.97953099013,59802.02119748899,59801.98647540677,0.0416664988588308,104.93837,-5.0523357,1,9.46105259173283,38.32342,10.575337,1,28.458519350900165,0.989937649624794,0.1665491454230698,0,0.0,0.7744910426137795,0.2837677857823102,2.0311154399455607,0.7854099207069238,0,,,,0.0,-,1830441570393126656,0.099161762083213,-0.0536155076320028,[29219],-1,6,1,1,TSS 201307.76+225605.68T59801
1587,1,-,55,2,2,63,232.02702333707688,247.1006383400529,0.1300637281057865,0.1397528645287403,232,247,1807,2029,232.10106112878165,246.974218159262,232.02702333707688,247.1006383400529,302.61898530168963,22.699550217486696,0.0007364214131754,0.0007883487366257,62.153421723014496,-5.831965978032839,1148,1151,1149,4,59804.61146293644,59804.6322961563,59804.618407343056,0.0208332198599237,35.34795,-3.8709106,1,4.940707318576799,11.500195,6.30145,1,12.345033699709584,0.946873895207343,0.5596018951791666,1,0.0,0.8802798830041877,0.2756949274963965,2.1184070680520195,0.5637383874528443,0,,,,0.0,-,1830066293332286336,0.2357356360523681,-0.1396433634686218,[29797],-1,4,1,1,TSS 201028.56+224158.38T59804
1794,1,-,55,2,2,63,233.29704758887684,44.97741411642595,0.1110403831012516,0.1126795555026111,233,45,1808,1827,233.05132214146127,44.97622255341137,233.29704758887684,44.97741411642595,302.0602359885743,23.73922623221465,0.0006185464465725,0.0006423834863568,62.7557219437556,-4.839509878649659,2638,2643,2638,6,59815.875217503024,59815.90993904741,59815.875217503024,0.0347215443835011,64.274765,-4.520101,1,7.222224299972678,21.215443,9.505251,1,25.92092636134437,0.9642799927234548,0.3548145898669619,1,0.0825162286612616,0.8099089618670715,0.3020228982853958,2.914353169349645,1.0947833095458073,0,,,,9.0,-,1833599157315656960,-1.9886766949639423e-05,0.1589088735343011,[30531],-1,6,1,1,TSS 200814.46+234421.21T59815
469,2,-,55,2,3,1,57.50796921082656,152.4773999999999,0.1255524514300027,0.1336964702265236,58,152,102,152,58.12063129840744,152.34527873569093,57.50796921082656,152.4773999999999,306.6191826868072,12.041783135143032,0.0006941559858734,0.0006787245662163,55.135363483573656,-14.806644514614051,1079,1080,1079,2,59804.13313884333,59804.14008325717,59804.13313884333,0.0069444138352992,37.961765,-3.9483662,1,5.3370955268961895,12.105967,9.145185,1,13.224983823439484,0.925449183554629,0.4081495120417658,1,0.2402113869431023,0.7933646707088664,0.2198261587583207,3.5755663752927966,0.5678697527704543,0,,,,8.0,-,1755653339209208192,-0.1291540506626063,-0.0669513254050002,[11213],-1,2,3,1,TSS 202628.60+120230.42
270,1,-,55,2,3,3,95.75564660658944,91.35251992547352,0.1099522042495155,0.1108202773462204,96,91,647,91,96.2077924742276,91.41334143371157,95.75564660658944,91.35251992547352,309.57124936123023,12.79712331945473,0.0006152885089345,0.0005815729669433,57.43343877239208,-16.804955179614545,182,185,182,4,59797.876205376175,59797.89703874388,59797.876205376175,0.0208333677073824,123.8752,-5.232461,1,9.94151014492535,63.02766799926758,22.097789764404297,1,50.36619225399852,0.9788417402145116,0.185931089229045,0,0.0,0.7090203649219033,0.2660118179006987,2.7236103084969314,0.3393948972225189,0,,,,0.0,-,1755908357186203904,-0.0884433336974552,-0.0750214049046462,[6813],-1,4,5,1,TSS 203817.10+124749.64
270,3,-,55,2,3,3,95.6666666736888,91.41746080326648,0.1204558307257211,0.126660186233612,96,91,647,91,95.59282199507636,91.47152544920452,95.6666666736888,91.41746080326648,309.57063295790505,12.797266787531584,0.0006789021937709,0.0006610263570792,57.43321345467693,-16.80437606821128,1937,1940,1938,4,59811.00809310134,59811.02892613331,59811.01503744534,0.0208330319655942,48.23667,-4.208443,1,6.092805856961463,23.87959671020508,13.794878005981444,1,14.69053624471414,0.8197674027571307,0.5378322172788421,0,0.021525731776602,0.946826037016522,0.2681388400342121,3.068190990748857,2.111355114245504,0,,,,0.0,-,1755908357186203904,0.0005365990725749,-0.1399622826484687,[6814],-1,4,5,1,TSS 203816.95+124750.16
424,1,-,55,2,3,3,168.4941637095718,189.86628888918935,0.110751408331347,0.112203723636527,168,190,719,190,168.56590246226648,189.96883118235613,168.4941637095718,189.86628888918935,309.7281329887306,13.423233476177058,0.0006233241574759,0.0005952443232331,58.06470544581842,-16.5819207397121,476,480,477,5,59799.91787259671,59799.94565034984,59799.92481703476,0.027777753137343,50.67827,-4.2620544,1,6.566474753176345,27.575101852416992,14.521690368652344,1,27.854026466887944,0.9877836377098228,0.1667476937445063,1,0.0999535254094327,0.9143779893951176,0.1411087420548182,2.16977848076862,0.7704667690844563,0,,,,4.0,-,1756085099382985728,-0.1415922777678133,0.0192271413830553,[7703],-1,5,1,1,TSS 203854.75+132523.64T59799
589,1,-,55,2,3,4,85.43054288935815,117.56252384021766,0.1102572644811515,0.11136677742215,85,118,892,118,85.57219765313901,117.65213530066308,85.43054288935815,117.56252384021766,310.81220230718776,13.407432755566369,0.0006221553196683,0.0005920497299286,58.67225157257718,-17.462104446886748,834,848,834,15,59802.40397871813,59802.501200635714,59802.40397871813,0.0972219175819191,83.96933,-4.810302,1,8.476525674456756,43.278828,8.196865,1,34.28228656261015,0.9884778344803278,0.1531090786689828,0,0.0,0.6208532166278804,0.3142535763787799,2.539655774148393,0.6974437263747137,0,,,,4.0,-,1762036966279133696,-0.1923342791267259,-0.0298893539811331,[9079],-1,11,4,1,TSS 204314.93+132426.76
708,2,-,55,2,3,4,122.68383197142312,79.08851255922647,0.1494598501123067,0.1646214071887671,123,79,930,79,123.26785795732884,79.38076362618034,122.68383197142312,79.08851255922647,311.0974125372183,13.29059451645253,0.0008552717572943,0.0008644143999385,58.736360205489525,-17.756936671597682,3458,3460,3458,3,59821.59814403798,59821.61203258439,59821.59814403798,0.0138885464111808,37.688076,-3.9405098,1,4.827108795373682,16.059523,8.293611,1,10.206409450390664,0.9445261452905986,0.3332273752376788,0,0.0,0.7422510949132398,0.2921862894168023,2.9040818903479897,0.356080025434494,0,,,,0.0,-,1761286034197446912,-0.0672867010043773,-0.232585601402576,[9224],-1,3,2,1,TSS 204423.38+131726.14
484,1,-,55,2,3,5,245.2222222221889,18.42187360281505,0.216338044472194,0.2438248038113746,245,18,1308,18,245.1788829402637,18.543220079916274,245.2222222221889,18.42187360281505,313.26792385221535,13.732959373711672,0.0012470100839815,0.001288677099059,60.39752024059756,-19.229331567840944,482,486,483,5,59799.95953922641,59799.987316978615,59799.96648366446,0.0277777522060205,24.846863,-3.4881787,1,4.552729499486054,13.033327,7.560736,1,7.495144487608792,0.8745437482769023,0.8772416892391612,0,0.2362362326749651,0.872895159028369,0.1391599967296319,2.2414892547946077,0.6901835826270516,0,,,,0.0,-,1761547511803338752,-0.2176855422383141,-0.1411050898275547,[10272],-1,5,1,1,TSS 205304.30+134358.65T59799
293,1,-,55,2,3,6,164.72704874610395,191.4774,0.1267640211435423,0.1353368942851824,165,191,1484,191,164.63363427388654,191.49643641439152,164.72704874610395,191.4774,313.85756132010886,14.95189655417081,0.00072961590264,0.0007328613008495,61.79685075270194,-18.97685746500757,425,432,426,8,59799.56370617415,59799.61231725913,59799.570650615,0.0486110849815304,22.682823,-3.389243,1,4.192015235900034,10.43814754486084,7.171928882598877,1,12.961153866921851,0.9693639917502732,0.3203502627547863,1,0.1218909420228793,0.7818537000192822,0.4221921017362505,2.9481182407274256,0.6967353333158052,0,,,,0.0,-,1761933852703393024,-0.1140406540769163,-0.073110178608033,[5938],-1,8,2,1,TSS 205525.81+145706.83
1077,1,-,55,2,3,6,188.4999999972991,19.80737477036136,0.1160111528290387,0.1202873420409524,188,20,1507,20,188.6430558865461,19.76085899262776,188.4999999972991,19.80737477036136,314.3501674317979,14.131128087637212,0.0006613007715338,0.0006458594384235,61.39348039902382,-19.84650557599452,3323,3328,3323,6,59820.6606671247,59820.695388494,59820.6606671247,0.0347213692948571,41.607502,-4.047929,1,5.890811744240966,18.88804244995117,8.051924705505371,1,16.94607277359661,0.9641843834080354,0.3750626329477294,0,0.1372818302649714,0.900798102412662,0.3526254106239835,2.448157221670313,0.8609871846738381,0,,,,0.0,-,1761624683775762176,0.1209764623381488,-0.230356398066398,[7969],-1,5,1,1,TSS 205724.04+140752.06T59820
510,1,-,55,2,3,7,63.44444619948866,54.08850390408895,0.1148060311902155,0.1185055174167326,63,54,1638,54,63.49415516020522,53.74143295764929,63.44444619948866,54.08850390408895,314.9971894196788,14.560992305654713,0.0006551420722172,0.0006404678576753,62.1574971292025,-20.095684610529435,788,792,788,5,59802.08453521878,59802.112312917896,59802.08453521878,0.0277776991133578,33.08035,-3.7989254,1,5.07136351545303,11.909919738769531,6.480439186096191,1,17.934085884862256,0.9008403944404144,0.4645207760014175,1,0.1448695317472584,0.6564603844643874,0.3942139546914524,3.1099654617803645,1.0513097049899007,0,,,,9.0,-,1763160907680082432,-0.1999067905055653,0.6419200887947198,[],-1,5,1,1,TSS 205959.33+143339.57T59802
1038,2,-,55,2,3,9,149.88888888840796,205.16712729357224,0.1126072281759843,0.1151666671413525,150,205,194,456,150.03161287537202,205.12490400636784,149.88888888840796,205.16712729357224,306.351664392177,13.68719772613322,0.000624726552585,0.0006065002828549,56.41818040535394,-13.697777890729029,3423,3433,3426,11,59821.35509447339,59821.42453720592,59821.37592729347,0.0694427325361175,56.430897,-4.3787923,1,6.371554271231106,14.149863,7.832236,1,20.872571103785194,0.9638270671878756,0.5162730710191641,1,0.126170453993557,0.871755004792047,0.3620465939531871,2.8356055465469487,0.6319841261883882,0,,,,0.0,-,1804187019408824192,0.12237186714691,-0.092079887095565,[13223],-1,11,2,1,TSS 202524.40+134113.91
1138,1,-,55,2,3,9,254.7942656872246,79.47739999999995,0.110091646272842,0.1110751710533385,255,79,299,330,255.0602356685853,79.78604870811273,254.7942656872246,79.47739999999995,307.1965466377096,13.281500583447755,0.0006109078403508,0.0005837520282959,56.52810696251528,-14.607853909426863,2858,2868,2859,11,59817.43157739873,59817.50102025607,59817.43852168451,0.0694428573333425,88.19671,-4.863631,1,9.168203726845071,35.49647,9.945463,1,39.42890286675274,0.9668215053185656,0.2762802523710388,0,0.083764478714938,0.9080946559970974,0.3207456682631841,2.70397728455323,0.1704340433718683,0,,,,0.0,-,1803915543116034304,-0.0167859649526462,0.2012782840351406,[13336],-1,9,1,1,TSS 202847.17+131653.40T59817
201,1,-,55,2,3,10,251.44444553311345,77.19962528871113,0.1140175745751403,0.1173230908125745,251,77,546,328,251.64544985291292,77.37367352482207,251.44444553311345,77.19962528871113,308.492128521568,13.762266900443525,0.0006416086670732,0.0006227926895008,57.66107074240923,-15.395451978422766,110,138,114,29,59797.37620427887,59797.570649218105,59797.40398213305,0.1944449392321985,68.69708,-4.5923457,1,7.504828334749917,31.774097,11.625292,1,18.758632472307493,0.9862491291657112,0.1900938802549829,0,0.0321431668309956,0.7981384590184536,0.3295692219006533,3.4097140346218207,0.3543363563629104,0,,,,0.0,-,1804298997795422336,-0.1773409528701677,-0.1208827237168179,[7328],-1,27,2,1,TSS 203358.11+134544.16
1217,1,-,55,2,3,10,3.79652219798716,79.47739999999999,0.1100909849652319,0.1110739878132358,4,79,299,330,4.008741765079343,79.8310899665325,3.79652219798716,79.47739999999999,307.1965523351969,13.281321054855358,0.0006109028662995,0.0005837442676461,56.52795462079792,-14.607956522483786,2858,2870,2859,13,59817.43157739873,59817.51490882669,59817.43852168451,0.0833314279589103,87.87714,-4.8596897,1,9.099192142773088,34.545815,8.55463,1,39.45832592101976,0.96929465444581,0.2706863351972627,0,0.0777003390623869,0.9097463536760872,0.2025505787376842,2.6461578912745334,0.2564493936473936,0,,,,0.0,-,1803915543116034304,-0.0032666302991515,0.2326158326296195,[10912],-1,10,1,1,TSS 202847.17+131652.76T59817
759,1,-,55,2,3,11,139.90930991518343,243.6440692083079,0.1116040646349893,0.1135893126198867,140,244,691,495,140.10976460904226,243.59769781834427,139.90930991518343,243.6440692083079,308.8638831148369,14.884079530366732,0.0006322293142275,0.0006151008149057,58.834494983161946,-15.069364047495515,1027,1029,1027,3,59803.77202928843,59803.785918118905,59803.77202928843,0.013888830471842,50.716564,-4.2628746,1,6.36120161412956,23.3184871673584,14.65483856201172,1,23.45412760276911,0.9622877562241984,0.2482172615146842,1,0.021380728813106,0.8642309381088691,0.2047426795922049,2.696654087352656,0.5427464148616156,0,,,,0.0,-,1804517972408579968,0.1423013640860517,-0.0919700920808281,[9110],-1,3,1,1,TSS 203527.33+145302.69T59803
1115,2,-,55,2,3,12,195.3532183641372,169.97738381700478,0.121106071463846,0.1275717448680323,195,170,1002,421,195.16606042339868,170.0858881293879,195.3532183641372,169.97738381700478,310.7140877513304,15.148087694923284,0.0006950833746649,0.0006925830596348,60.1116019113017,-16.393038818483085,2430,2434,2430,5,59814.43164224482,59814.45941945825,59814.43164224482,0.0277772134359111,46.408974,-4.166505,1,6.0597469615416175,16.286273956298828,7.54779052734375,1,14.460061332377943,0.9386562164935586,0.4349438421438863,1,0.2109975959589639,0.8224305777032177,0.4326058852437843,1.5863898830299956,0.1479559242725372,0,,,,8.0,-,1762538824617457280,-0.1864137764840734,0.0133106851057505,[9621],-1,4,4,1,TSS 204251.38+150853.12
142,1,-,55,2,3,13,114.322862229625,225.47740000000005,0.1211444768083477,0.1276254435964402,114,225,1177,476,114.04762401132017,225.383474806726,114.322862229625,225.47740000000005,311.5436010088204,15.788583106332972,0.0006987038889256,0.0006994085001474,61.13801355366308,-16.67798437314745,174,177,174,4,59797.82064972509,59797.84148309512,59797.82064972509,0.0208333700284129,29.723099,-3.6827352,1,5.026882177361436,16.439617156982422,8.389453887939453,1,14.446960977729267,0.922422309262354,0.3537236876374947,0,0.0743369936408186,0.7232593109573252,0.302446115931343,2.646209812601731,1.268137261369934,0,,,,1.0,-,1762984092466558976,-0.1901293709379388,-0.0916008264880474,[5775],-1,4,1,1,TSS 204610.46+154718.90T59797
246,6,-,55,2,3,13,253.11110909730263,57.01179654066354,0.110919010307349,0.1124806299964328,253,57,1316,308,253.25496698803587,57.03265666492027,253.11110909730263,57.01179654066354,312.68299907879776,15.209492631779412,0.0006347928271506,0.0006151651426184,61.31396342491579,-17.90787598500058,2737,2739,2737,3,59816.563541374926,59816.5774299558,59816.563541374926,0.0138885808701161,53.530117,-4.3214955,1,6.511152244902372,12.336277961730955,7.306978702545166,1,26.65137866342126,0.974617795333716,0.2607973838398976,1,0.0,0.7939975907266466,0.2244411191171385,3.279370001119468,0.9261800632408758,0,,,,9.0,-,1762648874561848192,-0.2075541001831879,-0.1108102007787579,[6645],-1,3,11,1,TSS 205043.92+151234.17
709,1,-,55,2,3,13,69.49999999729911,138.99678708837354,0.1230890376661001,0.1303251488062445,69,139,1132,390,69.92423754085988,138.9512606639786,69.49999999729911,138.99678708837354,311.4938400736798,15.255558100104304,0.0007084356029847,0.0007087510388312,60.65477446879519,-16.947115353302216,1314,1317,1315,4,59805.76507516364,59805.78590838326,59805.77201957002,0.0208332196198171,51.23901,-4.2740016,1,7.022473187520458,16.701475143432617,9.05788803100586,1,13.84685134972428,0.9714845789618656,0.22699804505925,0,0.0999732114761958,0.9181746559162736,0.2538232399343418,3.057620856576727,1.862176593792026,0,,,,9.0,-,1762881421273399168,0.1708759089756313,-0.0999733714672856,[7992],-1,4,3,1,TSS 204558.52+151520.01
632,1,-,55,2,3,18,161.49999999811328,174.6016800917905,0.1116811805090703,0.113712253304584,161,175,456,682,161.87493110585416,174.50137230002656,161.49999999811328,174.6016800917905,307.1679603116859,15.340876122074793,0.0006290448253188,0.0006168154747337,58.28696870446601,-13.45452047191088,572,578,573,7,59800.584538474046,59800.626205077206,59800.59148290791,0.0416666031596832,48.317516,-4.2102613,1,6.697738657772232,25.26038,10.486082,1,23.19545212274796,0.9814537784927956,0.2168419386128421,0,0.1045962543853703,0.8705314941142752,0.3856752813527654,3.115142187396923,0.2991585829657321,0,,,,0.0,-,1805541102340859136,-0.0654634876293585,-0.1935432824056988,[12540],-1,7,2,1,TSS 202840.31+152027.15
632,2,-,55,2,3,18,161.4999999972991,174.53293859632285,0.110144743166433,0.1111696163876338,161,175,456,682,161.67937498041485,174.46536584679544,161.4999999972991,174.53293859632285,307.16812850297805,15.340530660199438,0.0006194091766674,0.0006037751726928,58.28676449641403,-13.45484636909601,3058,3065,3058,8,59818.820433909365,59818.86904386466,59818.820433909365,0.0486099552945233,83.44291,-4.8034735,1,9.03133920816768,41.44997,14.878492,1,37.36728240946349,0.9825388845483434,0.1869207779742587,0,0.0735932570580824,0.8176440664672686,0.2550977072237454,3.12898855134351,0.3801361261608987,0,,,,0.0,-,1805541102340859136,-0.0654634873741315,-0.1248017874188462,[12541],-1,8,2,1,TSS 202840.35+152025.91
335,2,-,55,2,3,19,60.9321618627438,130.86626129914865,0.1385836999940306,0.1508705537761868,61,131,612,638,61.37846967875725,131.31993605813688,60.9321618627438,130.86626129914865,308.0995987966849,15.443233994219032,0.0007946621569638,0.0008145371952743,58.88766821769652,-14.1451545349184,461,462,461,2,59799.81370601477,59799.82065045375,59799.81370601477,0.0069444389810087,22.464573,-3.3787453,1,3.786760138172003,10.094971,7.6673517,1,11.192479653205606,0.9340341227964514,0.3908585664524877,1,0.2089577323604756,0.7720111907588453,0.2624665061793809,4.14497802904437,0.0,0,,,,8.0,-,1804797385801505792,-0.1344033028020703,0.0873577102399849,[],-1,2,2,1,TSS 203223.90+152635.64
282,2,-,55,2,3,21,140.09048664411344,199.01392158740424,0.1111269713184447,0.1128207348271266,140,199,1203,706,140.33426996984727,199.34089872644395,140.09048664411344,199.01392158740424,311.1599507508701,17.02603095845561,0.0006406750162225,0.0006301421825027,61.96498398471689,-15.660198005242218,308,309,308,2,59798.75120623533,59798.7581506827,59798.75120623533,0.0069444473629118,43.237602,-4.089654,1,5.776551733243322,10.428239822387695,10.25881576538086,1,25.45520660189432,0.9828913159260476,0.2207288926760746,1,0.0976872025289548,0.901997071554964,0.3880014478635948,2.8130939225896463,0.4093442763156046,0,,,,0.0,-,1811248319303904256,-0.1337139293395921,0.0424609673972327,[8657],-1,2,8,1,TSS 204438.39+170133.71
282,3,-,55,2,3,21,140.11111111153207,198.9847953279873,0.1107491493676312,0.1121999721921913,140,199,1203,706,140.26553726960557,199.1310063853822,140.11111111153207,198.9847953279873,311.1601326723242,17.025922821988313,0.0006382924386448,0.0006268544404102,61.96499756966073,-15.660402407724806,327,333,329,7,59798.88315072035,59798.924817395695,59798.89703961229,0.0416666753444587,57.819557,-4.4051867,1,6.815445901537204,15.396114349365234,8.496527671813965,1,27.872142361588505,0.97877792002355,0.2480851243237301,1,0.1766200247142494,0.8874176155057034,0.2638763255094225,2.835053853071649,0.4473210456314777,0,,,,0.0,-,1811248323599833600,0.09181241744227,-0.276746886400474,[8658],-1,7,8,1,TSS 204438.43+170133.32
689,1,-,55,2,3,22,157.01032130550118,15.092698517903914,0.1259988993213611,0.1343022231446105,157,15,1476,522,156.9955513973508,15.109752947386722,157.01032130550118,15.092698517903914,313.0965252556378,16.635344964715454,0.000731734064681,0.0007431271066433,62.76937278817706,-17.390477153376843,1138,1140,1139,3,59804.54285918752,59804.55674801054,59804.54980359903,0.0138888230139855,22.437717,-3.3774467,1,4.196275008860639,12.306382179260254,8.650421142578125,1,13.124981011812736,0.9647907328828568,0.3257139437406753,1,0.1157149936231349,0.8383060361019047,0.3127977893961,3.1916384184935422,0.1973067280727472,0,,,,0.0,-,1764579002802830208,-0.1390447954493083,-0.0438019665571118,[7365],-1,3,1,1,TSS 205223.17+163807.24T59804
1051,1,-,55,2,3,22,221.4135190665862,150.2071653112729,0.1564498199761333,0.1732649169119017,221,150,1540,657,221.3781237521558,150.36975005719933,221.4135190665862,150.2071653112729,313.1579043868067,17.47215050138187,0.0009174393334419,0.0009631994853434,63.5104529838362,-16.940667843875104,2009,2013,2010,5,59811.50808543353,59811.53586276199,59811.51502976588,0.027777328454249,24.41153,-3.4689875,1,4.400375175735514,13.013711929321287,7.188944816589356,1,9.728747855498437,0.9196058370844478,0.5476393921500584,0,0.2230197838510219,0.878407453426778,0.1452213842280299,2.6296978500648174,0.8843792502201019,0,,,,0.0,-,1764784194865054720,-0.1691412209781901,0.0232835462467164,[8543],-1,5,1,1,TSS 205237.90+172819.74T59811
1063,1,-,55,2,3,22,137.33331212097323,249.1995852500937,0.1146184561668056,0.1182255104722415,137,249,1456,756,137.36322902049076,249.4752545043505,137.33331212097323,249.1995852500937,312.4617760672322,17.816871524140005,0.0006657519143716,0.0006649868343452,63.38877796419122,-16.202222060339366,2248,2251,2248,4,59813.16777819463,59813.18861113253,59813.16777819463,0.0208329379020142,44.525833,-4.12153,1,6.230399737134947,13.52683162689209,9.08562183380127,1,18.114693002558468,0.8437200216661224,0.6968154150552031,1,0.1042679764237036,0.8552965229955846,0.2297419479606851,1.5787643607824742,1.0797381819782714,0,,,,8.0,-,1812768467144819456,-0.2350253141930807,0.1095950085133381,[8580],-1,4,1,1,TSS 204950.83+174900.74T59813
468,1,-,55,2,3,25,50.89135464147664,35.81144731009511,0.1620796144370845,0.1801384702800005,51,36,95,799,50.95775006099729,35.90398107813183,50.89135464147664,35.81144731009511,304.99221191450505,15.174312856498693,0.0009151892258479,0.0009551586108404,56.97053430395589,-11.786102941226764,476,478,477,3,59799.91787259671,59799.93176147327,59799.92481703476,0.0138888765650335,26.888592,-3.5739202,1,4.429133682027197,11.645265579223633,8.747295379638672,1,9.401589096430785,0.8645434998087483,0.596547296966378,1,0.1788131236405513,0.7934252567136514,0.371598672924598,2.669709979826582,0.8236347407290774,0,,,,1.0,-,1805326422697188352,-0.2335862023745818,0.0420658072492869,[13376],-1,3,1,1,TSS 201958.13+151027.53T59799
1417,1,-,55,2,3,25,164.66666666660484,128.99266481262535,0.142197672519327,0.1554868356819696,165,129,209,892,164.6522231414619,129.2399175577239,164.66666666660484,128.99266481262535,305.34549788881634,15.87754408599306,0.0008054501024878,0.0008355348134915,57.76267704497119,-11.691842911504349,3631,3641,3632,11,59822.79950343,59822.86894617557,59822.8064477046,0.0694427455746335,38.257328,-3.9567866,1,5.300895850406037,17.437732696533203,8.956202507019043,1,10.821672389108551,0.9429824205787812,0.3280017796151795,0,0.1483653379187111,0.7387588470381161,0.3905568927588039,2.932649423655473,0.5069098986189998,0,,,,0.0,-,1805764612438811520,-0.1013730969879702,0.1589718773424238,[15603],-1,11,1,1,TSS 202122.92+155239.16T59822
1321,2,-,55,2,3,27,177.2222222221348,64.13914279758961,0.1099090045496448,0.1107376510438632,177,64,728,827,177.49532705631242,64.27358455238173,177.2222222221348,64.13914279758961,308.26659785585946,16.650387778980143,0.0006257601452887,0.0006135230687719,60.010575187500486,-13.602413646659064,3119,3133,3122,15,59819.24403490377,59819.34125479061,59819.264867737365,0.0972198868403211,150.22809,-5.441878,1,11.102552537428728,54.965736,19.199396,1,60.15776252898559,0.991572012920472,0.1309421804734899,0,0.019584062307672,0.8491565591394132,0.1976903974971064,3.049606946232753,0.4581884890545626,0,,,,1.0,-,1811690361636397184,-0.1357129876281533,0.0278265881809147,[16974],-1,14,3,1,TSS 203303.98+163901.40
1351,1,-,55,2,3,27,251.4722905417468,117.80164026087851,0.1170488219059835,0.1218005566756868,251,118,802,881,251.7185762250509,117.73798317096262,251.4722905417468,117.80164026087851,308.5396662662527,17.08412799346797,0.0006723246132709,0.0006754573924456,60.5307079284865,-13.57388713320229,2639,2643,2639,5,59815.88300071189,59815.91077788947,59815.88300071189,0.0277771775799919,34.065033,-3.830772,1,5.295997529352887,17.226547,7.324334,1,16.27028241668902,0.9734925005229816,0.2485593484897867,0,0.0,0.7379476421108654,0.3121571256843883,2.60347797312542,0.6006048029541826,0,,,,0.0,-,1811824742574708992,-0.1393550950396047,-0.0386880358961434,[16997],-1,4,1,1,TSS 203409.52+170502.86T59815
146,4,-,55,2,3,28,91.77777777781706,179.0056448662103,0.1119348781474258,0.1141145267045961,92,179,899,942,91.83974409096564,179.10359494251455,91.77777777781706,179.0056448662103,308.91839350442024,17.606518048968503,0.0006431518173295,0.0006386431932749,61.1842386820921,-13.575579223320023,212,221,214,10,59798.08453901875,59798.14703909765,59798.09842792606,0.0625000789004843,54.67363,-4.3444448,1,6.521685667040352,11.683734893798828,6.553694248199463,1,22.43254810460219,0.9330395480007136,0.3348247422795378,0,0.0559310757497108,0.823460629213263,0.2527223474192583,2.9156229213137808,0.680316585517543,0,,,,13.0,-,1812227988461484288,-0.1300085329843341,0.0484484884999574,[8936],-1,10,61,1,TSS 203540.41+173623.46
191,1,-,55,2,3,28,32.44444471759257,190.50660692704437,0.1099198303038363,0.1107586516048862,32,191,839,954,32.70848350520835,190.5670042748156,32.44444471759257,190.50660692704437,308.56478543475146,17.5387082708864,0.0006292319023948,0.0006200018231669,60.93009760366595,-13.336520624677176,81,86,81,6,59797.17481476421,59797.20953710348,59797.17481476421,0.0347223392673186,142.26326,-5.3827324,1,11.468869194698788,79.72618865966797,25.984086990356445,1,56.7981650336849,0.996881684972653,0.0960187716596109,0,0.0,0.7976906975077342,0.2448468763939407,2.740743977024524,0.0573416368179479,0,,,,0.0,-,1812041621241694464,-0.0977058964330126,-0.0871969557683769,[9697],-1,6,2,1,TSS 203415.55+173219.35
483,1,-,55,2,3,28,16.143727037402662,223.1995690376187,0.1687463967092516,0.1881916814953623,16,223,823,986,16.32319413684749,223.1483991220918,16.143727037402662,223.1995690376187,308.39567944700906,17.672878818605678,0.0009839364779479,0.0010402666190285,60.94999192501742,-13.127697012186228,604,607,604,4,59800.806760340805,59800.8275936382,59800.806760340805,0.020833297392528,23.033459,-3.4058979,1,4.208170075836568,11.635292053222656,7.08193302154541,1,9.063877046243292,0.90144548089435,0.6238543663377248,0,0.1261903416157609,0.829367292339425,0.481493349192611,2.418129055093811,0.7974639509029215,0,,,,0.0,-,1812057525501310592,-0.2272700013519397,-0.1072969059065371,[12212],-1,4,1,1,TSS 203334.96+174022.36T59800
1513,1,-,55,2,3,34,120.7713884434342,171.47739999999993,0.1220238137362188,0.1288508159418962,121,171,416,1190,120.7284534714713,171.92863529026266,120.7713884434342,171.47739999999993,305.6809073086636,17.837608652363834,0.0006943998349809,0.000712458285164,59.615578325217854,-10.889773953856274,2004,2009,2005,6,59811.47336376994,59811.50808543353,59811.48030810275,0.0347216635927907,42.652714,-4.0748672,1,5.952095809521671,15.619326,7.930286,1,14.16110828092062,0.9164342477080268,0.546111689915467,0,0.106245683628422,0.8258457118006388,0.2155463466257048,2.9666860505228256,0.2597916279991181,0,,,,0.0,-,1815251439283125632,-0.1625017690139998,0.2286652586328728,[18787],-1,6,1,1,TSS 202243.42+175015.39T59811
1532,1,-,55,2,3,34,217.4444231278934,53.53295516683948,0.1488665395825189,0.163881471766987,217,54,512,1073,217.80568192025316,54.08480059304757,217.4444231278934,53.53295516683948,306.4966908677667,17.44473700976896,0.0008572736858886,0.0009001147103956,59.718771236255215,-11.754925718024651,2370,2374,2373,5,59814.01498394923,59814.04276117431,59814.03581686804,0.0277772250774432,27.341843,-3.5920696,1,4.554276250964893,10.279305,6.420293,1,10.251475200123735,0.8974706759914519,0.5071180091559363,0,0.0488797164478336,0.7724942734314137,0.3638672718206879,3.630542161179776,0.2067157250924755,0,,,,5.0,-,1814982368170246656,-0.1571078637848586,-0.0234334022175062,[18805],-1,5,2,1,TSS 202559.21+172641.05
1605,1,-,55,2,3,34,54.739987847292056,33.86631657607797,0.1153983273910406,0.1193848045386672,55,34,350,1053,54.93657675358416,34.108845336609136,54.739987847292056,33.86631657607797,305.67930457783723,16.99137655289313,0.0006514798233391,0.0006561224602777,58.89370911208567,-11.35281468657922,2959,2964,2960,6,59818.13295009862,59818.16767151029,59818.13989438067,0.0347214116700342,43.87935,-4.105651,1,5.73287701705297,16.188168,7.641186,1,17.415202846873747,0.9704345577742124,0.366075798501238,1,0.0696202175377755,0.8811912719732963,0.4049006701326091,2.8952369529627324,0.4723334788958053,0,,,,0.0,-,1808984802817639040,-0.089032832495377,0.0836670038881948,[18863],-1,5,1,1,TSS 202243.03+165928.96T59818
835,1,-,55,2,3,35,53.77777777744425,66.1125412090442,0.1109101680260601,0.1124660878183476,54,66,605,1085,53.73678906823025,66.48063960738675,53.77777777744425,66.1125412090442,306.96250445098843,17.710278546366887,0.0006309546294604,0.0006274414500735,60.19641102339334,-11.976761884364429,809,811,810,3,59802.230368131466,59802.24425697917,59802.23731255509,0.0138888477013097,57.444897,-4.3981285,1,6.559918298921003,28.378589630126957,18.137052536010746,1,26.708677006350072,0.9827120993430296,0.2010049577655907,1,0.0282449824369617,0.947385532774852,0.3727182811554729,3.464548689123378,0.0785021306797537,0,,,,0.0,-,1815015521017060096,-0.1280775656682635,0.0836334497730604,[15157],-1,3,1,1,TSS 202751.00+174237.00T59802
224,39,-,55,2,3,36,242.72864711688703,68.31080388512154,0.1215209212127192,0.1281509831954036,243,68,1050,1087,244.01250210778537,69.17943937893484,242.72864711688703,68.31080388512154,309.40236742515606,18.689949031875653,0.0007065620374276,0.0007218212594037,62.3685403232162,-13.333329121233657,2634,2636,2635,3,59815.84827923922,59815.86216782847,59815.85522353384,0.0138885892520193,41.694313,-4.050192,1,3.73003224542844,14.504232,9.28284,1,14.321368828163497,0.8797716480516642,0.5287859992200331,1,0.2361174743216709,0.871396324493927,0.477859354662565,7.203655693221775,1.8588498830795288,0,,,,9.0,-,1812588177300187648,0.272441022854764,-0.0955952297420026,[9915],-1,3,75,1,TSS 203736.57+184123.82
1530,1,-,55,2,3,36,164.46521222261583,142.12298046251834,0.113747466400789,0.1169145362639814,164,142,971,1161,164.53658198219992,142.23914646132704,164.46521222261583,142.12298046251834,308.78614266090534,18.906369039238832,0.0006575137843624,0.0006612565325596,62.20734662310653,-12.731267641718944,2680,2688,2680,9,59816.16771675018,59816.22327109137,59816.16771675018,0.0555543411901453,38.500687,-3.9636712,1,5.613341623196422,17.593061,6.7814236,1,19.08698624279537,0.9437059601419572,0.3430865986434338,1,0.0624267955411481,0.7587729510606035,0.1737548450581328,2.800627118703865,0.4440364906022843,0,,,,0.0,-,1812654049218009088,-0.1491571434423804,0.0007087692890763,[16615],-1,8,1,1,TSS 203508.67+185422.93T59816
125,3,-,55,2,3,37,61.000056801798856,145.58042933790125,0.1122231965940379,0.1145680084615879,61,146,1124,1165,61.38402649453747,145.63570939506135,61.000056801798856,145.58042933790125,309.6308261367994,19.257839886713388,0.0006507601331572,0.0006515200723554,62.97324843795224,-13.182543917192492,430,432,431,3,59799.59842837791,59799.61231725913,59799.605372818754,0.0138888812216464,47.271847,-4.1865063,1,5.913675741720403,10.453655242919922,6.772508144378662,1,21.69586006977064,0.9208286869724144,0.6075871195057052,1,0.0315389246216102,0.9413433064371052,0.2435742970935054,2.6969391774721525,2.9292638729715668,0,,,,0.0,-,1814181064710216832,-0.1581459721437568,-0.0119202172386394,[8692],-1,3,7,1,TSS 203831.40+191528.22
214,1,-,55,2,3,37,40.20106944500893,247.97733894416405,0.1672189650551655,0.1863542029347762,40,248,1103,1267,40.29708631606452,247.97487230183123,40.20106944500893,247.97733894416405,309.2639963565862,19.75255713036249,0.00098526815273,0.0010508208378383,63.18281566814768,-12.614585443738449,235,239,236,5,59798.24426143013,59798.27203923682,59798.251205881694,0.0277778066883911,25.397903,-3.5119948,1,4.528032601984247,12.80214786529541,7.893446445465088,1,9.137155446260255,0.8955544415199925,0.5292382339397049,0,0.0749969227635884,0.8605688772179728,0.37792426051637,2.753929651237835,0.4071675786518596,0,,,,0.0,-,1817222623110568576,-0.2651210449580503,-0.0179345506439858,[9967],-1,5,1,1,TSS 203703.36+194509.21T59798
60,8,-,55,2,3,39,57.926086097804216,39.803328457367805,0.1115074238630297,0.1134347754827187,58,40,1633,1059,57.89761254145414,39.5154271100262,57.926086097804216,39.803328457367805,312.7765170358426,19.790590269551277,0.000651122551424,0.0006501216713257,65.21938757152348,-15.264300308803127,2725,2730,2725,6,59816.48020988549,59816.51493134,59816.48020988549,0.0347214545108727,51.64722,-4.2826176,1,6.555621717287757,13.740754,6.109537,1,23.799284341448235,0.9844168336690164,0.2512376874951108,1,0.1010802223917218,0.7700651305879527,0.3331840990345088,3.389096895571192,0.3025149905844389,0,,,,13.0,-,1813669924943327744,-0.1774718695089632,-0.0703098044846228,[4463],-1,5,16,1,TSS 205106.36+194726.12
690,2,-,55,2,3,39,137.24089588123846,102.269279763707,0.1155997466390301,0.1196822216967183,137,102,1712,1121,137.39516329659165,102.54878284828636,137.24089588123846,102.269279763707,313.0907366143712,20.292764710898307,0.0006777734523558,0.0006868607146626,65.81911061009639,-15.197428863033425,1484,1486,1484,3,59806.9456239671,59806.95951277335,59806.9456239671,0.0138888062501791,50.5623,-4.2595673,1,6.424414858354488,14.946525,8.1267185,1,17.25420660576456,0.9682245251096768,0.3282808052007608,0,0.0,0.6860470272418571,0.3207432872477763,3.254449165438384,1.0122175842861008,0,,,,0.0,-,1814537375195426304,0.0392789557331525,0.143372523888047,[7472],-1,3,4,1,TSS 205221.78+201733.95
116,1,-,55,2,3,40,114.88890318792824,172.86633186694513,0.1099299105334733,0.1107780062844055,115,173,1941,1192,114.97977974086476,172.79056080047354,114.88890318792824,172.86633186694513,314.2608823379247,21.154450984540865,0.0006432968485932,0.0006414184204728,67.2194281441239,-15.539641302941655,265,278,266,14,59798.45259495351,59798.54287279485,59798.4595394032,0.0902778413437772,136.244,-5.3357935,1,10.930545594192033,49.00813293457031,13.558218955993652,1,54.36111784280055,0.9954109880469436,0.1280154639154831,0,0.0485810605276043,0.8452173241865641,0.2858051209620299,2.3669661611940453,0.5536561584433762,0,,,,0.0,-,1837883614825469696,0.4394432539238551,-0.1121524152163147,[6577],-1,12,1,1,TSS 205702.61+210916.02T59798
482,3,-,55,2,3,41,221.9999979358342,111.64406666712064,0.1102184659390595,0.1112991909863703,222,112,266,1387,222.1073159916055,111.80291204788024,221.9999979358342,111.64406666712064,304.3799013733403,18.508875635702854,0.0006173006297369,0.0006203725657591,59.50020676576303,-9.487760508665826,633,635,633,3,59801.00814886826,59801.02203773133,59801.00814886826,0.0138888630681321,119.861534,-5.1966996,1,9.967284917349362,39.25537,25.372643,1,35.20421333754198,0.9894186427409162,0.1496647587104663,0,0.0527809785594861,0.8901003669602605,0.2321737758915686,3.386878247125752,0.0,0,,,,0.0,-,1810150633049570304,-0.0992356722641147,0.0591996748587462,[17519],-1,3,7,1,TSS 201731.18+183031.95
482,4,-,55,2,3,41,222.00000282232543,111.53295533963042,0.12918267262673,0.1385806918651279,222,112,266,1387,222.09922626630055,111.65558790411194,222.00000282232543,111.53295533963042,304.38019006295804,18.508307591964044,0.0007326314937206,0.0007654201515321,59.49987416448567,-9.4882990243754,1159,1178,1159,20,59804.688691824544,59804.8206356269,59804.688691824544,0.1319438023565453,40.89335,-4.0291314,1,5.290997337070952,11.875362,5.605359,1,12.496974185482026,0.937109402833988,0.6038826914328996,1,0.180073912883095,0.5671644389895224,0.357064021387983,2.525411466012376,0.4702614632620969,0,,,,0.0,-,1810150633049570304,-0.0992405588454516,0.1703110023456702,[17520],-1,16,7,1,TSS 201731.25+183029.91
482,6,VCR,55,2,3,41,221.98566220690336,111.53295430494776,0.1607144525966254,0.1784782466027993,222,112,266,1387,222.3815083161485,111.79764178291326,221.98566220690336,111.53295430494776,304.38011418190376,18.508275430441028,0.0009185225429017,0.0009810521783264,59.4998071440524,-9.488256101243003,2178,2184,2179,7,59812.681676157415,59812.72334205789,59812.68862047439,0.0416659004768007,38.11144,-3.9526386,1,5.002738533792521,12.814827,7.24656,1,9.476985969181849,0.9389500775448946,0.5816240973823497,0,0.1142043672098448,0.7600874831175437,0.3581215534054835,3.3757096576498475,0.8225910838814569,0,,,,0.0,-,1810150633049570304,-0.0848999434567758,0.1703120370309534,[17521],-1,7,7,1,TSS 201731.23+183029.79
661,2,-,55,2,3,44,197.44444513080708,128.6615382612146,0.1108599121587713,0.1123832998910456,197,129,1004,1404,197.4768329768616,128.80517947219718,197.44444513080708,128.6615382612146,308.37000478504245,20.25527591207597,0.0006410738685909,0.0006429471435716,63.109993152959404,-11.63819211404148,3717,3722,3718,6,59823.39671096495,59823.43143232122,59823.403655236296,0.034721356263617,85.51053,-4.830049,1,8.17613258822144,32.96484,16.238129,1,27.0462817798401,0.9707445608001852,0.2919061380978898,0,0.0206599495774168,0.9391167680128794,0.4029288322403304,2.577266974008656,1.549570414154483,0,,,,9.0,-,1816000786519517184,-0.1592095477755037,-0.0473306996386782,[13656],-1,6,2,1,TSS 203328.80+201518.99
117,1,-,55,2,3,46,158.99318503823918,11.191258231897812,0.2164199293497991,0.243918482492453,159,11,1478,1286,158.6995032155054,11.127824966428124,158.99318503823918,11.191258231897812,311.353198018962,20.674358814918342,0.0012865704665698,0.0013871121364181,65.12830874652728,-13.665313441485736,60,65,61,6,59797.028980890864,59797.06370324876,59797.03592536291,0.03472235789377,27.801924,-3.610187,1,4.462216225218708,12.16831,6.5900536,1,7.493208203508847,0.8917259957200865,0.8316953823543624,0,0.2247341850088217,0.8012974535028664,0.1686059895591561,2.136489492148569,0.1970183248352781,0,,,,0.0,-,1814749306062626304,-0.4120843249895642,-0.3678583443972911,[6649],-1,6,1,1,TSS 204524.77+204027.69T59797
742,1,-,55,2,3,46,63.77777777818986,138.47740000229334,0.1210416121277432,0.1274815824239962,64,138,1383,1413,63.82969287667884,138.36867244301885,63.77777777818986,138.47740000229334,310.49883693736297,21.14733332450577,0.0007111419772907,0.0007322957807456,65.03569133838532,-12.741995532198084,869,876,870,8,59802.64703349765,59802.69564444759,59802.6539779194,0.0486109499397571,34.523132,-3.8452756,1,5.206210486150929,12.473464,5.6718554,1,14.482172278894703,0.9284753862677994,0.4146564813755102,1,0.2530435746477604,0.7223390574018227,0.2851267520766412,2.924636936758974,0.4250539351607459,0,,,,0.0,-,1817836558618515200,-0.0944096150394671,-0.2254730247200314,[10579],-1,6,3,1,TSS 204159.72+210850.40
841,1,-,55,2,3,48,167.8425511655208,86.58191024175417,0.1221685542717856,0.1290517771760466,168,87,1994,1362,167.7030251330358,86.46927149238734,167.8425511655208,86.58191024175417,314.1883239537832,22.18554777749017,0.0007212464329293,0.0007468814862231,68.01774230106147,-14.85102290889667,1053,1054,1053,2,59803.95258407752,59803.9595284923,59803.95258407752,0.0069444147738977,32.118813,-3.7668989,1,5.092291862420071,13.419746,8.824667,1,14.116476290162034,0.9537565240213614,0.4648611710871131,0,0.0,0.6554053741555181,0.4495056107747154,3.023536359968689,0.7390768527984619,0,,,,0.0,-,1838846542195875328,-0.2081453744406189,-0.0429980940778023,[8804],-1,2,2,1,TSS 205645.20+221107.97
841,2,-,55,2,3,48,167.75042816552093,86.54819838063706,0.1099630183866076,0.1108405658698206,168,87,1994,1362,167.8520793631576,86.60875703045171,167.75042816552093,86.54819838063706,314.18785664093457,22.1851705819193,0.0006450482106134,0.0006452137981317,68.01715890746223,-14.850915530199796,1763,1775,1766,13,59808.88311234488,59808.96644517914,59808.90394555379,0.083332834255998,168.3857,-5.565763,1,12.218995023244863,82.86153,24.647215,1,48.87222469142736,0.9949741895982284,0.1212825374353437,0,0.0212178239799541,0.967020348258372,0.2343809359741467,2.748277533879208,0.2729820204940609,0,,,,0.0,-,1838846542195875328,-0.1160223742867856,-0.0092862328710907,[8805],-1,13,2,1,TSS 205645.09+221106.61
1314,1,-,55,2,3,48,59.888888889012726,94.12586596299096,0.1135016497227605,0.11654103080228,60,94,1886,1369,59.90421904546033,94.12847818507848,59.888888889012726,94.12586596299096,313.53465667514183,21.99807406347496,0.0006674486377846,0.0006762337419483,67.47990782774183,-14.488701402834106,2789,2800,2790,12,59816.924644431536,59817.001031603526,59816.93158872011,0.0763871719900635,28.416887,-3.6339414,1,4.610104180700651,10.953076,6.5525355,1,19.41146306414737,0.981659509528661,0.3793520494625323,1,0.0959505509307738,0.8847207499841008,0.2564012232228682,2.996121095281174,1.1045184589121368,0,,,,4.0,-,1838922442861372416,-0.1044977135986755,-0.0783715589918756,[9560],-1,10,1,1,TSS 205408.32+215953.07T59816
1102,1,-,55,2,3,49,18.85876028117684,43.65267517837546,0.110017635376471,0.1109414481240355,19,44,63,1575,19.14640328480121,43.593288949273656,18.85876028117684,43.65267517837546,302.8204069642268,19.008288834794158,0.0006082248030074,0.0006168707716841,59.11985959297762,-7.974956560719301,1491,1505,1492,15,59806.99423478991,59807.091456433685,59807.00117919304,0.0972216437730821,240.30371,-5.951901,1,13.755511089934808,85.14421844482422,18.29164695739746,1,43.62163716821261,0.9932942668071236,0.113028800960214,0,0.0096374952185112,0.8718363797279742,0.2012043891520019,3.3173225050788324,0.6501346359519711,0,,,,0.0,-,1822333737286607232,-0.1933626669859762,0.0054752266082687,[15565],-1,13,2,1,TSS 201116.90+190029.84
1268,1,-,55,2,3,49,6.522251256281233,116.17878003980482,0.1152654111837137,0.1191881064292409,7,116,51,1647,6.57558901173141,116.1810778347934,6.522251256281233,116.17878003980482,302.5638786197159,19.348616879399344,0.0006397926951227,0.000661161316241,59.27932392139793,-7.588219868316791,2659,2662,2660,4,59816.0218865928,59816.04271947342,59816.0288308865,0.0208328806183999,42.03301,-4.058976,1,5.5503770680532165,15.27538776397705,10.01063060760498,1,17.525466560519654,0.9763957891369484,0.2092305911689897,1,0.1362946160881741,0.8682128795589552,0.4477800550900566,2.727448707011661,0.8478066761916746,0,,,,0.0,-,1822486122726299520,-0.0778518426665186,0.0910079964216947,[15932],-1,4,1,1,TSS 201015.33+192055.02T59816
1353,1,-,55,2,3,50,112.22222312494526,202.0884907320639,0.113011226725888,0.1157906293938769,112,202,407,1733,112.42592192939088,202.22156488986988,112.22222312494526,202.0884907320639,304.2273730176953,20.615141957405825,0.0006387622360888,0.0006547283829141,61.20812225986765,-8.219193502801073,2774,2780,2775,7,59816.82048009874,59816.86214583297,59816.827424387775,0.0416657342357211,31.99494,-3.7627032,1,4.823991849916986,10.576128005981444,6.193665504455566,1,20.148672974095412,0.9696508079666388,0.3855368778329232,1,0.2820381425913423,0.8565288699688376,0.3727654709968854,2.9776160763609565,0.9099023815449684,0,,,,9.0,-,1828675823432657024,-0.240794369403261,0.0111475311709909,[18447],-1,7,2,1,TSS 201654.57+203654.51
154,2,-,55,2,3,52,174.1408549396497,58.35521095732648,0.1173779445793835,0.1222769008931075,174,58,981,1589,174.52374531749803,58.54203554494176,174.1408549396497,58.35521095732648,307.7712929148399,21.184368837675024,0.0006818965544173,0.0006999698608995,63.56103522373202,-10.647760407705857,1560,1564,1560,5,59807.47339858935,59807.50117619999,59807.47339858935,0.0277776106449891,76.21089,-4.7050424,1,8.074505719917907,21.411118,7.9136267,1,16.08072257374192,0.9603510729574612,0.3796704618292292,0,0.0,0.7273518885524328,0.2817614735842808,2.743701764497564,0.4145012915820631,0,,,,9.0,-,1818354566035177600,0.0070908187891518,0.146740401607758,[9001],-1,4,6,1,TSS 203105.11+211103.73
287,1,-,55,2,3,52,176.99999010022745,234.8626760411344,0.1282766435744689,0.1373701615838504,177,235,984,1766,176.7780061567129,234.90858704232207,176.99999010022745,234.8626760411344,307.33664879596506,22.126131338616208,0.0007491430056626,0.0007863786486396,64.11329059751061,-9.77901996594921,228,229,228,2,59798.19565026552,59798.20259471801,59798.19565026552,0.006944452485186,36.64832,-3.910135,1,5.339747633397897,11.486277,8.52866,1,12.662189844377714,0.8559502838462819,0.6415193201524282,0,0.0,0.8026178374882855,0.1467191838039483,1.3684295051908286,1.0260324478149414,0,,,,9.0,-,1818717649692159616,-0.4028213583850402,0.2273727838989998,[11780],-1,2,14,1,TSS 202920.80+220734.07
1360,1,-,55,2,3,52,94.22228055415988,149.47740000270088,0.1197348022066752,0.1256439131758036,94,149,901,1680,93.76879840793276,149.17854336606712,94.22228055415988,149.47740000270088,307.0885564359945,21.483569369467677,0.0006946811815351,0.0007184641086258,63.4437236475107,-9.954483598192777,2606,2609,2607,4,59815.65383897288,59815.67467186002,59815.66078326843,0.0208328871449339,47.63203,-4.194748,1,3.5308848516481586,19.84712,9.918312,1,14.967253510401584,0.9666200298280088,0.2869379518056998,0,0.0,0.8921902522941478,0.5100349471525807,3.03686085326064,1.100321094034595,0,,,,13.0,-,1817114007681555968,-0.1462345779237921,-0.0718179747975682,[16518],-1,4,1,1,TSS 202821.25+212900.85T59815
184,2,-,55,2,3,53,138.4949328148582,104.54408335919356,0.1406125557980624,0.1534684564101315,138,105,1201,1636,138.4525773360629,104.36532665888204,138.4949328148582,104.54408335919356,308.90852317754496,21.929674415929888,0.0008290971945871,0.0008787066152845,64.80126060848038,-11.084407348626728,871,874,871,4,59802.660922340685,59802.681755605015,59802.660922340685,0.0208332643305766,35.5851,-3.8781705,1,5.581589455555385,16.552934646606445,8.356290817260742,1,10.97791653987326,0.9341751000292836,0.4509951398115279,0,0.0,0.6497386158294278,0.4749212818447487,3.0065938561293244,1.350824472456448,0,,,,0.0,-,1818522550794659712,-0.1411083943041831,-0.0656100001533559,[7834],-1,4,3,1,TSS 203538.05+215546.83
1506,1,-,55,2,3,54,195.8909765497013,159.97739522509318,0.1108142381862834,0.1123078520247389,196,160,1515,1691,195.67399977740132,159.8824660850847,195.8909765497013,159.97739522509318,310.58774862660954,22.931401468412933,0.0006495873260159,0.0006543042662487,66.55789933205459,-11.75360287728371,2900,2904,2900,5,59817.72323737542,59817.75101451295,59817.72323737542,0.0277771375258453,57.572224,-4.4005327,1,7.015322828975911,22.721227645874023,12.282756805419922,1,27.37216777020237,0.9884222378000076,0.2173510285273594,0,0.0781438484785592,0.9269474113431718,0.2618534064242593,2.2961514893966046,0.3551448005574366,0,,,,9.0,-,1818312475356924672,-0.1429782031768809,0.0282571379889304,[10626],-1,5,1,1,TSS 204221.06+225553.05T59817
326,2,-,55,2,3,55,188.18074363862425,8.75514092526896,0.1440653630791247,0.1578530600435721,188,9,1763,1540,188.17144585297143,8.552621123923483,188.18074363862425,8.75514092526896,312.4127292389828,22.65961178698521,0.0008566272000227,0.0009109882585142,67.36902550897423,-13.262708547419864,332,333,333,2,59798.91787294972,59798.924817395695,59798.924817395695,0.0069444459732039,26.425724,-3.555067,1,4.610015183582693,11.077434,10.6289,1,10.648845726616432,0.9527428779325992,0.4780389217558191,1,0.0731859253699714,0.8180637018408196,0.1936404323532434,2.38621599415549,0.6830835342407227,0,,,,5.0,-,1842028430066090624,0.0349612284846898,-0.2173406805306967,[9542],-1,2,7,1,TSS 204939.06+223934.60
326,3,-,55,2,3,55,188.22219149003885,8.75521454830816,0.1252928768617212,0.1333435667825996,188,9,1763,1540,188.39238522278745,8.528842388653064,188.22219149003885,8.75521454830816,312.4129734304024,22.65970205695851,0.0007415654802994,0.0007722500672903,67.36923959361113,-13.262833077705826,429,430,429,2,59799.59148393753,59799.59842837791,59799.59148393753,0.0069444403779925,32.427616,-3.7772875,1,4.942910779785263,12.700741,9.789413,1,13.284726987181248,0.985090778340691,0.2541667867797356,0,0.1343554715638529,0.8160712524514984,0.3495850524376591,2.522947914717137,0.3808830315757519,0,,,,0.0,-,1842028430066090624,-0.0064866222148793,-0.2174143030829327,[9543],-1,2,7,1,TSS 204939.11+223934.93
1296,1,-,55,2,3,58,84.52116584956036,203.86628991311545,0.1147108969413886,0.1183636001868728,85,204,380,1986,84.58614761958212,203.71525480693057,84.52116584956036,203.86628991311545,303.4046575941607,21.858833930757744,0.0006471276594723,0.0006713678991097,61.83838529460241,-6.89841858322168,2450,2455,2451,6,59814.57052830548,59814.6052498182,59814.57747260802,0.0347215127185336,41.63878,-4.048745,1,5.609779967350826,17.371065139770508,8.750373840332031,1,18.024604072773787,0.9727470100330652,0.2007740721863642,1,0.1224566918223377,0.8888628627833329,0.3862938395509276,2.9189593392325133,0.458558498236416,0,,,,4.0,-,1829765435145808640,-0.1373662893709024,-0.0778286972490605,[19582],-1,5,2,1,TSS 201337.12+215131.80
891,2,-,55,2,3,59,166.99999999949702,129.22736700658993,0.1491772698388157,0.1642691238502601,167,129,718,1911,166.87083871127095,129.06736486062914,166.99999999949702,129.22736700658993,305.46256107580786,22.27294791994325,0.0008673912813298,0.000931877732911,63.24610835760447,-8.262823143764287,2345,2346,2345,2,59813.8413762748,59813.84832058247,59813.8413762748,0.0069443076645256,29.751505,-3.6837723,1,4.40939154959968,10.192015,6.9045362,1,10.227773124735588,0.9348913412383348,0.3887848717317167,0,0.0,0.5095451239940498,0.3239180502901911,4.095333366754058,0.0,0,,,,4.0,-,1829270006385229440,-0.1715895811895507,0.0037085971296164,[],-1,2,2,1,TSS 202151.01+221622.61
1489,1,-,55,2,3,59,219.55180929051068,13.210458648489846,0.1265948656206218,0.1351085155382454,220,13,771,1795,219.59391905018308,13.358267794099811,219.55180929051068,13.210458648489846,306.05986066408474,21.786139157562594,0.0007331820289215,0.0007696138262514,63.15082799360509,-8.994041007966853,1569,1572,1570,4,59807.53589821283,59807.55673142082,59807.54284261549,0.0208332079855608,55.587387,-4.3624406,1,6.595158893464064,20.553745,14.670466,1,12.996589811179938,0.929858087124532,0.5192646579540987,0,0.0708647768209942,0.8563704531538111,0.2971971084724829,2.202264158796285,1.194913818531377,0,,,,4.0,-,1829181457032076800,-0.083169869522635,0.1298416834231375,[16751],-1,4,1,1,TSS 202414.37+214710.10T59807
1739,1,-,55,2,3,59,70.77731656671767,64.49796583087323,0.1202843607337099,0.1264190375309352,71,64,622,1846,70.92596866690208,64.38113365865233,70.77731656671767,64.49796583087323,305.0996379215244,21.70715442228097,0.000690048044009,0.0007191494584051,62.58178973121719,-8.297469859918861,3299,3302,3299,4,59820.49400454816,59820.51483737058,59820.49400454816,0.0208328224180149,59.753128,-4.4409018,1,6.725224624733809,20.945015,13.972268,1,14.754208635527188,0.9715991712983064,0.3126502226070397,0,0.0409330003941054,0.9078523845936836,0.200806739160755,2.995217753924405,0.4753904428344676,0,,,,0.0,-,1829150606298147584,-0.1143501656938497,0.0783873198790843,[17176],-1,4,1,1,TSS 202023.91+214225.76T59820
1300,1,-,55,2,3,61,188.2971275108049,9.180121608851092,0.1430367717622596,0.1565514695860057,188,9,1251,1791,188.0789633818228,9.366685906806358,188.2971275108049,9.180121608851092,308.80322600358926,22.8749546333138,0.0008450641838959,0.00089962083546,65.52727871510585,-10.456440372050086,2867,2873,2867,7,59817.49407597029,59817.5357416831,59817.49407597029,0.0416657128153019,23.149698,-3.4113634,1,4.299808547336813,10.299479484558104,4.301644325256348,1,10.7425997654559,0.9310810803005024,0.556023734410925,1,0.0842740157558097,0.584108183820245,0.2890545634202914,2.591982149528449,1.4356839369806702,0,,,,4.0,-,1819182674387631488,0.8468460566705289,0.1197215104189126,[14251],-1,4,1,1,TSS 203512.77+225229.84T59817
1118,2,-,55,2,4,9,181.20058494676263,140.3588440819802,0.112170928509863,0.1144860695954901,181,140,225,391,181.1365689823741,140.31574797305234,181.20058494676263,140.3588440819802,318.527998177902,17.776449717962027,0.0006424388861313,0.0006412159808638,67.08911556008235,-20.79079218015716,3376,3387,3377,12,59821.028945587415,59821.10533414801,59821.03589000218,0.0763885605920222,57.21351,-4.3937464,1,6.783152843176245,19.860349655151367,8.73176097869873,1,21.820796448575567,0.9885523460229324,0.2214200900619884,1,0.0163643028693226,0.8848460366980969,0.3168578555951938,2.725514236581392,0.556320003885923,0,,,,0.0,-,1788076597079279872,-0.1628300912718714,-0.183053969668606,[7427],-1,9,2,1,TSS 211406.72+174635.22
240,1,-,55,2,4,11,54.658025626165184,137.8499295614863,0.1213747190273584,0.1279470490101802,55,138,606,389,54.72624510921169,138.0389042157054,54.658025626165184,137.8499295614863,320.6969027677602,18.491611134935532,0.0006907473016878,0.0007148475281947,69.1006860960119,-21.908778181398688,638,644,639,7,59801.042678544414,59801.08434602022,59801.04962312356,0.0416674758089357,24.538515,-3.4746206,1,4.436274348462618,13.062103271484377,6.824447154998779,1,14.369549524478211,0.9610425474264288,0.3728991561018578,1,0.1255949471989448,0.8526176259532952,0.201507627557088,1.9118022922003943,0.9203843424900572,0,,,,0.0,-,1785550086860865280,0.0286256126137232,-0.1246815101648053,[5681],-1,6,1,1,TSS 212247.26+182929.80T59801
12,8,-,55,2,4,12,47.77776217325989,45.64519138930938,0.1128782855819119,0.1155859196866033,48,46,855,297,47.90005290185404,45.69065837754665,47.77776217325989,45.64519138930938,322.2713368198975,18.468548391548467,0.0006328277343472,0.0006439666408758,70.1462962299211,-23.04757970789298,862,878,868,17,59802.59826314631,59802.70937624315,59802.639930558784,0.1111130968420184,44.894493,-4.1304827,1,6.034135976632393,11.680368423461914,5.510141849517822,1,20.373462379561055,0.9419390232627672,0.406630934467322,0,0.0746067316283498,0.7570739957050492,0.2908394534072501,2.947666242089379,0.5545862733679869,0,,,,0.0,-,1786814426449505920,0.1159596607769799,0.0362999969588599,[1363],-1,16,8,1,TSS 212905.12+182806.77
134,1,-,55,2,4,12,238.0298646564839,49.19965103672124,0.115882213130081,0.120098023455095,238,49,1045,300,238.4352142159213,49.45265873866535,238.0298646564839,49.19965103672124,323.33824028311625,18.834392369852893,0.0006450083104988,0.0006675616408468,71.17898473845423,-23.553665421720897,409,411,409,3,59799.45236849637,59799.46625767934,59799.45236849637,0.0138891829774365,29.981594,-3.692137,1,4.587572248714061,15.83976936340332,9.751121520996094,1,17.039835948788713,0.967079987743876,0.4284099885576694,0,0.2001002179407231,0.811614085935031,0.3938020413543864,3.4789318428610985,0.9294456189028856,0,,,,0.0,-,1786182104184582912,0.1209072520937297,0.0015556903533138,[5331],-1,3,1,1,TSS 213321.18+185003.81T59799
451,1,-,55,2,4,17,158.8888892534456,79.08847624325244,0.1459856549405463,0.1602732108940285,159,79,203,586,158.9834043447392,79.31736842655249,158.8888892534456,79.08847624325244,318.0193906140615,18.76400042779067,0.000848577636432,0.0008997936463267,67.57688063407035,-19.79118647311732,605,611,605,7,59800.81350739487,59800.85517488045,59800.81350739487,0.0416674855878227,22.436502,-3.3773878,1,4.067394496242824,10.340863,2.9918685,1,10.482438545497931,0.932978930967966,0.478640212915609,0,0.0,0.6038968655193262,0.2344345295306419,3.0435508377133424,0.554280161857605,0,,,,0.0,-,1788404904379425536,-0.0275815337099629,-0.1724856306611855,[],-1,4,2,1,TSS 211204.65+184550.40
84,25,-,55,2,4,20,54.34739630085164,157.47739999999993,0.1124246711351142,0.1148828007082153,54,157,861,664,54.40376588742395,157.93576994085464,54.34739630085164,157.47739999999993,321.6650891773041,20.44085794501565,0.0006378364788753,0.000652132138196,71.32357928528567,-21.307360811677214,3595,3606,3595,12,59822.549772262,59822.62616082212,59822.549772262,0.076388560119085,58.552986,-4.418873,1,7.905591385800303,19.84573173522949,7.044905185699463,1,21.24471649366923,0.9458723984991956,0.3990345423409419,0,0.0784450252490038,0.5012033177724199,0.2926393485925416,2.5784411338100464,1.7390965503596003,0,,,,8.0,-,1790356846756393472,0.0636084111785066,0.2216617021842921,[5500],-1,9,26,1,TSS 212639.62+202627.09
40,5,-,55,2,4,23,209.66666633835464,39.6440554557438,0.1151019601655225,0.1189457361396549,210,40,1785,547,209.8726627334565,39.47005952749721,209.66666633835464,39.6440554557438,327.1090653001885,21.4239499874267,0.0006181215315452,0.000661709442309,75.90724991846467,-24.30253669916615,2105,2109,2106,5,59812.17478456847,59812.202562475744,59812.18172904564,0.0277779072712291,32.24227,-3.771064,1,5.506781249811298,12.136423110961914,5.610632419586182,1,17.665755106898075,0.915593926980645,0.5751520947719846,0,0.1456044695620383,0.6998886825750046,0.3177687424864396,2.8288012876203528,2.520882124091416,0,,,,9.0,-,1793090468884515968,-0.0652252431700617,-0.1355938999334967,[],-1,4,11,1,TSS 214826.18+212526.22
131,3,-,55,2,4,24,122.11111096055522,129.6614696009063,0.1108686549938053,0.1123977191244869,122,130,1948,637,122.28601097150543,129.6758515930427,122.11111096055522,129.6614696009063,327.8914922198357,22.169724528162835,0.0005891355639529,0.000626053557586,77.04894231921493,-24.27085287931993,1245,1249,1246,5,59805.285808174645,59805.313586387856,59805.29275272771,0.0277782132106949,69.23007,-4.600737,1,7.53742240579804,17.902699,8.434737,1,26.986035421782137,0.9861379263787912,0.2959974811492416,0,0.0992456905872571,0.8254328348023843,0.2309046362368271,2.319269142136219,0.8396366870798598,0,,,,9.0,-,1793238632372796032,0.0903999849369938,0.1112574526798653,[5258],-1,5,4,1,TSS 215133.96+221011.01
80,4,-,55,2,4,28,77.7498052267126,80.99671224342298,0.121259164787056,0.1277857099086957,78,81,885,844,77.59174978381765,80.9652879410778,77.7498052267126,80.99671224342298,321.47511127644015,21.453956438833192,0.0006929490213711,0.0007283414678586,72.0027585639764,-20.49786115301436,472,473,472,2,59799.88987765314,59799.896822241135,59799.88987765314,0.0069445879926206,31.022717,-3.7291994,1,5.087984014950498,12.660335540771484,8.004417419433594,1,14.408162066960452,0.9124809216456988,0.5106159778830967,0,0.0,0.3330829348696114,0.1875340727286273,2.1600802402602577,0.073038250207901,0,,,,0.0,-,1790839596783793920,0.4417077802489757,0.4079389196654119,[4810],-1,2,27,1,TSS 212554.03+212714.24
764,1,-,55,2,4,28,14.433105930579927,22.977389506037305,0.1222890042030668,0.129218858350428,14,23,821,786,14.36374879553107,22.781225925357298,14.433105930579927,22.977389506037305,321.2130534366983,21.02227831355992,0.000699579952211,0.0007349945922054,71.48545728022972,-20.60456190782824,1255,1262,1256,8,59805.35525370674,59805.40386557729,59805.362198259805,0.0486118705521221,35.390965,-3.872231,1,5.143091855241659,14.957883834838867,5.919863224029541,1,14.07981980221339,0.954611285994186,0.5921644660558336,0,0.0840997722240413,0.8740114423237086,0.3012983534774524,2.9909408975052694,0.8422552159186096,0,,,,0.0,-,1790447281588029056,0.0930762550301551,-0.1391809904746423,[7020],-1,7,1,1,TSS 212451.13+210120.20T59805
396,1,-,55,2,4,30,249.2222274912463,260.31073333335365,0.1444617134352655,0.1583536118031039,249,260,1568,1023,248.68797095595815,261.0802290755557,249.2222274912463,260.31073333335365,325.1438861522141,23.636488580491143,0.0008039352758507,0.0008964852208124,76.19608420522985,-21.453188276479207,833,834,834,2,59802.3968706286,59802.40381519843,59802.40381519843,0.0069445698318304,25.398073,-3.512002,1,4.20219091847834,10.711532,6.93684,1,10.613607245072169,0.9349620024197456,0.9603777073365196,0,0.0,0.6169523914068813,0.5992872327204678,2.7096067700920803,0.963693141937256,0,,,,4.0,-,1797510849225950976,0.4257123970062366,-0.2597346373631808,[],-1,2,2,1,TSS 214034.53+233811.36
68,3,-,55,2,4,33,136.864080116603,232.80585762004776,0.1142845375529323,0.1177250810816025,137,233,181,1252,136.85681857669977,232.78982841289877,136.864080116603,232.80585762004776,316.51417841011465,22.31269770683394,0.0006695180647494,0.0006827329869495,69.52091959524991,-16.449521708546417,548,549,548,2,59800.417666189336,59800.424610773145,59800.417666189336,0.006944583808945,41.054626,-4.0334053,1,5.849218732745335,18.278329849243164,11.043018341064451,1,18.45915714314279,0.973002092311975,0.319290788735585,0,0.0,0.6629273731220253,0.3717647726496708,2.854154576094084,0.0,0,,,,1.0,-,1838467249339905408,-0.1345558788133019,0.0016605886032721,[5744],-1,2,5,1,TSS 210603.40+221845.71
129,5,-,55,2,4,33,21.78399861174058,244.75520971258828,0.1131259901257736,0.1159668884709598,22,245,66,1264,21.738736529719315,244.42119222765987,21.78399861174058,244.75520971258828,315.80622420984486,22.143395759552973,0.0006633833798341,0.000672907273778,68.95273592180511,-16.048794944472615,2204,2205,2204,2,59812.86228736142,59812.869231830206,59812.86228736142,0.0069444687833311,46.60652,-4.171117,1,6.247387711732962,11.58822250366211,9.690832138061523,1,19.96391960353431,0.975045632022144,0.4046241662099183,1,0.1068165156400291,0.8891613918211765,0.2176734801522246,2.147874255516496,0.9767101209863566,0,,,,9.0,-,1838421035492638208,-0.2824157176677033,-0.0677643803569481,[6302],-1,2,9,1,TSS 210313.49+220836.22
722,9,-,55,2,4,37,156.22218529814447,166.4774,0.1229851600793367,0.1301818405016182,156,166,1219,1185,156.06470870970514,166.5024138567051,156.22218529814447,166.4774,322.81861345932924,23.92327875916845,0.0006988608611404,0.0007466899834049,74.82898947609773,-19.7291434492222,1145,1146,1145,2,59804.59135266095,59804.59829721821,59804.59135266095,0.0069445572589756,37.415913,-3.9326408,1,5.451619780275438,12.96047306060791,8.539012908935547,1,13.876117026140264,0.9725549745963936,0.2781555097186932,0,0.0,0.5762578843985904,0.2239331093042185,3.4143020844433023,0.3117012670459981,0,,,,9.0,-,1797450930138694784,0.1527272214118511,-0.1517094196431117,[],-1,2,11,1,TSS 213116.47+235523.80
1089,1,-,55,2,4,37,149.50000000270077,198.4773580822234,0.1390699274485982,0.1514946956618997,150,198,1213,1217,150.50585621373486,198.6193475270454,149.50000000270077,198.4773580822234,322.7208879664882,24.087073737395897,0.0007933392812991,0.0008676275730231,74.88974663668137,-19.55159324441297,1805,1812,1812,8,59809.17475497293,59809.22336680111,59809.22336680111,0.0486118281769449,29.154167,-3.6617517,1,3.412090988793777,11.409095764160156,4.837102890014648,1,11.139449708408891,0.7505882831915965,0.9191216399533064,0,0.0,0.4992089635118838,0.3230939833099835,2.458101189665242,1.0014241171606149,0,,,,0.0,-,1798204851517836160,0.5671753007748066,0.013880995992622,[],-1,7,1,1,TSS 213053.01+240513.47T59809
1109,2,-,55,2,4,43,157.52802470038048,47.08851112126419,0.1174552510060278,0.1223885502158713,158,47,709,1322,157.64333237886794,47.32795233222352,157.52802470038048,47.08851112126419,319.5154029286998,23.73606711399559,0.0006820894586684,0.0007092558721368,72.527908912502,-17.628269807711558,3107,3112,3107,6,59819.16089718257,59819.1956192918,59819.16089718257,0.0347221092306426,37.22087,-3.9269662,1,5.485203389101368,16.792685,8.013782,1,16.037677575550465,0.97990155800382,0.2618267411851968,0,0.1208891817355923,0.7818465865069124,0.2946900365271598,2.541622554053775,0.5461731831881251,0,,,,0.0,-,1840320162654959744,0.0462720366328994,0.114857867078399,[8209],-1,6,2,1,TSS 211803.70+234409.84
1032,1,-,55,2,4,46,131.91878768822494,29.816736516682003,0.1109917068625181,0.1125999269930787,132,30,1451,1305,131.78268771566712,29.992709412971884,131.91878768822494,29.816736516682003,323.9782681233263,24.98044099730358,0.0006224239468847,0.000647179303974,76.41604379057408,-19.752551882107937,2321,2326,2322,6,59813.67478971752,59813.70951202048,59813.6817341784,0.0347223029530141,51.00927,-4.2691226,1,6.392446758588628,25.34006,9.567478,1,26.20201034241347,0.9889914309572304,0.1675193761258872,0,0.0,0.904532912463042,0.223634365813522,2.784979690345507,0.7615296696588202,0,,,,0.0,-,1797910452985550208,0.1333666705609175,0.0132575011746212,[9002],-1,5,2,1,TSS 213554.78+245849.59
646,2,-,55,2,4,48,20.304203893228,260.1476486571855,0.1493577173534294,0.1644941090763054,20,260,1846,1535,20.33253919325317,260.15213794628005,20.304203893228,260.1476486571855,325.9278513712915,26.89231938443774,0.0008266880483451,0.0009343764292109,79.16741991397623,-19.619701430778896,2130,2131,2131,2,59812.34839646412,59812.35534093849,59812.35534093849,0.0069444743712665,18.084322,-3.1432557,1,3.868288753151463,12.208422,8.037348,1,10.214110085425164,0.9217355114758686,0.6057402010450983,0,0.0,0.2247822995837997,0.2401277903321705,1.249072031684206,0.982942759990692,0,,,,0.0,-,1799715404401456000,-1.0079413088524234,-0.6914770413334281,[],-1,2,2,1,TSS 214342.68+265332.35
723,1,-,55,2,4,48,63.10226623160916,184.7985113303036,0.1128544224830986,0.1155491119375481,63,185,1889,1460,63.14444251616323,184.64558399662195,63.10226623160916,184.7985113303036,326.3052303892529,26.54474953305811,0.0006180210054563,0.0006582204457737,79.17244159401412,-20.103858353997644,2351,2354,2351,4,59813.88312351006,59813.90395688615,59813.88312351006,0.0208333760892855,32.864258,-3.7918096,1,5.260240043264379,15.0773,9.784672,1,20.415119123374527,0.9856534911712582,0.2730691829243349,1,0.1054481947915069,0.8555312640793362,0.2592717890207781,2.6616627736730174,0.6065493782103161,0,,,,4.0,-,1799644249678772352,0.0777049769155837,-0.0947351065715338,[8203],-1,4,1,1,TSS 214513.26+263241.10T59813
492,5,-,55,2,4,50,166.8480873151792,101.64404979688622,0.1100705856026176,0.1110373948461104,167,102,462,1633,167.07802124712958,101.71009253731314,166.8480873151792,101.64404979688622,317.37935712471045,24.96699808037817,0.0006438202981457,0.0006502172091732,72.1655757593869,-15.35205802538951,2450,2452,2451,3,59814.57062464712,59814.58451355303,59814.57756910008,0.0138889059016946,107.80555,-5.081603,1,9.725589016882155,26.203794,12.255706,1,40.42317118665042,0.9283063348846894,0.4115155332026558,0,0.0,0.7768825592038012,0.2089440005465411,2.6605405865428167,1.928988695144653,0,,,,9.0,-,1841105321333770880,0.5271336194981586,0.0003827636851383,[],-1,3,5,1,TSS 210931.05+245801.19
676,2,-,55,2,4,50,28.999990134999685,201.97734587642572,0.1189267336587357,0.1244976633633191,29,202,324,1733,29.089344770124956,201.96601863147927,28.999990134999685,201.97734587642572,316.32101249711474,25.24338495237283,0.0007011415941554,0.000727256883653,71.74359628574894,-14.44181178615974,1889,1892,1890,4,59810.67477445782,59810.69560799036,59810.681718968975,0.0208335325442021,50.055077,-4.24862,1,6.115402050044303,18.8214,9.564552,1,15.308425671163423,0.9898421325149472,0.2640306173030793,0,0.0,0.925203204604692,0.3416484134048178,2.319196313807171,0.3385147280585038,0,,,,1.0,-,1841350340628210176,-0.0262899702033223,0.2112157759036108,[8267],-1,4,2,1,TSS 210517.04+251436.19
203,3,-,55,2,4,54,118.11113018736827,149.1996446039211,0.1117335876268665,0.1137956202601023,118,149,1437,1680,118.12694220577824,149.37051788632303,118.11113018736827,149.1996446039211,323.21796541527647,27.02822685003385,0.000631817977715,0.0006571556348728,77.45034270141312,-17.8285911785145,3231,3235,3232,5,59820.02200524901,59820.04978292066,59820.028949667045,0.0277776716466178,63.224396,-4.5022116,1,7.127659830533442,18.907423,11.104184,1,23.027360549196548,0.986732328236803,0.2502764026599954,0,0.060124217039968,0.8941157261186391,0.3820552085696496,2.3731209704722613,0.1615972285348916,0,,,,0.0,-,1799178365986672128,0.1340006039974923,0.0498939486014933,[6942],-1,5,4,1,TSS 213252.31+270141.62
203,4,-,55,2,4,54,118.11111111165262,149.2640040180874,0.1316935305561185,0.141908917505268,118,149,1437,1680,118.35005645317467,149.40866533530672,118.11111111165262,149.2640040180874,323.21784586080906,27.02858282837608,0.0007486185697158,0.0008158925138019,77.45053058098966,-17.828265491105938,3629,3636,3629,8,59822.7858823618,59822.834493266106,59822.7858823618,0.0486109043049509,27.905561,-3.6142268,1,4.5787043196138,10.964027,4.9663854,1,12.08393409377414,0.9352664989761906,0.6500552982605232,0,0.1946449434745838,0.7733499914968801,0.2227750080220911,2.911823159642545,1.2189599700607543,0,,,,0.0,-,1799178365986672128,0.1340196797125372,-0.0144654658042782,[6943],-1,6,4,1,TSS 213252.28+270142.90
789,2,-,55,2,4,56,131.77777544363363,61.67552277938228,0.1186417504669532,0.1240914682572413,132,62,1958,1593,131.83535880004263,61.79193293179732,131.77777544363363,61.67552277938228,326.49289537050976,27.38006282012129,0.0006493481986771,0.0007053985263108,79.91104990812207,-19.610772329049396,1736,1741,1739,6,59808.69558123675,59808.73030396997,59808.716414876864,0.0347227332167676,23.510641,-3.4281611,1,4.279536017090936,11.580677,8.248233,1,15.437760371163687,0.9152731094612976,0.4650485589453825,1,0.1774465888677674,0.8721055390146897,0.5396232481876466,3.040037409409224,1.2772630741775204,0,,,,0.0,-,1800127828636002432,-0.1291153467129788,0.055058177428009,[9363],-1,6,2,1,TSS 214558.29+272248.23
930,2,-,55,2,4,56,20.306719256123788,4.088511112888599,0.1380290815124758,0.1501573999671316,20,4,1846,1535,20.321150736495035,4.030075312804168,20.306719256123788,4.088511112888599,325.9280784478152,26.891892608144524,0.0007631653916218,0.0008535990541285,79.16726274755175,-19.620150024423708,2130,2131,2131,2,59812.34839646412,59812.35534093849,59812.35534093849,0.0069444743712665,18.651867,-3.1768057,1,3.945956525567754,11.996428,7.877576,1,11.254289912385731,0.8998658158925342,0.6669141977036893,1,0.0,0.5920938007641389,0.1313716742973647,1.7904874259801284,1.0021777153015137,0,,,,0.0,-,1799715404401456000,-1.0231690648236054,-0.6095767564554535,[],-1,2,2,1,TSS 214342.74+265330.81
933,1,-,55,2,4,59,183.49452211212952,246.0172448650893,0.1127312713990688,0.1153588479155721,183,246,734,2028,183.69236591120836,246.19497063446084,183.49452211212952,246.0172448650893,318.1959835926883,27.686322906242488,0.0006585956632249,0.0006741773036521,74.78387792273867,-14.119707081768292,1179,1183,1180,5,59804.827467576135,59804.85524579866,59804.834412132,0.0277782225239207,48.28888,-4.209618,1,6.499267039749399,18.227081,9.737661,1,20.636879520585644,0.9800602458570044,0.2782771835610589,1,0.1216595431296087,0.9052736095810296,0.3371092655663078,2.020598019888476,0.2537498787477345,0,,,,9.0,-,1851015253996688768,0.0346179492145211,0.1402811670855044,[12616],-1,5,1,1,TSS 211247.04+274110.76T59804
1492,1,-,55,2,4,59,31.222216290824385,57.1658685123947,0.1098728323268845,0.110664561475127,31,57,582,1839,31.404984301095865,57.30877364645779,31.222216290824385,57.1658685123947,317.66642184853856,26.345437257013533,0.0006422725801098,0.0006488017321814,73.42187521446726,-14.64883925369579,2748,2759,2749,12,59816.64006929728,59816.71645810792,59816.64701373486,0.0763888106448575,227.65482,-5.8931923,1,14.386597737394991,100.62864,19.448889,1,97.3676303288968,0.9958261553058172,0.1162639298435777,0,0.0,0.8983919632805792,0.3435648881083076,2.6600199939451263,0.5216782800513694,0,,,,0.0,-,1841856322137804416,0.0938290150206739,0.0727198895328911,[13917],-1,10,2,1,TSS 211039.94+262043.57
1492,2,-,55,2,4,59,31.223914383398167,57.09864617785995,0.1153371373424133,0.1192942948615878,31,57,582,1839,31.43988726880866,57.3155536923911,31.223914383398167,57.09864617785995,317.6665786220268,26.345068914699453,0.0006762886580129,0.0006973924152404,73.42168282429414,-14.649186769068727,2895,2897,2895,3,59817.68867883675,59817.702567697954,59817.68867883675,0.013888861205487,35.244423,-3.867726,1,5.3129772289862265,15.41093,10.965649,1,17.46555292571957,0.9709023796424058,0.3663376118117223,1,0.1376334945997679,0.8679674555640826,0.1683431927629696,3.044628985949997,0.0,0,,,,0.0,-,1841856322137804416,0.0921309224129345,0.1399422241299817,[13918],-1,3,2,1,TSS 211039.98+262042.25
904,1,-,55,2,4,60,66.22219662497673,198.89070790409127,0.1700867041725529,0.189800548583789,66,199,873,1981,66.6292031380997,198.57666598280167,66.22219662497673,198.89070790409127,319.15820052514187,27.689087943781274,0.0009995056232559,0.0010986485631528,75.37270213923487,-14.752802329277792,1723,1724,1724,2,59808.60530213113,59808.61224667768,59808.61224667768,0.006944546548766,29.531511,-3.675714,1,4.884319227031282,13.953914642333984,8.509133338928223,1,9.00138386204299,0.7875377815275268,1.068649365394042,0,0.0,0.5366692360443959,0.4134880487536845,2.472760396922416,1.5086723566055298,0,,,,0.0,-,1848051726562185728,-0.9735938662673788,-0.1892682310940472,[],-1,2,2,1,TSS 211637.97+274120.72
913,1,-,55,2,4,60,36.99998092471095,53.199579940764366,0.1155350888978538,0.1195868325564117,37,53,844,1835,37.27015445730533,53.696274295409566,36.99998092471095,53.199579940764366,319.28483370249626,26.827139513570405,0.0006726358825721,0.000697185463163,74.7881930863169,-15.413949814205692,1800,1807,1800,8,59809.140032237854,59809.1886440665,59809.140032237854,0.0486118286426062,44.04748,-4.1098027,1,4.769076725342555,16.638399124145508,6.048967361450195,1,17.3051163435708,0.8835527264456704,0.5206669859525835,0,0.1410600904939503,0.752691068690482,0.3670665697112673,2.6242986379124984,2.3461772438448745,0,,,,9.0,-,1847711530793026048,-0.0011098977256551,0.1534915086401724,[11295],-1,5,3,1,TSS 211708.36+264937.70
303,1,-,55,2,4,61,235.11108644190105,189.9722376920088,0.1116775949709834,0.1137065442662802,235,190,1298,1972,235.23441782590717,190.0017446263764,235.11108644190105,189.9722376920088,321.807867132806,28.406304830884245,0.0006383608696433,0.0006587666561523,77.57123603621012,-15.972841976111528,322,336,322,15,59798.84818880166,59798.94541315232,59798.84818880166,0.0972243506621453,52.829308,-4.307187,1,6.656455547802841,20.132132,8.993412,1,23.20717328278799,0.9884862642979984,0.2128109760813255,0,0.048648759219895,0.6631035635267868,0.3571411425075463,2.5067212839514887,0.7322836357218354,0,,,,0.0,-,1847592371219088512,0.0884177293064567,0.0788370824532194,[9031],-1,15,1,1,TSS 212713.89+282422.70T59798
398,1,-,55,2,4,61,228.0000022386096,217.47232126595168,0.1191291627040979,0.1247855636699045,228,217,1291,1999,228.34682984544557,216.3685332980805,228.0000022386096,217.47232126595168,321.7093680099949,28.54631224693778,0.0006832848176254,0.0007212322939223,77.61361331127829,-15.813350991799014,521,522,521,2,59800.230162401975,59800.237106987646,59800.230162401975,0.0069445856715901,34.907383,-3.8572931,1,5.052503732055986,15.867777,10.808657,1,15.21955131913268,0.8031714855853308,0.8506561449396363,0,0.0,0.7596148449791056,0.5183781797652541,2.2417514358493813,1.1116036730656138,0,,,,0.0,-,1848348079304776192,0.3988824964214927,-0.7606294769250326,[],-1,2,1,1,TSS 212650.25+283246.72T59800
361,1,-,55,2,4,62,110.11109520486929,219.0885453552988,0.1122831955875972,0.1146619256526937,110,219,1429,2001,110.11332096124228,219.1210054748728,110.11109520486929,219.0885453552988,322.5599430193554,28.790915173077565,0.0006380337265763,0.0006620864458636,78.33739957290265,-16.177643588769197,313,317,314,5,59798.78568742683,59798.813465816056,59798.79263202414,0.0277783892233856,50.404102,-4.2561646,1,6.482611824695441,28.440868377685547,14.234254837036133,1,21.55663179618812,0.9820743229254856,0.259833006301999,0,0.1501375208575789,0.9170293650178308,0.2997088639613312,2.551500709707255,0.2590585443186212,0,,,,1.0,-,1849097052881072768,0.1266469242148105,-0.0094946133940538,[11930],-1,5,1,1,TSS 213014.39+284727.29T59798
871,2,-,55,3,1,1,193.9999999999542,84.47740000085811,0.1119924011971291,0.1142053007904463,194,84,238,84,194.031765657037,84.44577662846181,193.9999999999542,84.47740000085811,295.9989788479642,33.10776990403255,0.0006236056273058,0.0005789706374845,68.01583858878888,4.565446366056452,817,825,819,9,59802.28414763314,59802.33970287538,59802.29803644382,0.0555552422447362,64.43242,-4.5227613,1,7.103645078726412,15.003444,10.428918,1,22.27572137927606,0.9932524542511888,0.3046034908286948,1,0.0721237476518648,0.892146029144443,0.2999961462999516,2.459347109180432,0.8700559551911227,0,,,,1.0,-,2034896719672903680,-0.1399930913848948,-0.0682968011018232,[29488],-1,9,3,1,TSS 194359.75+330627.97
1633,1,-,55,3,1,1,213.3077840486331,131.6309176171606,0.1103205493789823,0.1114762574484008,213,132,257,132,213.5502658257829,131.96791288650985,213.3077840486331,131.6309176171606,295.9322901558207,33.364620692773634,0.0006137143051944,0.0005697669202387,68.21232771987323,4.740745567915769,2583,2588,2584,6,59815.49234036224,59815.52706198672,59815.49928468713,0.0347216244772425,95.77265,-4.9531035,1,8.401184717928766,29.47498,9.756272,1,33.00069098476069,0.9900340146729816,0.1632926397552359,0,0.0,0.8597742481291144,0.3473888070788469,2.887143116939197,0.7721958759113408,0,,,,5.0,-,2034920702772148480,-0.1852810127181783,-0.0849535200861453,[32438],-1,5,1,1,TSS 194343.75+332152.63T59815
1120,1,-,55,3,1,2,141.4756338280216,56.4774,0.1476500497425015,0.1623610151105438,141,56,436,56,141.38977678805367,56.44660211626773,141.4756338280216,56.4774,297.2047702044765,33.51706748042055,0.0008464877483401,0.000816979937083,68.87534578376678,3.895991226970423,615,617,615,3,59800.88137745002,59800.89526626676,59800.88137745002,0.0138888167348341,33.252533,-3.8045619,1,4.680344842908289,11.81233,9.071349,1,10.346459739223056,0.9249004777459306,0.4495708091949609,1,0.2223407132943758,0.8009818201342314,0.2001395397648841,3.042374783236504,1.1935995237574482,0,,,,0.0,-,2034972689054990592,-0.161431628426385,-0.0131772591134478,[38163],-1,3,2,1,TSS 194849.14+333101.44
1612,1,-,55,3,1,3,50.48939582420592,91.8609201614283,0.1611806360812634,0.1790456419000807,50,92,601,92,50.24521342083848,91.77102766853916,50.48939582420592,91.8609201614283,298.0160386772335,34.11658598934056,0.000931419445685,0.0009112410495609,69.73536308736482,3.6180356670386735,2858,2860,2858,3,59817.42980651687,59817.44369515967,59817.42980651687,0.0138886428030673,25.251688,-3.505726,1,4.242663514626489,11.162551,8.269499,1,9.45097493029598,0.9209368947547668,0.4632008947772448,1,0.0363349284371532,0.8421293605459399,0.3296752818272223,2.798929629914793,0.609701445227617,0,,,,0.0,-,2035202555695435776,-0.0761771415382099,-0.1795631191919398,[32412],-1,3,1,1,TSS 195203.85+340659.71T59817
923,1,-,55,3,1,4,64.30933428090076,169.15904323839996,0.113888764911998,0.1171284945418183,64,169,871,169,64.16068435121923,169.39912836595315,64.30933428090076,169.15904323839996,299.31864314287697,35.19345600612402,0.0006481327812556,0.0006200132043723,71.21242628750899,3.2522349261714782,574,577,575,4,59800.596656698326,59800.61748992493,59800.60360110727,0.0208332266047364,51.29768,-4.275244,1,6.288807424239419,14.108732,9.522202,1,18.911804458373062,0.9712247689196072,0.3155605529496147,1,0.0372636103772642,0.9397509305227212,0.3474133183344396,2.455663023057723,0.8023950484427536,0,,,,2.0,-,2059395178749376000,-0.1842269355677217,0.0132321965056974,[27378],-1,4,1,1,TSS 195716.47+351136.44T59800
1420,1,-,55,3,1,4,21.07352530290139,212.4773999972991,0.1202045752233563,0.1263067181765495,21,212,828,212,21.116645401415425,212.8154946254717,21.07352530290139,212.4773999972991,298.9081913019208,35.2756997621135,0.0006885452284641,0.0006658757396684,71.10928446803786,3.581719146854029,2076,2078,2077,3,59811.97156596494,59811.98545462893,59811.97851029705,0.0138886639906559,53.800816,-4.326972,1,6.483780207873392,18.44349,9.52931,1,14.784274243415895,0.9641603199171888,0.3038534514761963,0,0.0,0.8166253881629296,0.1681152903263915,3.77757984785341,0.6138903689000773,0,,,,2.0,-,2059565912301621760,-0.7772710687140716,-0.3552530150533357,[28863],-1,3,1,1,TSS 195537.97+351632.52T59811
1931,1,-,55,3,1,5,142.88887733045843,21.755162628466284,0.1618205297194874,0.1798236955295333,143,22,1206,22,142.86377906589124,21.708265593347125,142.88887733045843,21.755162628466284,301.8375316253905,35.39654107489017,0.0009389745057031,0.0009392993555553,72.47379361093303,1.6152849506464644,1760,1764,1760,5,59808.86049354363,59808.8882711119,59808.86049354363,0.027777568269812,40.335686,-4.0142236,1,5.111315672293464,13.245106,7.425925,1,9.41571921250172,0.9107645821555372,0.4155531442738376,0,0.1569433798513925,0.7966656335845975,0.3339955066574044,3.5887393732119737,0.6008039612952009,0,,,,0.0,-,2059005676759984384,0.0229513990959731,-0.2892813819046083,[61149],-1,5,1,1,TSS 200721.01+352347.55T59808
2054,1,-,55,3,1,5,196.08506646834388,100.61215502966408,0.1120306154099467,0.1142655199934714,196,101,1259,101,196.09013671060356,100.7002830454036,196.08506646834388,100.61215502966408,301.90029944165275,35.90530763230625,0.0006383194858705,0.0006131423446256,72.92982907500419,1.8469452850300003,2597,2610,2598,14,59815.58956091008,59815.67983713093,59815.596505234746,0.0902762208497733,91.67495,-4.905627,1,8.327886449927194,23.918926,9.206629,1,22.174431896042677,0.9694573860521992,0.2574697088575495,0,0.0620313489261428,0.7291473689573051,0.290722283530395,2.5250868751230198,0.54604988826376,0,,,,1.0,-,2059057182010287616,0.0433993690107854,0.595966565190011,[61435],-1,13,1,1,TSS 200736.07+355419.11T59815
2143,1,-,55,3,1,6,126.94414062934082,211.82030608367376,0.1221044722327294,0.1289628292327386,127,212,1446,212,126.9222637665773,211.9978702152651,126.94414062934082,211.82030608367376,302.6913080668718,36.924232524444776,0.0007050378625229,0.0006970084939138,74.13172114318567,1.865749979247184,2628,2632,2629,5,59815.80483497136,59815.83261226863,59815.8117792958,0.0277772972622187,53.91143,-4.329202,1,6.218994090026929,16.604355,8.816524,1,14.13615712766573,0.9673651801178592,0.2932206051968894,0,0.1363144179840719,0.8756868563777511,0.2186093331625573,2.648571432818442,0.2126986921759619,0,,,,0.0,-,2060750429916139392,-0.1444810848911402,0.045327529058369,[58368],-1,5,1,1,TSS 201045.91+365527.24T59815
2193,1,-,55,3,1,6,197.74639079930787,8.463613946764267,0.1123351777063499,0.1147431744867218,198,8,1517,8,197.55262338767423,8.58876956400714,197.74639079930787,8.463613946764267,303.7988176125554,36.13424828188246,0.0006391533106575,0.0006164429838203,73.96288512517212,0.6878106911691448,2887,2891,2888,5,59817.63119183035,59817.65896911433,59817.63813615152,0.0277772839835961,52.87112,-4.3080463,1,6.578338451647201,19.922338,10.891516,1,21.439443101910467,0.9829245346968248,0.246478225179903,0,0.2371886282920789,0.8956361770257816,0.3709838164985342,3.042532991704236,0.2862509661906969,0,,,,0.0,-,2060423874958945536,-0.0227609170372034,-0.242262678796326,[58438],-1,5,1,1,TSS 201511.72+360803.29T59817
2196,1,-,55,3,1,6,139.2407975793655,164.84295051483895,0.1139869734276004,0.1172768991049003,139,165,1458,165,139.27079326867076,164.79877481740013,139.2407975793655,164.84295051483895,302.9248520285194,36.73093970965752,0.0006531499587855,0.0006355485950472,74.07221458461296,1.6035091247051128,2908,2926,2909,19,59817.77702256841,59817.90202033946,59817.78396688911,0.1249977710540406,63.031986,-4.4989023,1,6.767199984962556,20.563301,7.19543,1,18.794482328952025,0.9873632563298432,0.2632305729075465,1,0.076899088395961,0.6477234015212002,0.3487353048595876,3.189426393168082,0.8113574541563028,0,,,,0.0,-,2060696897440160128,0.4217714700289434,-0.3588156137534213,[58445],-1,16,1,1,TSS 201141.96+364351.38T59817
2252,1,-,55,3,1,6,243.88889068453295,127.9773770579628,0.1203057573456732,0.1264491467996408,244,128,1563,128,243.8700485926045,128.03672420528508,243.88889068453295,127.9773770579628,303.7056686642154,36.82434434817146,0.0006919252435353,0.0006825665878737,74.49522341791801,1.1333790033011717,3507,3508,3507,2,59821.96444631803,59821.97139063432,59821.96444631803,0.0069443162865354,135.79639,-5.332221,1,10.031179622151669,42.974224,28.568405,1,14.746193623040234,0.9908308976808728,0.1903609902787925,0,0.0,0.7477498388008499,0.3697494305280097,2.2711855050197225,0.4845705830021653,0,,,,0.0,-,2060523243319845888,-0.0277106698936222,-0.1542817914585157,[58530],-1,2,1,1,TSS 201449.36+364927.64T59821
1421,2,-,55,3,1,7,52.1589618090084,161.91913791079708,0.1394929840124528,0.1520369487845545,52,162,1627,162,52.06540010144485,161.68412121136635,52.1589618090084,161.91913791079708,304.00422446761706,37.153088263553336,0.0008098538421523,0.0008184122905371,74.90114147621524,1.1180354830532555,3097,3102,3097,6,59819.08949898348,59819.12422057676,59819.08949898348,0.0347215932779363,43.046352,-4.084841,1,5.427514035882737,15.767705917358398,6.389112949371338,1,11.094157512165015,0.9386499054982878,0.4902278707503857,0,0.0340669518057125,0.6322224331738817,0.3418548164311026,3.2256922416617475,0.6716605303320083,0,,,,4.0,-,2060628212315731840,-0.1021385005678894,-0.1373250881889305,[37928],-1,4,2,1,TSS 201601.01+370911.12
1601,2,-,55,3,1,7,14.367293086584104,193.1000167221285,0.1103273794493741,0.1114880215587249,14,193,1589,193,14.434997636990238,193.2926318582033,14.367293086584104,193.1000167221285,303.66204261376635,37.20687068052062,0.0006305724061589,0.0006101474830724,74.79425336643101,1.3745508246106175,2268,2271,2269,4,59813.304877374,59813.325710360565,59813.31182170285,0.0208329865636187,115.21866,-5.1538067,1,9.555276505024118,40.74702835083008,16.348806381225586,1,32.87583950319326,0.9792517851147028,0.2157620011495004,0,0.0,0.8378298208606019,0.243373463831842,2.763925030855137,0.4186353937844146,0,,,,1.0,-,2060726236342562944,-0.1030361590790107,-0.0988901895933054,[38273],-1,4,2,1,TSS 201438.89+371224.73
1632,1,-,55,3,1,7,13.18557086162233,48.040039375015375,0.1343844206498847,0.145436503705971,13,48,1588,48,13.082581159181808,48.188270653328864,13.18557086162233,48.040039375015375,304.121626527075,36.50486673894193,0.0007756046272099,0.0007763878334914,74.41559545764328,0.6783472197970023,1501,1508,1502,8,59807.06189521024,59807.11050598602,59807.06883960661,0.0486107757824356,42.18411,-4.0628724,1,5.5049228760057645,10.405656814575195,5.210543155670166,1,11.7003112607607,0.9719178335013926,0.2876760555472078,0,0.1068631133209867,0.7444293721245547,0.3506140017145788,2.256991366762941,0.1220921527624463,0,,,,0.0,-,2060459231124080640,0.1087707662820776,-0.1869340315683771,[38398],-1,8,2,1,TSS 201629.19+363017.52
1721,1,-,55,3,1,7,178.82539038173147,68.97744551062407,0.1135218192229181,0.1165717404229871,179,69,1754,69,178.76143217412834,69.12042849772217,178.82539038173147,68.97744551062407,305.1079006812081,37.0235840776038,0.0006479476951174,0.0006327414699678,75.28904208448633,0.3171344165383213,1926,1930,1927,5,59810.92991566644,59810.95769302866,59810.936860007176,0.0277773622146924,58.058395,-4.4096622,1,6.628418803173771,20.061134338378903,11.076239585876465,1,19.3838262520725,0.9725169968137114,0.2514939597039331,0,0.0521613040524698,0.9246877694110248,0.2976593207605995,2.6360738921076954,0.0859363306460551,0,,,,4.0,-,2057579507081841408,-0.4902006036527382,0.5784862638610235,[38589],-1,5,1,1,TSS 202025.90+370124.90T59810
646,3,-,55,3,1,8,166.59521642075464,155.08849251699502,0.1115428409721975,0.113491472700682,167,155,1993,155,166.36142837845065,155.25796922608868,166.59521642075464,155.08849251699502,306.3883260169105,38.03827456920539,0.0006361307259559,0.000624253635872,76.70228979621922,0.0655044902738264,3045,3053,3046,9,59818.72839439949,59818.78394895279,59818.7353387188,0.0555545532988617,80.63403,-4.766296,1,8.474729382542488,21.91657829284668,7.458005428314209,1,23.66991354206992,0.9847637356389412,0.1887783800263805,0,0.2229389384192408,0.8127544886566986,0.3890815318206565,3.4092316681061607,0.4088259271246087,0,,,,0.0,-,2058091707695200000,-0.1147373132178017,-0.084583582082871,[23457],-1,6,3,1,TSS 202533.20+380217.79
668,1,-,55,3,1,8,261.27055155757023,78.86634146819287,0.1178155719210385,0.1229077845965577,261,79,2087,79,260.891542908049,78.8620887750149,261.27055155757023,78.86634146819287,307.23611614091794,37.89275226470028,0.0006718541126584,0.0006703795927337,76.97278056798052,-0.5627820946669517,311,312,311,2,59798.77027673451,59798.77722114672,59798.77027673451,0.0069444122054846,22.207535,-3.366251,1,3.948474011515832,11.115365028381348,9.77669620513916,1,15.843931658446706,0.9645117014284053,0.2451202758220557,1,0.0620970913779558,0.8501893695844283,0.2710762087587432,2.8469129440106657,0.6837926432828947,0,,,,0.0,-,2058051060120907520,-0.0427255460845117,0.2263678013212882,[],-1,2,1,1,TSS 202856.67+375333.91T59798
1196,1,-,55,3,1,8,55.49999999997677,174.20722855321367,0.1490089021244206,0.1640591123355666,55,174,1881,174,55.1050136206219,174.26320077679492,55.49999999997677,174.20722855321367,305.604429142242,37.85691848556832,0.0008653340553998,0.0008884003124907,76.1986469544624,0.4672002174318136,1643,1648,1643,6,59808.0479994386,59808.08272141465,59808.0479994386,0.0347219760515145,30.666573,-3.7166631,1,4.595861370158391,11.717803955078123,6.751012802124023,1,10.240588421115495,0.9430063396312324,0.3536615969201303,0,0.0399835921764329,0.748809934228632,0.4497916730521384,3.265235942829087,0.071589459124713,0,,,,4.0,-,2061008196653100544,-0.2822856385760133,-0.2991842060861813,[25195],-1,6,1,1,TSS 202225.06+375124.91T59808
1315,1,-,55,3,1,8,216.44444444454092,99.84947487955344,0.1119735929850622,0.1141756375281979,216,100,2042,100,216.19870583007537,99.85955372101785,216.44444444454092,99.84947487955344,306.88085449724264,37.88760371786939,0.0006370084472481,0.0006258412099589,76.80488126625092,-0.3381832695140422,2850,2854,2850,5,59817.37425194588,59817.40202923149,59817.37425194588,0.0277772856134106,49.015842,-4.225841,1,6.244211489267136,10.7592134475708,6.137630939483643,1,22.326410856015663,0.9856148321785986,0.1594068581643057,1,0.1647371536118887,0.7313861415167386,0.3980826323103607,3.266294873845645,0.7004489977247955,0,,,,1.0,-,2058059856217356672,0.0015969991777637,-0.1610746555545574,[25440],-1,5,1,1,TSS 202731.41+375315.37T59817
1349,1,-,55,3,1,8,155.68738775339267,59.13435333368751,0.1108879948705306,0.1124295901806102,156,59,1982,59,155.74590087695307,59.3178682869373,155.68738775339267,59.13435333368751,306.6067760645646,37.53917927351264,0.0006298110282568,0.000614356286622,76.3953240352911,-0.3642300494880164,3526,3549,3527,24,59822.09638832249,59822.25610758578,59822.10333263854,0.1597192632907536,93.29369,-4.9246306,1,8.73631473584715,40.00273895263672,10.77788543701172,1,26.855068743956213,0.9943024152870406,0.1231011102915821,0,0.0285203127490165,0.3092909564190039,0.35395328925784,3.126352895514048,0.4603959743600842,0,,,,0.0,-,2058018693250785408,-0.018915926276577,-0.1440692391953888,[25474],-1,20,2,1,TSS 202625.63+373221.05
134,9,-,55,3,1,9,108.92751613074618,25.40613306686272,0.1240182382384622,0.1316028001114138,109,25,153,276,108.94492740085488,25.368965616810243,108.92751613074618,25.40613306686272,294.81740931615235,33.7098421278508,0.0007011478041643,0.0006668926000937,68.05878074069388,5.720210069957332,1271,1272,1271,2,59805.46468374795,59805.471628146886,59805.46468374795,0.006944398934138,45.188793,-4.137577,1,5.592250159162043,16.311676025390625,10.32254123687744,1,13.596906625740845,0.914050528650586,0.4740147545594627,0,0.0,0.6710745288889635,0.4196341223521824,3.737606249219362,0.0,0,,,,0.0,-,2046988770574220928,-0.3275310708448558,0.1221204446226806,[7736],-1,2,9,1,TSS 193916.18+334235.43
696,1,-,55,3,1,9,253.3322629077608,48.97202336575148,0.1279978181652654,0.136996543061045,253,49,297,300,253.11252540130369,49.0352239345134,253.3322629077608,48.97202336575148,295.5280034507217,34.2123453979714,0.0007296445074189,0.0007012533982701,68.78801178248435,5.449783794788171,269,272,269,4,59798.47861141927,59798.499444656816,59798.47861141927,0.0208332375477766,38.6231,-3.9671178,1,5.074924205494598,10.080643653869627,7.233780860900879,1,12.71501732824083,0.8888456168649396,0.4998013451034944,1,0.2061948294747104,0.7851180986424109,0.1952491780770145,2.9842984288923877,0.6023093262920283,0,,,,1.0,-,2047118135006502272,-0.0652520733155483,-0.2370464720338532,[24170],-1,4,1,1,TSS 194206.72+341244.44T59798
366,153,-,55,3,1,11,90.6666666657665,106.75514674186796,0.1576020183213029,0.1746776075636072,91,107,642,358,90.01803627357788,106.75936029398936,90.6666666657665,106.75514674186796,297.2807553776883,35.42873837217714,0.0009183970479749,0.0009096015118723,70.56451575551351,4.802403942391964,734,738,735,5,59801.70776193709,59801.735539563335,59801.71470634371,0.0277776262446423,32.699986,-3.7863688,1,4.18553465745761,11.830274,6.8696036,1,9.658138897403967,0.9102109596358744,0.5211550891483603,0,0.2330106874015008,0.717635464949971,0.5817098843783238,3.0402611464393283,0.7315621053374264,0,,,,13.0,-,2047614942456270464,-0.2901871318068743,-0.1109249084796601,[19998],-1,5,250,1,TSS 194907.38+352543.46
1850,2,-,55,3,1,12,46.9999677770486,38.18851321885716,0.1154666539113801,0.1194857836697668,47,38,854,289,47.13349540214088,38.121403472416745,46.9999677770486,38.18851321885716,298.7870282971623,35.70047337495784,0.0006603457725382,0.0006366394419502,71.42336911363282,3.884926478903402,3550,3553,3550,4,59822.2630519016,59822.28388484834,59822.2630519016,0.0208329467495786,60.412064,-4.4528093,1,6.445118919146536,20.998875,14.671943,1,17.359787879003644,0.9733601822454868,0.2629869628332753,0,0.1180949576968862,0.8407859932080419,0.3161755104519537,3.008052102313945,0.1136234032719216,0,,,,0.0,-,2059634734861793024,-0.0383129744623147,-0.1344890643822509,[45463],-1,4,2,1,TSS 195508.89+354201.70
1874,1,-,55,3,1,13,65.50000000142404,88.12937906594863,0.14220621029195,0.1554976813205117,66,88,1129,339,65.44763134147324,88.04129924599978,65.50000000142404,88.12937906594863,300.273130369278,36.683775931766725,0.0008304754326956,0.000831175316435,72.88972907493375,3.3714979554628326,2579,2582,2579,4,59815.46456306219,59815.48539603711,59815.46456306219,0.0208329749220865,34.104115,-3.832017,1,5.156673701263331,11.532793,6.317586,1,10.820855614923689,0.9534558606216882,0.3109604011990917,0,0.1359674841820923,0.7860908510264342,0.3116838226273537,2.7306100626482,0.8143534160061254,0,,,,0.0,-,2060122574431313024,-0.0496745569714676,-0.1684749908818048,[43835],-1,4,1,1,TSS 200105.55+364101.59T59815
1163,1,-,55,3,1,14,253.6355401865648,83.99990818110476,0.1157974137556291,0.1199733505359494,254,84,1573,335,253.4977309310468,84.16261717992217,253.6355401865648,83.99990818110476,303.0847074347725,37.852389167570365,0.0006685021264359,0.0006589414975498,75.08004643314626,2.1125969424709834,590,591,590,2,59800.707767238455,59800.714711646935,59800.707767238455,0.0069444084801943,48.15961,-4.2067075,1,6.174271241246961,18.213276,14.005481,1,17.102864244151682,0.9632615724202412,0.3564663168882286,0,0.0673871847366798,0.8071487124858773,0.3197737212464027,2.513772131617223,0.2874971013921303,0,,,,4.0,-,2060817878085341056,-0.1573647951797738,0.0019603670260721,[40645],-1,2,1,1,TSS 201220.33+375108.60T59800
1828,1,-,55,3,1,14,232.55555658494637,206.6465705727449,0.1238702853527164,0.1313998680138395,233,207,1552,458,232.5504462915789,206.50567503865156,232.55555658494637,206.6465705727449,302.5305618797858,38.39544152748188,0.0007217447498046,0.0007229520422274,75.29666402526881,2.7744897976564467,2854,2855,2854,2,59817.40202923149,59817.40897355289,59817.40202923149,0.0069443214015336,40.542923,-4.019788,1,5.603256864599335,10.375644,8.215815,1,13.635346284404,0.8458334940905503,0.4819935366594127,0,0.0419622345868644,0.712572041858234,0.397184563739179,2.5026676938064947,0.1966434210359372,0,,,,1.0,-,2061644573390636672,-0.1448913297979288,-0.0996927807458973,[42557],-1,2,1,1,TSS 201007.33+382343.59T59817
755,2,-,55,3,1,15,219.6803113075323,14.914981678251896,0.1133323493662981,0.1162827977362873,220,15,1795,266,219.4272710771012,14.920596412866486,219.6803113075323,14.914981678251896,304.7482574082917,38.08890357287842,0.0006511696955682,0.0006407403843493,76.0066615182231,1.1545725999007863,1975,1980,1977,6,59811.27018824687,59811.30490992792,59811.28407691947,0.0347216810550889,50.033863,-4.2481604,1,5.971079878279001,13.271858215332031,9.60008144378662,1,19.65121703815296,0.984730161077288,0.2247901300533892,1,0.0962956589751953,0.8794156208889891,0.3266087004377907,3.639025805043181,0.515604119383745,0,,,,1.0,-,2061061557327609728,-0.0470989160999124,-0.1385919972536271,[39753],-1,6,2,1,TSS 201859.58+380520.05
1584,3,-,55,3,1,15,221.4999999972991,78.31072558154492,0.1169904789904617,0.1217159420800513,221,78,1796,329,221.71465321855817,78.41836356337666,221.4999999972991,78.31072558154492,304.554892373032,38.40592672602616,0.0006755411040675,0.000671515985104,76.18329608955692,1.4585149451742947,3720,3726,3721,7,59823.44358497392,59823.485250801066,59823.45052927904,0.0416658271424239,98.532135,-4.983945,1,8.480209082149246,26.079713821411133,13.198037147521973,1,16.30500179011672,0.8837104068332912,0.4431005490480685,0,0.057465436725997,0.923151055256552,0.3396619495451942,3.4074542684001394,1.0736839653137855,0,,,,1.0,-,2061258129402100480,0.0598067050395911,-0.1562058530395802,[45039],-1,7,3,1,TSS 201813.17+382421.34
1581,1,-,55,3,1,16,185.157090783166,24.006853095102446,0.1173046429224683,0.1221709528446983,185,24,2011,275,185.15197410056112,24.07356001267553,185.157090783166,24.006853095102446,306.14124416140714,38.67910425851575,0.000674646229982,0.0006746289347411,77.11392735692178,0.5934824995710596,1472,1473,1473,2,59806.8605077056,59806.86745210244,59806.86745210244,0.0069443968386622,35.589123,-3.8782933,1,5.140919526956753,13.688281,11.343391,1,16.122044307180122,0.9750341407163357,0.2618862854560577,1,0.0653439690224743,0.8456133232632242,0.4337278637107711,2.628433802656269,0.4487753870162586,0,,,,4.0,-,2061156385901647104,0.1214070360667847,0.1694353632565821,[40212],-1,2,1,1,TSS 202433.90+384044.78T59806
274,287,-,55,3,1,17,220.76735010037856,189.4774,0.1191067337477604,0.1247536898819519,221,189,265,696,221.22670346140333,191.0364144904388,220.76735010037856,189.4774,293.8047904095326,35.883628488120166,0.0006786632736406,0.0006584530230135,69.58001555077583,7.490311473473927,1128,1141,1141,14,59804.47163458096,59804.56191178924,59804.56191178924,0.0902772082772571,54.1416,-4.333828,1,6.368097669515075,11.572331,2.04021,1,15.22928062081548,0.8663972336892158,0.5248194747629161,0,0.0,0.4226451243400588,0.4112159799736923,2.71735775519526,1.2655835246440947,0,,,,9.0,-,2048439885400345344,-0.9978296346468484,0.3781884291209962,[16589],-1,6,400,1,TSS 193513.15+355301.06
645,1,-,55,3,1,17,110.8889177786923,57.08855261334765,0.1371102706238227,0.148973013021983,111,57,155,564,110.86679772201106,57.14659981975816,110.8889177786923,57.08855261334765,293.71627793118745,34.9763925820609,0.0007868024929511,0.0007662774942893,68.73972560573137,7.124774456710998,178,188,180,11,59797.846669819744,59797.916113958345,59797.86055864765,0.0694441386003745,25.035185,-3.496377,1,4.138195288495451,11.517325,7.115309,1,11.359950227042791,0.95408009399134,0.3821953684575767,1,0.1530827555318148,0.7976743399224543,0.3295170671022625,2.53570764221399,0.7914109024820033,0,,,,1.0,-,2048097765488563200,-0.4406584316510304,-0.0551165108851137,[25678],-1,11,1,1,TSS 193451.91+345835.01T59797
878,2,-,55,3,1,17,245.0540764249241,153.53295555549184,0.1174508310905853,0.1223821691770614,245,154,289,661,245.01071854265768,153.7891483012752,245.0540764249241,153.53295555549184,294.08546913190696,35.79360580929722,0.000668191539042,0.0006464519731397,69.60877196031403,7.2472804623744445,3036,3039,3037,4,59818.66589552642,59818.68672848435,59818.67283984573,0.0208329579254495,48.86562,-4.2225084,1,6.124166875530007,14.339984,6.9764485,1,16.040124058889223,0.9547968423005664,0.3815704909003479,0,0.0,0.7457791824908409,0.1272818056022568,2.3321285991980987,1.195522551884622,0,,,,9.0,-,2048248879619056512,-0.1541483720623091,0.097215755709044,[27424],-1,3,2,1,TSS 193620.51+354736.98
941,1,-,55,3,1,18,244.08313706379445,67.47739999999996,0.1468285344603276,0.1613316217392491,244,67,539,574,244.51428225993544,67.46530166887781,244.08313706379445,67.47739999999996,295.85978725585954,36.1278380060048,0.0008558975414859,0.000848577243146,70.60068235862995,6.150124745461787,487,490,488,4,59799.99249307824,59800.01332630812,59799.99943748835,0.0208332298716413,29.618313,-3.678901,1,4.722580581279097,12.02282,6.9339404,1,10.412671662424511,0.9375835185239692,0.3941453176734942,0,0.0884439973332325,0.8642216629584822,0.4749246247580601,2.566126222102087,0.1233214270753719,0,,,,0.0,-,2047861022585141248,-0.0847171347529638,-0.1385962695186435,[32095],-1,4,1,1,TSS 194326.35+360740.22T59799
998,1,-,55,3,1,18,234.00319619857748,168.75517777817882,0.156826271181197,0.1737268288247459,234,169,529,676,234.44224868961984,168.75269718607723,234.00319619857748,168.75517777817882,295.4056451018968,36.56155521316458,0.0009186331651169,0.0009167598490327,70.80265080069432,6.680816612196794,613,619,617,7,59800.86748863353,59800.90915508325,59800.89526626676,0.0416664497242891,29.823965,-3.6864135,1,4.209319775430294,11.021167,5.630381,1,9.70545464205321,0.924124658677229,0.387329429143722,0,0.2495938976632747,0.7050177115905731,0.4727587219886818,2.4725458452468603,0.8463816351404122,0,,,,0.0,-,2048682843112327040,1.077801252943459,0.1542789552098611,[32393],-1,7,1,1,TSS 194137.35+363341.60T59800
1511,1,VCR,55,3,1,18,24.49999999729911,63.99674948619453,0.1274923393761799,0.1363178746608478,24,64,319,571,24.39480537395333,64.16733831863738,24.49999999729911,63.99674948619453,294.6111774024603,35.48041146318709,0.0007314707388586,0.0007123742096488,69.53702005899319,6.7223379281012665,2007,2029,2008,23,59811.4924069788,59811.64518232674,59811.49935131324,0.1527753479385865,46.53504,-4.1694503,1,5.808096305551541,14.323626,7.160845,1,12.813335768073928,0.965690045061137,0.2656154885434655,0,0.0867731427372776,0.7939438980230351,0.3349921027565136,3.208873684107576,0.4849820497029068,0,,,,0.0,-,2048181156571716224,0.2422038871207519,-0.0538201592180485,[33867],-1,19,1,1,TSS 193826.68+352849.48T59811
814,1,-,55,3,1,19,23.87208161349573,117.76485186551828,0.1422003082095219,0.1554901838608789,24,118,575,625,23.877197528904127,117.84963790158464,23.87208161349573,117.76485186551828,295.8741038295369,36.46069422648743,0.0008291854199007,0.0008229151157987,70.89843084117366,6.302817808144909,215,216,215,2,59798.10361312331,59798.11055753645,59798.10361312331,0.0069444131368072,28.1143,-3.6223183,1,4.474887945249716,10.186117,6.667179,1,10.821420215974694,0.9610634744647882,0.4050609353834839,0,0.0,0.6094208151697156,0.2270620409575198,2.151748345226596,0.2923106849193573,0,,,,0.0,-,2048622679208278400,-0.1117365216572352,-0.1917631013759546,[],-1,2,5,1,TSS 194329.78+362738.50
814,3,-,55,3,1,19,23.8888889888258,117.5991389477182,0.1099094952049333,0.1107386083736759,24,118,575,625,23.801178145709542,117.76043562741704,23.8888889888258,117.5991389477182,295.87484758224383,36.45998285684141,0.0006239926183135,0.0005989106958376,70.89810063512124,6.301948244923728,2499,2516,2499,18,59814.90901702141,59815.0270705621,59814.90901702141,0.1180535406892886,156.96487,-5.4895062,1,11.542200689741795,67.04757,13.725659,1,59.98315524313925,0.9975376305046952,0.0836741591600422,0,0.0353155479852274,0.8525287083904589,0.1909877203957166,3.0488808969678733,0.3939028440778741,0,,,,0.0,-,2048622679208278400,-0.1285438976610748,-0.0260501843275733,[32767],-1,15,5,1,TSS 194329.96+362735.94
1497,1,-,55,3,1,19,101.43124571584424,158.052815617519,0.1222068760296444,0.1291049500460591,101,158,652,665,101.5554427106156,158.05103119401574,101.43124571584424,158.052815617519,296.1749657243305,36.87055750158608,0.0007063931650888,0.0006937501130882,71.37685431003113,6.293145318180156,2608,2612,2611,5,59815.665948481605,59815.69372578002,59815.68678145536,0.027777298419096,27.70227,-3.6062884,1,4.392187069496435,11.683145,7.917052,1,14.104766556912876,0.971897627443131,0.2977749952756665,1,0.0823857922869736,0.9265519932722152,0.2975073586750594,2.445671394546388,0.848054326760412,0,,,,0.0,-,2048731496501059968,-0.0097146645866814,-0.1537988919036479,[35710],-1,5,1,1,TSS 194441.99+365214.01T59815
1562,1,-,55,3,1,19,137.44444412795946,115.19962165491124,0.1172349922128698,0.1220702066377225,137,115,688,622,137.33173065837502,115.44409592992795,137.44444412795946,115.19962165491124,296.5553415209104,36.776381052310185,0.0006745659566235,0.0006580236966542,71.44520855137831,5.98175882782796,3276,3288,3277,13,59820.33253189069,59820.41586369771,59820.339476207904,0.0833318070217501,56.2097,-4.3745284,1,6.620649187777922,15.377144,5.372034,1,16.161775042138686,0.9631455094072,0.2963784246655782,0,0.1067579012770689,0.8506849930481897,0.3387149350373338,3.45116624161874,0.8356376955045328,0,,,,9.0,-,2047996438628492160,-0.2052662633129784,0.0078912359693958,[35785],-1,9,2,1,TSS 194613.28+364634.97
1876,1,-,55,3,1,21,15.79326758488345,133.64407059596138,0.1211483180358765,0.1276308135897988,16,134,1079,641,15.731696453609002,133.63692848624626,15.79326758488345,133.64407059596138,298.86426123053536,37.9788902980924,0.0007053225777658,0.0006988655996124,73.41656247073412,5.001239701749773,2191,2194,2191,4,59812.77016401245,59812.79099700204,59812.77016401245,0.0208329895904171,59.179188,-4.4304223,1,6.559340957954143,21.889393,8.750877,1,14.4456537040504,0.9802960162456152,0.2207457436017092,0,0.0,0.7510672313126766,0.2771309146582364,3.123184636627633,0.0,0,,,,0.0,-,2072500807596524672,0.0011384169524717,-0.161151297090214,[47697],-1,4,1,1,TSS 195527.42+375844.01T59812
1906,1,-,55,3,1,21,143.25073726623796,199.19963206305107,0.1485142566978365,0.1634416288245444,143,199,1206,706,143.25248152630326,199.2126994153836,143.25073726623796,199.19963206305107,299.41984858009266,38.6541739665812,0.000878412712206,0.0008934009881446,74.222935999879,4.974813398467381,2531,2547,2533,17,59815.13123544764,59815.24234465575,59815.14512409882,0.111109208111884,41.68455,-4.0499377,1,5.438397593566196,15.0435705,6.479087,1,10.278617940818014,0.9635616149512806,0.3139899728660391,0,0.1882905861076851,0.7524774698435762,0.3626639204531133,2.616414102805559,0.4763142363746283,0,,,,0.0,-,2072546815268265728,-0.0449413375968106,-0.1980268400060367,[47758],-1,15,1,1,TSS 195740.76+383915.03T59815
1999,1,-,55,3,1,21,155.41108816251034,237.8663053127252,0.1124163932185294,0.1148698988702466,155,238,1218,745,155.37975388930434,237.84240543191729,155.41108816251034,237.8663053127252,299.351533592561,38.87534625083452,0.0006517467517929,0.0006404218945201,74.38552559108372,5.134576890585145,3480,3497,3480,18,59821.77694978054,59821.89500315662,59821.77694978054,0.1180533760780235,117.90103,-5.178794,1,9.635084655249113,34.864,9.039379,1,21.262369752244272,0.989171131469157,0.2385015032333086,0,0.056668853967628,0.8073327730223517,0.3163856210476707,2.354385013755446,0.2289074325672095,0,,,,0.0,-,2072564751071714176,-0.063086682981293,-0.131984458822103,[47960],-1,16,1,1,TSS 195724.37+385231.25T59821
1629,1,-,55,3,1,23,87.1526040178962,261.8867047412162,0.1122517148609677,0.114612667086281,87,262,1662,769,87.203294484388,261.09356243499377,87.1526040178962,261.8867047412162,302.15756207854025,40.23098844474798,0.0006535362675623,0.000647815868984,76.68557089118336,4.0115283809674525,2914,2917,2915,4,59817.8186884924,59817.83952145428,59817.82563281311,0.0208329618835705,41.98172,-4.0576506,1,5.634536976781051,12.3960495,8.671503,1,21.629139267173592,0.9527899628017068,0.4219667438425086,1,0.1761783938708765,0.8974328454815232,0.5067835157168432,2.39816188808992,0.2821451854663171,0,,,,1.0,-,2074097470282673536,-0.0552675928295229,-0.1695256455212757,[31487],-1,4,1,1,TSS 200837.81+401351.56T59817
1409,1,-,55,3,1,24,201.1150475223007,166.19958067071147,0.1157450405517718,0.1198962849176037,201,166,2027,673,201.26624083326135,166.29264206253984,201.1150475223007,166.19958067071147,304.9589321377324,40.72111855553503,0.0006731893479953,0.0006773790968294,78.27300301221268,2.505206787213921,1539,1550,1542,12,59807.32578227456,59807.402170633046,59807.34661546322,0.0763883584877476,48.54899,-4.215451,1,6.149575935316858,17.486509323120117,10.270886421203612,1,17.142349983381877,0.9737409207422733,0.3412132092367519,1,0.0502814404443528,0.9012199235380092,0.3380594101423947,3.076237251942923,0.2986903681008719,0,,,,0.0,-,2068303662454833024,0.1401307904411624,0.1198530488541109,[28781],-1,12,1,1,TSS 201950.14+404316.03T59807
1680,1,-,55,3,1,24,184.99997787818532,75.4774,0.1258642185300282,0.1341196443111107,185,75,2011,582,184.78535938722675,75.14772706676351,184.99997787818532,75.4774,305.1522846601598,40.22069421722255,0.0007346240719813,0.0007502061284712,77.943222722435,2.100879420335941,2926,2934,2930,9,59817.90202033946,59817.95757490324,59817.92979762135,0.0555545637762406,27.831974,-3.61136,1,4.485523866689363,10.695120811462402,5.512915134429932,1,13.154792407975298,0.9592805093135244,0.5083165835086758,1,0.2046515609612482,0.854163325280509,0.5192881473195022,4.386255729656894,0.5509371970202754,0,,,,4.0,-,2061522695069465344,0.1273090055449302,-0.0166992356067794,[29302],-1,8,1,1,TSS 202036.55+401314.50T59817
1024,1,-,55,3,1,26,199.88887488513225,43.64406666664858,0.1156696341831678,0.1197852372379188,200,44,495,807,199.81188815037763,43.984674999776345,199.88887488513225,43.64406666664858,294.6854102664795,37.06083797578538,0.0006628419625837,0.000646879609225,70.96401540814799,7.426559912623231,1014,1018,1015,5,59803.67997280801,59803.707750417256,59803.686917210434,0.0277776092480053,44.5727,-4.1226726,1,5.792369908684912,19.353815,10.432997,1,17.1999708456087,0.980918673525933,0.1949148795350483,1,0.077041457618527,0.8996996097885344,0.3180796351774039,3.4246573992656386,0.5903922645028322,0,,,,0.0,-,2048887077391612032,-0.0911101254903314,-0.1125871743516881,[24755],-1,5,1,1,TSS 193844.50+370339.02T59803
1089,1,-,55,3,1,26,109.5394864524534,233.6964030367184,0.1156147480893998,0.119704341883627,110,234,405,997,109.31896140270536,233.7110509093408,109.5394864524534,233.6964030367184,293.3811154492348,37.65843469469143,0.000662088506918,0.0006496218198582,71.00230847322001,8.622555385506512,1366,1368,1366,3,59806.12440158956,59806.1382903851,59806.12440158956,0.0138887955399695,43.926163,-4.106808,1,5.074549615693974,16.76655,10.846536,1,17.24249621941353,0.9568111478973176,0.3199723698916267,1,0.0152135694256578,0.8542261102084878,0.3344460432469791,2.3446813620783424,0.183084487915039,0,,,,0.0,-,2051652967609666560,-0.0454379318383644,-0.116118460195139,[24875],-1,3,2,1,TSS 193331.47+373930.36
1230,1,-,55,3,1,26,143.43107262706832,11.123004214846466,0.1175233000413076,0.1224867562351897,143,11,438,774,143.20157689194315,11.235265039336808,143.43107262706832,11.123004214846466,294.4873058780767,36.745244483311055,0.0006733509658138,0.0006570755043792,70.60809771271992,7.415155566195098,2273,2284,2273,12,59813.33959901804,59813.41598663427,59813.33959901804,0.0763876162309316,57.53082,-4.3997517,1,6.647478985929871,24.06251,8.976073,1,16.00023136721378,0.9780296269953676,0.2756615241351871,0,0.076829084053097,0.789177050787383,0.2648344175457714,2.896674813797219,0.4344891157882423,0,,,,1.0,-,2048876494592403584,-0.1590623142720915,-0.0440919668634478,[25331],-1,11,1,1,TSS 193756.95+364442.88T59813
881,5,VCR,55,3,1,27,187.0069102450787,129.9514972298385,0.1184373353526511,0.1237994579364654,187,130,738,893,187.26092878803672,129.6732985772089,187.0069102450787,129.9514972298385,295.7857556282944,38.18230556230566,0.0006865153687442,0.0006779347887477,72.37806067775462,7.202759197879852,2587,2593,2588,7,59815.52011766182,59815.56178361096,59815.52706198672,0.0416659491384052,34.51471,-3.8450108,1,4.9520167500497605,14.748784,7.4841948,1,15.533748541340833,0.9620274635498132,0.2920505804731896,1,0.1127886569725178,0.8593574558406373,0.2180271365318734,3.532874945126748,0.599881583297413,0,,,,1.0,-,2073081968203084928,0.0232189335266639,-0.1242813213308409,[26718],-1,6,5,1,TSS 194308.58+381056.30
1234,1,-,55,3,1,27,70.57936958795216,165.86628888876373,0.1522556386274276,0.1680943928269714,71,166,622,929,70.05074313453268,165.5783299081708,70.57936958795216,165.86628888876373,294.93976558896435,38.00199961534186,0.0008971616999012,0.0009037559303692,71.8951939774857,7.699319606661,1019,1022,1022,4,59803.71469481945,59803.73552802627,59803.73552802627,0.0208332068214076,23.801064,-3.441491,1,4.386885771927831,10.013955,3.1637454,1,10.004269018368724,0.8728201402445959,0.8027180647191825,0,0.0,0.0940662297217445,0.2765912137741226,3.766055684996908,0.3497887551784515,0,,,,0.0,-,2049095091253827968,0.8350538858446725,-0.3691042213729361,[],-1,3,2,1,TSS 193945.54+380007.20
1482,1,-,55,3,1,27,233.9618409915025,218.11126108292163,0.1204442983934905,0.1266439778585911,234,218,785,981,234.13644565334596,218.44811817420333,233.9618409915025,218.11126108292163,295.71524716993787,38.736167243602274,0.0007012530052852,0.0006967188559816,72.83961333917914,7.519425754603789,2486,2491,2487,6,59814.81874078217,59814.85346241293,59814.82568510823,0.0347216307636699,34.25695,-3.8368716,1,4.748916050403702,15.315016,5.970904,1,14.694778901271144,0.951479822430586,0.350106155317678,0,0.0,0.7150019756895831,0.3956574173215383,3.5086000375756763,0.0,0,,,,0.0,-,2073148763537439232,-0.3815930815794672,-0.2718053033895558,[28916],-1,4,1,1,TSS 194251.66+384410.20T59814
931,11,-,55,3,1,28,234.444483180136,225.5329555559655,0.1116370265908816,0.1136419013891653,234,226,1041,989,234.5406234435076,225.7812272131842,234.444483180136,225.5329555559655,297.28074203224537,39.53576237460451,0.0006472790849938,0.0006374353175193,74.1418334216229,6.852723789638972,3318,3332,3324,15,59820.62419321198,59820.72141365016,59820.665859114095,0.0972204381832853,44.352535,-4.117296,1,6.024804747406365,10.965529,7.291938,1,23.341842241853197,0.9441292453311586,0.4175808305681384,1,0.2145388600277924,0.9089209515634742,0.342220265445577,2.606327350241588,0.9226979170415506,0,,,,1.0,-,2073255343133988224,-0.2664542447994336,0.4116300370103545,[32725],-1,15,11,1,TSS 194907.38+393208.74
1356,1,-,55,3,1,28,219.25263456917835,164.08852651127262,0.1128302345699751,0.1155117835373696,219,164,1026,927,219.22520693799652,164.29809809837096,219.25263456917835,164.08852651127262,297.4295205810458,39.19651175628477,0.0006544780986664,0.000644824554732,73.90304729313503,6.584241720327461,1326,1329,1326,4,59805.846625668455,59805.86745886316,59805.846625668455,0.0208331947069382,62.29735,-4.486174,1,6.935269272904396,28.871187,15.4962015,1,20.45776727959819,0.990176796648277,0.1538545459582306,0,0.142030359311247,0.8438221344267178,0.3242012727147144,3.18872364625384,0.0,0,,,,4.0,-,2073056164047774208,0.0187100080170239,-0.2247961237152367,[34394],-1,4,1,1,TSS 194943.08+391147.44T59805
269,49,-,55,3,1,29,133.99999463955908,45.088499036236975,0.1245817153706448,0.1323739760222282,134,45,1197,808,135.4222131446343,43.543807502710735,133.99999463955908,45.088499036236975,298.97469101642633,39.11987171940128,0.0007309333556482,0.0007327104106714,74.44507848416842,5.511472033737684,1055,1060,1056,6,59803.96469329173,59803.99941530014,59803.97163769345,0.0347220084149739,35.72874,-3.8825443,1,4.999343435628544,10.019834,1.6553003,1,13.45485834369096,0.7934652168416807,1.2702785621826842,0,0.0,0.2629130930288244,0.3830335784986841,2.9389698340087373,1.7748921016208612,0,,,,9.0,-,2072621547722393984,-0.1545146926011966,0.098210434804173,[],-1,3,228,1,TSS 195553.93+390711.54
1334,1,-,55,3,1,29,207.2873032836689,133.08851116222434,0.1119683079383437,0.1141672992921449,207,133,1270,896,207.4053038493138,133.15209162438768,207.2873032836689,133.08851116222434,299.1068703409131,39.75726891783341,0.0006511335916483,0.0006424681766293,75.04771655973741,5.750260822411599,980,985,981,6,59803.44386311987,59803.47858513388,59803.45080752277,0.0347220140029094,54.99762,-4.3508596,1,6.579313128896465,13.7932625,7.4104233,1,22.34075601210243,0.9817075795080752,0.2707678535197037,1,0.1592029064526481,0.8546886670525751,0.3675600015682974,2.674673488960822,0.9749269078753046,0,,,,1.0,-,2072745826895565696,-0.0341167510741797,-0.1438053479170093,[34645],-1,6,1,1,TSS 195625.65+394526.17T59803
1631,1,-,55,3,1,29,178.8888707652377,207.1842327592105,0.1882212799220273,0.2112890337654951,179,207,1242,970,179.37946362445612,207.0776685648851,178.8888707652377,207.1842327592105,298.6350968561828,40.03563553042958,0.0011271492968916,0.0011647594279897,75.10283571801953,6.203567863133236,2460,2461,2460,2,59814.63818829693,59814.64513262345,59814.63818829693,0.0069443265238078,37.104774,-3.9235744,1,4.951264520529947,10.986839,8.031083,1,8.287771973794953,0.8593642399666742,0.4981515330388065,1,0.0,0.7808269237128445,0.3550495169826856,2.2927608281722707,1.172296034401247,0,,,,5.0,-,2073558705263607808,-0.2182379584014597,-0.1138556105746602,[35460],-1,2,1,1,TSS 195432.42+400208.29T59814
1095,48,-,55,3,1,30,64.97258993001803,238.62454368998328,0.119740222656848,0.1256515755197244,65,239,1384,1002,65.11069700646276,238.35319540574935,64.97258993001803,238.62454368998328,299.43925484970976,40.60094282233816,0.0007041262582709,0.0007076410575884,75.90659739655793,5.965393902677241,1512,1517,1512,6,59807.13828357199,59807.17300555456,59807.13828357199,0.0347219825707725,50.939392,-4.2676344,1,6.357830324835984,15.007034,8.889037,1,14.965081782609388,0.9513536240028032,0.4240990802241975,0,0.1125610700259698,0.8610521085597186,0.3028151445551642,2.4877863010952392,0.2837774076427714,0,,,,0.0,-,2075053804872633600,-0.1812010693217871,-0.0899934430158282,[37051],-1,6,51,1,TSS 195745.42+403603.39
1029,7,-,55,3,1,31,154.2002786020742,77.75331074247546,0.1116814191194063,0.1137126332051822,154,78,1729,841,154.17603111998267,77.86930814907159,154.2002786020742,77.75331074247546,302.34723985798814,40.77300345901871,0.0006509259290849,0.0006460821284858,77.22101045843483,4.182845869759283,1099,1108,1100,10,59804.27024695456,59804.33274656406,59804.277191355584,0.0624996095066308,78.822296,-4.741623,1,7.783782897486714,18.756075,8.114392,1,23.194673128502963,0.968695270461184,0.2981044441206104,1,0.0817434117711158,0.8461058465615252,0.2567244288810543,3.2746631742760237,0.9712295790126804,0,,,,9.0,-,2074498826385422848,0.016787093971061,-1.1017059025226672,[33892],-1,10,11,1,TSS 200923.34+404622.81
1608,1,-,55,3,1,31,224.91239359570264,220.088481639003,0.1176165264361158,0.122621186834051,225,220,1800,983,224.70867141524624,219.83421430300024,224.91239359570264,220.088481639003,302.30683367966776,41.68229753293815,0.0006914397364544,0.0006979969145778,77.97215354159725,4.699479506948607,1493,1497,1493,5,59807.00634003714,59807.03411762381,59807.00634003714,0.0277775866634328,49.280148,-4.23168,1,5.906767146817549,14.097008,7.240222,1,15.949590034637737,0.9631760648861896,0.3837446844305809,0,0.1793386916791741,0.7657626218207685,0.3219687467297549,3.072348001541842,0.1421720890337041,0,,,,9.0,-,2074610255022591488,-0.1582677144117497,-0.0487277582932392,[35612],-1,5,2,1,TSS 200913.64+414056.27
1840,1,-,55,3,1,31,217.609030415928,131.97740256350113,0.1212827583070626,0.12781866283658,218,132,1793,895,217.55368585596847,131.9743383823221,217.609030415928,131.97740256350113,302.58016591009624,41.21837420181152,0.00071347585552,0.0007233700113072,77.69191082694573,4.276228662899719,2030,2034,2030,5,59811.65212666025,59811.67990399406,59811.65212666025,0.0277773338093538,64.532364,-4.524444,1,7.0304256125818165,22.86731,12.88755,1,14.40023953034277,0.9619649975192212,0.3030781976858405,0,0.0928578502669837,0.8839572947367241,0.2992600761340737,2.775866239802514,0.5752816616999623,0,,,,0.0,-,2074537859049579648,-0.1011768247026339,-0.0969660968081598,[36165],-1,5,1,1,TSS 201019.24+411306.15T59811
934,1,-,55,3,1,32,173.8771817259746,76.2672363082311,0.1194535910492588,0.1252459150357702,174,76,2000,839,173.60772303543592,76.06674299968854,173.8771817259746,76.2672363082311,304.202050669042,41.49297405017962,0.0006998915899105,0.000710685300251,78.59259220441618,3.4102582587966,622,629,622,8,59800.92998830777,59800.97859916481,59800.92998830777,0.0486108570403303,41.0591,-4.0335236,1,5.699134127970826,11.620226,5.1081905,1,15.081969731566492,0.9421693391773894,0.4317758666672242,0,0.1192841144782104,0.7416927149760606,0.4211067996394126,2.8209724737349453,0.273506727055299,0,,,,9.0,-,2068583694326867968,0.0576321933949657,0.3771455147381175,[26471],-1,6,1,1,TSS 201648.49+412934.71T59800
1635,1,-,55,3,1,32,128.80418718544854,138.5814945319112,0.1115071752974899,0.1134343773097544,129,139,1955,902,128.722612544911,138.61224698530935,128.80418718544854,138.5814945319112,303.670480365745,41.68993045824891,0.0006502947933951,0.0006487823222293,78.53588249307387,3.8503055283977217,2781,2799,2784,19,59816.86731644479,59816.99231424518,59816.88814941179,0.1249978003907017,27.403059,-3.5944974,1,4.649770114341075,11.533521,6.2586584,1,23.80020457748337,0.9849429103165585,0.4772549447120956,1,0.3094735091238743,0.7101588762321105,0.3228690931086629,2.735879865402873,0.8388476834627828,0,,,,0.0,-,2062646327239970432,-0.0715584654012673,0.0961436742826435,[27938],-1,17,1,1,TSS 201440.92+414123.75T59816
659,2,-,55,3,1,33,63.853952024561394,154.4218444459728,0.1098878049816131,0.1106956152103137,64,154,108,1173,63.71768041535503,154.59874814349948,63.853952024561394,154.4218444459728,290.94101152291034,37.54171432176837,0.0006163004434102,0.0006004639431897,70.00473856084803,10.290705361610192,1432,1441,1433,10,59806.582731825474,59806.6452313996,59806.58967622255,0.0624995741236489,263.25336,-6.050935,1,15.13491808866286,85.77056,30.578592,1,71.65239538736037,0.9959945212497724,0.1045960614050157,0,0.0404483122136532,0.8908984432254813,0.1802340303086918,2.862099892530706,0.281101105971975,0,,,,9.0,-,2052536700075366016,-0.1336283406510148,-0.0535857269558164,[18943],-1,10,28,1,TSS 192345.84+373230.17
690,1,-,55,3,1,33,95.14348042766277,225.03869070433885,0.1451354932540002,0.1592032892094136,95,225,139,1244,95.40308190210644,225.35964439009723,95.14348042766277,225.03869070433885,290.81090610972285,37.95487725240189,0.0008434072945506,0.0008454962187957,70.33476082216822,10.566279011954755,623,624,624,2,59800.93693271602,59800.94387712426,59800.94387712426,0.0069444082473637,26.165424,-3.5443196,1,4.2357584140106495,11.288982,8.728535,1,10.554786833154484,0.9569113109953,0.4530791482068366,0,0.1312216862538751,0.7842279148525995,0.4645109038702923,3.5283214963023384,0.4326841944958643,0,,,,0.0,-,2052601021506989312,0.5182662331470738,0.4707895696649302,[],-1,2,1,1,TSS 192314.62+375717.56T59800
1095,1,-,55,3,1,33,233.08862474509823,38.23462027944495,0.1243649418809677,0.1320776127052277,233,38,277,1057,232.84691082748677,38.426411726354914,233.08862474509823,38.23462027944495,292.3927471438725,37.543739595071806,0.0007159968693571,0.0007083800397248,70.53352548474177,9.264343228144968,2092,2096,2092,5,59812.08267527432,59812.11045260068,59812.08267527432,0.0277773263587732,30.49317,-3.7105064,1,4.727108653366534,14.832192,7.6292114,1,13.50871079521462,0.970576721639378,0.2582274515381829,0,0.1673643092851786,0.7554244610817473,0.3178998073358318,2.6700860094962966,0.4576973760543336,0,,,,0.0,-,2051832909555600256,0.2156378451090859,-0.0952103382121549,[],-1,5,1,1,TSS 192934.26+373237.46T59812
1075,1,-,55,3,1,34,194.88887985979025,172.47739999859695,0.1195385143213416,0.1253662064560395,195,172,490,1191,194.7849498764103,172.6335596221526,194.88887985979025,172.47739999859695,293.06171982060255,38.8139522750723,0.0006910431049291,0.0006867098171815,71.92175309417728,9.379840647744324,2205,2210,2206,6,59812.86738462944,59812.90210627767,59812.87432895922,0.0347216482259682,30.754719,-3.7197793,1,4.9353069620819925,13.538705825805664,8.154513359069824,1,15.046896379286954,0.964492628893164,0.3864047589333949,1,0.0749860760043893,0.8332793341498487,0.3629480397469701,3.0615250874876536,0.4769632536371157,0,,,,0.0,-,2052320886564198400,-0.1358221459371407,0.0148590219489506,[22961],-1,6,1,1,TSS 193214.81+384850.23T59812
470,1,-,55,3,1,35,22.635187855113102,134.35630552374232,0.124794852837534,0.1326649925776786,23,134,574,1153,22.84862200850524,133.85945292369584,22.635187855113102,134.35630552374232,293.7220595044459,38.897296162742734,0.0007266723831845,0.000725763146264,72.23778440415158,8.962665572101882,147,150,148,4,59797.631392974974,59797.65222621928,59797.63833738975,0.0208332443071412,31.920736,-3.7601824,1,4.581937593418842,12.094258308410645,7.795255184173584,1,13.402839976979562,0.920235756989078,0.4386420401332752,0,0.1897699140066366,0.8665833365012896,0.3419847535361831,2.9435528481695115,0.8728234082348548,0,,,,0.0,-,2052392457897414784,-0.5070445163670456,-0.9949059977404886,[18077],-1,4,1,1,TSS 193453.29+385350.27T59797
1093,1,-,55,3,1,36,183.8860321310509,109.36619775184356,0.1100088966845692,0.1109254570407756,184,109,991,1128,183.84437543300385,109.21537438340204,183.8860321310509,109.36619775184356,296.3945764382703,40.0549627043688,0.0006364572071752,0.0006263078821059,74.25990395805594,7.700913524169447,1032,1036,1033,5,59803.80497204776,59803.83274965584,59803.81191644972,0.0277776080765761,99.33799,-4.9927883,1,9.301127691454676,27.86772918701172,12.843948364257812,1,44.28520604961864,0.9957866358609616,0.1257571500388876,0,0.0,0.8799699937366374,0.2999562000602456,3.5399427778003987,0.1935502149856464,0,,,,0.0,-,2076339133958888832,-0.1307488323890311,-0.0418696819472188,[29084],-1,5,1,1,TSS 194534.70+400317.87T59803
1275,1,-,55,3,1,36,28.66442474832222,42.39175869052748,0.1098739042566479,0.1106668592945441,29,42,836,1061,28.616652755166932,42.42920002714872,28.66442474832222,42.39175869052748,295.6993665158237,39.267520428991325,0.0006324862550266,0.000619639783949,73.30298095427226,7.786984138893036,1962,1975,1963,14,59811.17991186816,59811.27018824687,59811.18685620539,0.0902763787089497,369.8939,-6.4201927,1,18.37877597605051,98.5574722290039,24.35479736328125,1,93.59937984758982,0.9986325141475018,0.0638183414016362,0,0.0046494141104872,0.905087424122011,0.2230780877479065,2.761931437167901,0.2109541894843916,0,,,,0.0,-,2076198224671929088,-0.1271228970667834,-0.0649876602722088,[29662],-1,13,1,1,TSS 194247.85+391603.07T59811
1301,1,-,55,3,1,36,80.45890002059399,240.65299984406457,0.1098854936301236,0.1106909269873119,80,241,887,1260,80.32171856786884,240.64666003835976,80.45890002059399,240.65299984406457,295.19613796923045,40.36574917011356,0.0006346331036232,0.0006259134635205,74.08961362037364,8.652643613328408,2376,2383,2376,8,59814.05486482572,59814.10347511814,59814.05486482572,0.0486102924260194,204.29361,-5.775637,1,13.530169527513229,102.4346923828125,34.3009033203125,1,73.76513030833235,0.9982362596581424,0.0794401494407481,0,0.0391787277796002,0.8908910809683516,0.3003386610996183,2.5830507243049543,0.181384009802003,0,,,,4.0,-,2076586317912991872,-0.1133316691872323,-0.0396569950564753,[29727],-1,8,1,1,TSS 194047.07+402156.70T59814
1306,1,-,55,3,1,36,24.86519854053038,257.42184444358304,0.1239605178116472,0.1315236530447935,25,257,832,1276,24.736155988253127,257.6831815187012,24.86519854053038,257.42184444358304,294.77756382723754,40.27341049939913,0.0007273232467974,0.0007316426406036,73.85423033144247,8.889835727955957,2458,2460,2458,3,59814.624299643874,59814.63818829693,59814.624299643874,0.0138886530548916,39.163326,-3.9821987,1,4.482667586240337,14.213438987731934,9.612381935119627,1,13.61184462273467,0.940145791811796,0.5734650398318545,0,0.221376022942689,0.8723221374278511,0.4944975534339783,3.6173631692824215,0.3513542850582259,0,,,,9.0,-,2076500590367090048,0.4070919860770345,0.4261886745443917,[29731],-1,3,1,1,TSS 193906.62+401624.28T59814
1348,1,-,55,3,1,36,160.73096328863284,94.270412168758,0.1160786834159622,0.1203863766382547,161,94,968,1113,160.66153327140148,94.39576701983974,160.73096328863284,94.270412168758,296.3104336549993,39.912882027422455,0.0006769222699851,0.000673494626385,74.1030028006099,7.687993338355557,2871,2874,2872,4,59817.52008269325,59817.54091565676,59817.52702701442,0.020832963513385,33.296825,-3.8060071,1,5.180287217207204,10.804329872131348,7.798324108123779,1,16.8979294059985,0.966613134545252,0.27026077891161,1,0.2202024142655051,0.9076952323349164,0.3001623190445675,2.6232166122392666,0.3047257080243966,0,,,,0.0,-,2076336522618500736,-0.1233246120602871,0.0205534197227734,[29761],-1,4,1,1,TSS 194514.50+395446.38T59817
270,21,-,55,3,1,37,70.76590676510436,13.420942631581468,0.1191619428690384,0.1248321362999839,71,13,1134,1032,69.52733139654025,13.57932430464994,70.76590676510436,13.420942631581468,297.6928101314775,40.02029275992771,0.0006984620564125,0.0006985421039529,74.72384399618825,6.819247288491997,3412,3414,3413,3,59821.304736260616,59821.31862489388,59821.31168057736,0.0138886332642869,53.165665,-4.3140783,1,4.812830687771815,13.916619300842283,7.601169109344482,1,15.205383684918168,0.9566913429919964,0.3357989298386573,0,0.0,0.8574202041339618,0.1545772210336958,3.1606400687799057,2.3056557178497314,0,,,,8.0,-,2073666255552629504,-0.0843667982164788,-0.137853127891276,[19388],-1,3,22,1,TSS 195046.27+400113.05
481,1,-,55,3,1,37,91.9797615329856,112.43078083485116,0.1121331467578211,0.114426767739462,92,112,1155,1131,91.81746080836976,112.37741133527764,91.9797615329856,112.43078083485116,297.4302033926453,40.56241252125489,0.0006533365845627,0.0006476545389094,75.09721346027818,7.262763441360031,77,78,77,2,59797.1452838453,59797.15222826333,59797.1452838453,0.0069444180335267,50.264614,-4.2531557,1,6.477571924706835,17.195478439331055,10.62228775024414,1,21.91332540661513,0.976010186223484,0.254183414330885,0,0.0,0.6578279586439002,0.3447444430935809,2.951218165893944,0.7247416377067566,0,,,,0.0,-,2073740055966698368,-0.1211197678851476,0.0019240316100876,[25440],-1,2,2,1,TSS 194943.25+403344.69
857,2,-,55,3,1,37,73.62211583395722,27.979292803228933,0.1174682822787271,0.1224073617988059,74,28,1137,1047,73.15564776768326,27.67695659670167,73.62211583395722,27.979292803228933,297.65282552283696,40.09910648135455,0.0006876318416486,0.0006863676655997,74.77725413496343,6.885096514816314,1501,1504,1501,4,59807.06189521024,59807.08272839982,59807.06189521024,0.020833189584664,41.585762,-4.0473614,1,4.50922101484445,12.258234977722168,7.874284744262695,1,16.030474782420665,0.8375273157467586,0.8314044286926318,1,0.0661667609018861,0.8265930429726512,0.2799062967849557,4.7444365196756975,1.6140416860580444,0,,,,9.0,-,2073679514103059968,-0.0959860048953942,0.6836936043814603,[],-1,4,32,1,TSS 195036.68+400556.78
114,6,-,55,3,1,38,18.777777774505957,86.57674694490296,0.1222055649795748,0.1291031311491051,19,87,1338,1106,18.37010873111968,86.80134243599491,18.777777774505957,86.57674694490296,298.72624379272173,40.97733584053572,0.0007209242486515,0.0007277386664537,75.9547676206615,6.621743776639752,996,998,997,3,59803.554973563376,59803.568862368695,59803.56191796604,0.0138888053188566,34.059395,-3.8305924,1,4.297245461007578,11.900562286376951,8.743037223815918,1,14.105166433360724,0.8689105678202046,0.6020315287054003,1,0.2823454496055987,0.8827568445580736,0.4624495034689987,2.3297945805416505,1.1513489484786987,0,,,,9.0,-,2073813452673532928,-0.1733452850685353,-0.0285856976840932,[7308],-1,3,81,1,TSS 195454.30+405838.41
1503,1,-,55,3,1,38,12.500000000000068,186.5845295895534,0.127804571769236,0.1367372913664285,13,187,1332,1206,12.507963930006206,186.4945465035873,12.500000000000068,186.5845295895534,298.2831027933938,41.44957576026437,0.0007578882596804,0.0007708719117141,76.19588828098661,7.147892072999528,1468,1471,1468,4,59806.83273011824,59806.85356330875,59806.83273011824,0.0208331905159866,41.801266,-4.0529737,1,5.655830886513183,14.300851821899414,8.274632453918457,1,12.75220940745176,0.9628616155820764,0.3431682873950666,0,0.1529493259346702,0.8222369715940364,0.3188649263421719,2.513126894455644,0.4418143409027814,0,,,,0.0,-,2073888116386765056,0.0785583832303018,-0.396764114404732,[34719],-1,4,1,1,TSS 195307.94+412658.47T59806
1293,1,-,55,3,1,39,202.88888888951567,220.97742831712048,0.1196993289401283,0.1255937596514294,203,221,1778,1240,202.47793648200857,220.92847577010943,202.88888888951567,220.97742831712048,301.1791872445708,42.917802654208,0.0007082174726997,0.000719649120653,78.57493369028879,6.063980961456434,1257,1261,1258,5,59805.36746216262,59805.39523975883,59805.37440656179,0.0277775962094892,42.005672,-4.05827,1,5.833868863350643,17.062805,9.497198,1,14.981502197288297,0.9632764040620576,0.4065479029743153,0,0.0836731809271363,0.9023550155369512,0.3314934848098855,3.1499454146623247,0.3382838358754281,0,,,,0.0,-,2075755705599468544,-0.122882582366401,0.0416404695627079,[37792],-1,5,1,1,TSS 200443.00+425504.09T59805
1299,1,-,55,3,1,39,125.99997214656754,55.039162783605455,0.1191827358550533,0.1248616711547585,126,55,1701,1074,126.25474184872056,55.34754721612792,125.99997214656754,55.039162783605455,301.28778482263607,41.864777629805545,0.0007027728492374,0.0007109040837067,77.71910697310022,5.439306382943776,1271,1273,1271,3,59805.46468374795,59805.47857254582,59805.46468374795,0.013888797868276,42.15055,-4.0620084,1,5.526754638335174,10.338681,6.7076116,1,15.196428644167357,0.889105184216429,0.5795685338336071,1,0.1131945165711786,0.6964158562920013,0.3372889637010169,2.854633115546144,1.7440417890440236,0,,,,9.0,-,2074849020830440832,-0.1169445179311878,0.0909845928608774,[],-1,3,1,1,TSS 200509.07+415153.20T59805
868,1,-,55,3,1,42,168.33724913525,147.47739999999996,0.1338285967969512,0.1447109575685071,168,147,463,1422,168.43325896613598,147.71976946208272,168.33724913525,147.47739999999996,291.90196878710066,39.79307830352976,0.0007830853371979,0.0007910326807528,72.39397418163384,10.623913791523156,906,907,906,2,59802.90219964993,59802.90914405399,59802.90219964993,0.0069444040564121,32.11474,-3.7667608,1,5.134677372636323,14.940884,9.282206,1,11.775280990567312,0.8835412450718526,0.5271902478844323,0,0.0,0.6311235720937274,0.0682842073985598,2.773125473804332,0.0,0,,,,0.0,-,2053373359705672192,-0.2088778237258566,0.1926531889434954,[],-1,2,2,1,TSS 192736.47+394735.08
1229,1,-,55,3,1,43,175.90862227352017,183.31073333238885,0.1161955384579764,0.1205575563538121,176,183,727,1458,175.8474291558432,183.4601118132757,175.90862227352017,183.31073333238885,293.3399415714396,40.80096568674957,0.0006753064279682,0.0006759435685113,73.812310256677,10.102379160997351,3412,3418,3413,7,59821.304736260616,59821.3464021604,59821.31168057736,0.0416658997855847,43.143764,-4.087295,1,5.971527143617131,15.250127792358398,6.984987735748291,1,16.816129021917437,0.9724116375541946,0.3637511551967335,0,0.0848618943561299,0.8235120559141044,0.2630877069232368,2.7405203256010755,0.8348530331906292,0,,,,9.0,-,2053354015176331776,-0.1853001052421632,-0.0109372277900092,[21233],-1,7,1,1,TSS 193321.59+404803.48T59821
916,1,-,55,3,1,45,122.88887712651338,24.230888058637134,0.1284076446118377,0.1375455208217277,123,24,1186,1299,122.48432155942749,24.56938359367915,122.88887712651338,24.230888058637134,296.9405632538821,41.46974959094591,0.0007612690801414,0.0007738855734698,75.7099866593197,8.031467068814875,554,557,555,4,59800.45776851868,59800.47860174599,59800.46471292763,0.0208332273105043,29.219002,-3.6641634,1,4.5671900600706525,11.109261512756348,7.989899158477783,1,12.637702141462055,0.7877968409414006,1.2826878156279586,1,0.0907568236952063,0.8578216476470274,0.3333840500873464,3.6880586671972657,0.7183731780371605,0,,,,9.0,-,2076843878515697792,-0.6505920665367739,0.2588513907346623,[25165],-1,4,1,1,TSS 194745.74+412811.10T59800
1451,1,-,55,3,1,45,164.98308979759196,231.6440665546149,0.1316450724580673,0.1418450335332758,165,232,1228,1507,164.92774547661386,231.6011564563401,164.98308979759196,231.6440665546149,296.3388870281589,42.60820066532357,0.0007840880891178,0.0008022928039206,76.49649071461825,8.975226295778738,2607,2609,2607,3,59815.65900415694,59815.672892806266,59815.65900415694,0.0138886493223253,23.349981,-3.4207165,1,4.322183815138572,12.274680137634276,8.06762981414795,1,12.091355221635308,0.95045496278707,0.6699321093949576,1,0.0252689747714656,0.8582397487271969,0.3015131264715334,1.9900583782802492,1.5348137844186909,0,,,,0.0,-,2077227225808961280,0.0842538258630156,0.2341023180961201,[26303],-1,3,1,1,TSS 194521.33+423629.52T59815
1187,1,-,55,3,1,46,43.80206440396204,217.00221348193315,0.1141993822284161,0.1175970439865774,44,217,1363,1492,43.576236294619314,216.9607641846036,43.80206440396204,217.00221348193315,297.30288227697974,42.95113785441162,0.0006719134338717,0.0006754053874575,77.14773532043822,8.523661560653624,1310,1315,1312,6,59805.73551529503,59805.77023728714,59805.74940409197,0.0347219921095529,44.37021,-4.1177287,1,5.890151492213176,18.410808563232425,9.9945707321167,1,18.552191171054474,0.971518019047376,0.3715364212525295,0,0.0445539959755885,0.8777352611181015,0.4454461423436407,2.770591259682196,0.5492512434753554,0,,,,0.0,-,2078703908590391168,-0.1484632014430644,-0.0159260048048963,[23560],-1,6,1,1,TSS 194912.69+425704.10T59805
1322,1,-,55,3,1,47,37.00000147952756,212.82055595145889,0.1504832699241135,0.1658953070306885,37,213,1612,1488,36.99410966932367,212.60828927383267,37.00000147952756,212.82055595145889,299.0265304230485,43.68205333719992,0.0009057314589193,0.0009424802140667,78.41892307731841,7.80012883988662,1443,1449,1444,7,59806.65912019397,59806.70078657618,59806.666064591045,0.0416663822034024,29.57811,-3.6774259,1,4.650845692074654,12.749148,7.877444,1,10.13051573723836,0.957774874535522,0.362599266715319,1,0.2001859753198593,0.7795598116169646,0.2772552521745609,2.1023946236874487,1.263515986669138,0,,,,8.0,-,2078978511617752960,-0.0144977989650669,-0.182910770379749,[25219],-1,7,1,1,TSS 195606.37+434055.39T59806
1447,1,-,55,3,1,47,233.66666696404377,171.84936855199885,0.1152140630336987,0.1191120239665628,234,172,1809,1447,233.61496707114844,171.70177672116017,233.66666696404377,171.84936855199885,300.57471641550995,44.05242871435627,0.0006811153574352,0.0006887519551311,79.31671040320165,7.031780900343698,1874,1884,1875,11,59810.56880975627,59810.638253234094,59810.57575410491,0.0694434778270078,47.050804,-4.1814175,1,6.071619866725544,23.749065,9.786407,1,17.568966047918252,0.9914816633928312,0.1664303126858199,0,0.0979893147342306,0.796525378761929,0.2554812196307036,2.306932764687468,0.3320863949379803,0,,,,0.0,-,2076060128575997184,-0.2022367089227827,0.1110858074450789,[25508],-1,10,1,1,TSS 200217.93+440308.74T59810
1434,1,-,55,3,1,48,210.86419925728836,59.31073344475408,0.1111475231603853,0.1128541594109783,211,59,2037,1334,210.77968062066327,59.4007910429694,210.86419925728836,59.31073344475408,302.6483420381455,44.12378134399076,0.0006529887313678,0.0006554716333135,80.17183308577579,5.806508427508247,3070,3080,3078,11,59818.9020023759,59818.97144556479,59818.957556927104,0.069443188891455,44.929943,-4.13134,1,6.116348992216448,10.472003,5.285913,1,25.35051654451665,0.9254213770960984,0.4197381081830745,1,0.2833489524081445,0.4983783164872443,0.373828778673727,2.179746053092599,1.2989912739414866,0,,,,9.0,-,2081174923534148864,-0.1394580625305934,0.027968275471494,[25037],-1,8,1,1,TSS 201035.60+440725.61T59818
342,13,-,55,3,1,49,87.75486103047608,257.47740000000016,0.1281902362682931,0.137254433651278,88,257,132,1788,87.50592544167644,257.5941074374079,87.75486103047608,257.47740000000016,288.3158165914153,40.36139379459327,0.0007368200293662,0.0007465042705014,71.71046910191482,13.34505278499308,2341,2343,2341,3,59813.81181335379,59813.82570200963,59813.81181335379,0.0138886558415833,25.793695,-3.5287838,1,4.45764134308372,10.022655,7.13664,1,12.6784571247889,0.9530786396329032,0.3827409212496656,1,0.1010475645681008,0.7414996219821086,0.3041468037753119,2.4218108224509707,0.9566821757520964,0,,,,4.0,-,2102056161168420096,-0.1654290085971013,-0.0108240871079487,[12261],-1,3,13,1,TSS 191315.80+402141.02
972,2,-,55,3,1,49,135.33333333416482,22.318516556036112,0.17973174936265,0.2012896421577547,135,22,179,1553,135.50287014455247,22.55868328974497,135.33333333416482,22.318516556036112,289.66662442118275,39.46872320999134,0.0010567508549768,0.001076194449427,71.32758949383388,12.029497677742448,3565,3571,3565,7,59822.36721663417,59822.40888252603,59822.36721663417,0.0416658918620669,23.214823,-3.4144135,1,3.96070632786248,11.598955,6.866071,1,8.594795528301225,0.9368033141705968,0.3877431747932471,0,0.264847979670751,0.8221094732897017,0.333241467707892,3.706878282074989,0.6011702050568978,0,,,,0.0,-,2101011384605631360,-0.2314335545345613,0.0427407728802791,[14147],-1,6,2,1,TSS 191839.99+392807.40
623,2,-,55,3,1,50,254.18389059047857,195.62371618122623,0.118651431641637,0.1241052843545729,254,196,549,1727,254.4072824694044,196.0063414387189,254.18389059047857,195.62371618122623,291.0455628489309,41.472878703672585,0.0006874753730803,0.0006936862969016,73.63856037120412,11.94846708025263,800,801,801,2,59802.16609273994,59802.1730371454,59802.1730371454,0.0069444054606719,31.217165,-3.7359836,1,4.814515654784993,15.090635299682615,9.760224342346191,1,15.43328257031486,0.8852598499794551,0.508279760208969,0,0.0,0.7486999245525039,0.4503726394612766,3.2606432064605926,0.0,0,,,,0.0,-,2101625217032563072,0.0580484548670483,-0.3513546222141031,[],-1,2,2,1,TSS 192410.94+412822.36
567,2,-,55,3,1,51,8.6666667274158,232.6121924860137,0.1298362652127226,0.1394507027227496,9,233,560,1764,8.693628620887086,232.6126552133813,8.6666667274158,232.6121924860137,290.93841279547325,41.67806594431071,0.0007603725980321,0.0007739425000158,73.79196153742843,12.109765321174276,787,788,788,2,59802.07581546554,59802.08275987146,59802.08275987146,0.0069444059190573,30.283493,-3.7030149,1,4.6767674705552125,14.318121910095217,9.348203659057615,1,12.383485036556896,0.8840023307034279,0.516990568718579,0,0.0,0.641895197629458,0.7266569874525,3.8830115276656,0.0,0,,,,4.0,-,2101817872085071488,-0.3225079379348017,-0.4985069784299867,[18568],-1,2,2,1,TSS 192345.22+414041.04
773,1,-,55,3,1,52,84.66717967455807,242.6663566387456,0.109987200107492,0.1108855235836636,85,243,892,1774,84.54587132556279,242.5066798892444,84.66717967455807,242.6663566387456,292.96008583718384,42.81949120631015,0.0006360711848331,0.0006360846613783,75.51218904404432,11.270482409974832,643,650,643,8,59801.07582087703,59801.12443173198,59801.07582087703,0.0486108549521304,155.90523,-5.4821515,1,11.894175477292324,70.802025,19.365614,1,46.18014027609428,0.9979782577304795,0.0766483128274,0,0.0368143630130735,0.8377136392586921,0.2954201371338917,2.762621778714874,0.4345457501159775,0,,,,4.0,-,2077810177432417792,-0.1177123503986194,-0.0002380400248966,[20278],-1,7,2,1,TSS 193150.42+424910.17
773,2,-,55,3,1,52,84.70691798106527,242.67605628592776,0.1260320984940106,0.1343472082976708,85,243,892,1774,84.53669822339579,242.45482994275915,84.70691798106527,242.67605628592776,292.96029531864565,42.8196670278298,0.0007434692626219,0.0007575646050676,75.51241959703998,11.270424113570478,778,786,779,9,59802.01331581272,59802.068871059855,59802.02026021864,0.0555552471341798,36.982525,-3.9199913,1,5.514989880408619,15.082353,8.031701,1,13.117678712714376,0.9671783599223114,0.2938553981103987,0,0.0583236402015097,0.783745703948076,0.4911022652036365,2.5308466891602865,0.8199765250693465,0,,,,13.0,-,2077810177432417792,-0.1574506568965716,-0.0099376871748972,[20279],-1,9,2,1,TSS 193150.47+424910.80
804,1,-,55,3,1,52,189.59226115179692,78.98572452703159,0.1168502556655844,0.1215123575611099,190,79,997,1610,189.33185225573015,78.96071582198992,189.59226115179692,78.98572452703159,294.37252282983906,42.37949808670798,0.0006850219365582,0.0006904752488674,75.59687220445814,10.144604512396429,716,721,717,6,59801.58276261609,59801.61748465012,59801.58970702294,0.0347220340263447,43.316536,-4.0916343,1,6.070850918112123,18.275625,6.6847935,1,16.38989990916098,0.9749536276217547,0.2795795367164384,0,0.0,0.8282711631622948,0.3301142648670829,2.767547861551693,0.6764115045767681,0,,,,0.0,-,2077560141618806400,-0.1194128083044461,0.0238314334062579,[20331],-1,5,1,1,TSS 193729.41+422246.19T59801
872,2,-,55,3,1,52,120.77774871565688,176.21253880199365,0.1109428841072822,0.1125198583788411,121,176,928,1707,120.74861403389906,176.22733177359473,120.77774871565688,176.21253880199365,293.49384893803966,42.62189535008004,0.0006437291123391,0.0006441168261212,75.51321444226458,10.83137482685784,3448,3454,3448,7,59821.55473165629,59821.5963975549,59821.55473165629,0.0416658986141555,60.317787,-4.4511137,1,6.9839857735911774,22.284595,8.362851,1,26.49963336770388,0.9724664040507756,0.2738439486269273,0,0.1378322060171379,0.8243158782601042,0.2481230994188697,3.382087207906507,0.6360317999655963,0,,,,9.0,-,2077789836466713856,-0.2225418439040822,0.0193384044043796,[20458],-1,6,2,1,TSS 193358.52+423718.82
1182,1,-,55,3,1,53,7.445865216381648,182.73709508812289,0.1232211865266882,0.1305073188081459,7,183,1070,1714,6.620542202093326,182.7865141690959,7.445865216381648,182.73709508812289,294.3886891183871,43.11298495553197,0.0007283319320823,0.0007410295010181,76.26326596200869,10.473674464215136,1877,1878,1877,2,59810.589642801504,59810.59658714968,59810.589642801504,0.0069443481770576,30.637304,-3.7156262,1,4.357927569655693,18.631413,10.8907585,1,13.810022604411635,0.9417204611835122,0.8602526172055203,0,0.0,0.6166675807330306,0.6776777202534352,2.392467334772797,0.6610827445983887,0,,,,0.0,-,2078166350479200512,-0.4564951468901199,-0.1886787095936597,[],-1,2,2,1,TSS 193733.29+430646.75
1014,2,-,55,3,1,54,93.99823083498735,121.75520028505198,0.1099998017619145,0.1109087592816216,94,122,1413,1653,93.8484355245572,121.70077394427798,93.99823083498735,121.75520028505198,296.9520251074893,43.89680873060557,0.0006442652520773,0.0006436550238459,77.85746860956773,9.20738077252931,1998,2003,1999,6,59811.42990796627,59811.46462964057,59811.43685230117,0.0347216743030003,127.83055,-5.2665863,1,10.698111023432306,42.683422,17.14237,1,45.032305491310986,0.978946574102282,0.2821037713378558,0,0.0236761174696048,0.9405675420933935,0.2464407892213023,3.16353838187104,0.7390024797690388,0,,,,8.0,-,2078811420211428736,-0.1606930803116029,-0.082311323426893,[22846],-1,6,2,1,TSS 194748.49+435348.51
1195,1,-,55,3,1,55,197.88888536722996,22.916310474050416,0.1099461522029788,0.1108088657383572,198,23,1773,1554,197.7060024573976,22.82246152828492,197.88888536722996,22.916310474050416,299.8828999450803,44.48959026474629,0.0006463223163767,0.0006458043594209,79.43638668052363,7.681712135436409,1607,1616,1608,10,59807.79800120148,59807.8605007621,59807.80494559716,0.0624995606194715,205.56583,-5.7823772,1,13.497931125036253,72.43750762939453,15.330482482910156,1,51.3094805114176,0.9958251002925652,0.1316334991237618,0,0.0,0.8524415866523534,0.2724591354791889,2.9722649695681285,0.5143046587316323,0,,,,0.0,-,2076119815748421248,-0.0938384820608462,-0.0710669038464857,[25836],-1,8,1,1,TSS 195931.90+442922.52T59807
1223,1,-,55,3,1,55,217.6992732642116,181.28303894341508,0.1104656029266403,0.1117242303543638,218,181,1793,1712,217.64596453609585,181.1972935465868,217.6992732642116,181.28303894341508,299.35983382208894,45.34739852736317,0.0006507388477465,0.0006524878629217,79.99159370948897,8.437239513957834,1728,1730,1728,3,59808.63827297188,59808.6521617588,59808.63827297188,0.0138887869252357,94.59057,-4.9396195,1,9.229440297533072,26.050029754638672,12.454383850097656,1,30.757268586038848,0.9702442256522892,0.2718211445870299,0,0.0,0.2722821277187275,0.2825921152553191,1.9674200288455292,1.2098538859806198,0,,,,9.0,-,2079232567524315008,0.1908105674992839,-0.4452174024220312,[25864],-1,3,1,1,TSS 195726.36+452050.63T59808
166,11,-,55,3,1,57,162.11111193749238,198.04548326114207,0.1100081684197328,0.1109241220941895,162,198,206,1980,162.1801751264121,197.98972112301453,162.11111193749238,198.04548326114207,287.83334726475715,41.46586184757406,0.0006171170508892,0.0006211394140701,72.59427835293098,14.129727922578986,2252,2258,2254,7,59813.19376811025,59813.23543408453,59813.20765676842,0.0416659742841147,70.13648,-4.6148596,1,7.676368781757489,25.106096,13.691024,1,44.34280092348825,0.9959092816904216,0.1417452474379423,1,0.0443277939379257,0.9438964330287212,0.2466192333967925,2.6937436554224394,0.2297894225467733,0,,,,0.0,-,2102349558973881600,-0.1199616141163062,0.0042441637733645,[8000],-1,7,15,1,TSS 191120.00+412757.10
342,31,-,55,3,1,57,249.631773520376,82.33096102138863,0.1121496684883838,0.1144527076612355,250,82,294,1864,249.8436474582261,82.43040402537424,249.631773520376,82.33096102138863,288.8875238804024,41.24579079041462,0.0006359535747996,0.0006393686975639,72.72194308635261,13.31783191333996,3706,3715,3707,10,59823.34636469012,59823.40886344724,59823.35330899708,0.0624987571209203,47.2729,-4.1865306,1,6.107544045812992,13.42395,6.2013736,1,21.872628410310792,0.9360085911145168,0.4329551528412647,0,0.1223804572079151,0.7453198721666483,0.1823470313022877,2.2467542965061056,1.002259240532155,0,,,,0.0,-,2102202018257966720,0.2210841595956481,0.0645807304563277,[10998],-1,10,31,1,TSS 191533.01+411444.85
605,1,-,55,3,1,57,152.6127058100685,136.40342014935808,0.1188289395840861,0.1243583921683451,153,136,197,1918,152.7775958519704,136.29663803359665,152.6127058100685,136.40342014935808,288.07266530132165,41.15890526497289,0.0006774125431018,0.0006859737835868,72.38063385666601,13.84066635446852,827,831,828,5,59802.35359168582,59802.38136930648,59802.36053609104,0.0277776206567068,28.102808,-3.621874,1,4.800622598857602,15.016438,9.196849,1,15.352238317205597,0.9437229820471316,0.3727621644858979,1,0.186716863663404,0.8961921728053225,0.4060267860362771,8.603568189659537,0.9794428785240116,0,,,,0.0,-,2102142885148864256,0.1364002334120471,-0.4459550720698644,[12174],-1,5,1,1,TSS 191217.44+410932.06T59802
996,1,-,55,3,1,58,49.08076283323816,185.9717393545549,0.1242368640858258,0.1319023270324615,49,186,344,1968,48.97553268223968,185.8439839236608,49.08076283323816,185.9717393545549,288.6909850416424,41.88374893995286,0.000717041364909,0.0007301143179541,73.25676107400102,13.71558902453672,1962,1966,1962,5,59811.17991186816,59811.20768921687,59811.17991186816,0.027777348710515,30.912424,-3.7253327,1,4.996202177392912,18.233633,9.700998,1,13.54099042489434,0.9626059269273786,0.2862627204365549,0,0.0454497140717119,0.823227028944985,0.3937270228400882,3.258219618020287,0.1669098521188374,0,,,,0.0,-,2102281522394841344,-0.1363780994092849,-0.0584814000803817,[15355],-1,5,1,1,TSS 191445.84+415301.50T59811
687,1,-,55,3,1,59,45.06759167792037,108.55074250682702,0.1190130771831259,0.1246205265823423,45,109,596,1891,44.87989945312519,108.81477048740037,45.06759167792037,108.55074250682702,290.56809464936623,42.38494249730271,0.0006904674714647,0.0006999646176065,74.32392210893278,12.662369467009713,742,743,743,2,59801.76331718934,59801.77026159573,59801.77026159573,0.0069444063919945,33.10704,-3.7998009,1,4.915317726366508,16.900136947631836,11.079773902893066,1,15.270222506736411,0.9129191748381876,0.45782394332236,0,0.0,0.4846007110249909,0.4346009553020017,3.12554707521829,0.0,0,,,,0.0,-,2101987407332670976,0.1175390966492386,-0.3912328910976157,[18154],-1,2,2,1,TSS 192216.34+422305.79
1005,1,-,55,3,1,59,133.80627643409375,104.25749275956636,0.1099474192677157,0.1108112585106243,134,104,685,1886,133.82481087324288,104.33004275293167,133.80627643409375,104.25749275956636,291.1349846731001,42.66269941941546,0.0006307958164228,0.0006325148520875,74.76483025152862,12.404579197349856,2188,2199,2189,12,59812.74933102263,59812.8257186512,59812.75627535265,0.0763876285709557,102.418564,-5.0259466,1,9.375076966163869,49.3655891418457,12.349322319030762,1,51.10471585401485,0.9979021136688568,0.0645392783562562,0,0.0343559718498166,0.674712648343443,0.2402509930393927,2.5762889809997223,0.404081528923413,0,,,,0.0,-,2101964832984877056,-0.1243484109178325,0.0297800070579796,[18889],-1,11,1,1,TSS 192432.40+423945.72T59812
1194,1,-,55,3,1,60,246.77780309530863,178.86631691978653,0.1178140321132102,0.1229055696693006,247,179,1054,1961,246.81592504820367,178.63081698431387,246.77780309530863,178.86631691978653,293.1441087211668,44.24131660489898,0.000692219802854,0.0007031898476305,76.87047415475297,11.788329085096116,3219,3224,3220,6,59819.93670579561,59819.971427383774,59819.943650113295,0.0347215881629381,45.90849,-4.1547327,1,6.182870438219065,21.36775,9.859407,1,15.844736496905323,0.9372085580626556,0.4522044721667114,0,0.0943828251673511,0.9324332878290236,0.3079397176141611,3.216251851820009,0.3970578849623274,0,,,,9.0,-,2126318740662690304,-0.1377735992246016,-0.1587490910428641,[13769],-1,5,1,1,TSS 193234.59+441428.74T59819
1160,1,-,55,3,1,61,152.24193677783876,190.75521883725776,0.1553534833413881,0.1719177115920392,152,191,1215,1973,152.210792103564,190.62221371330176,152.24193677783876,190.75521883725776,294.16479493634085,44.82848219043183,0.000935649748255,0.0009716891867325,77.74048102332733,11.403920009301189,2193,2196,2194,4,59812.78405267226,59812.80488566161,59812.79099700204,0.0208329893503105,20.049074,-3.255236,1,3.882169656984123,10.294545,7.268297,1,9.797865049117895,0.9408652048516352,0.9941821599983692,1,0.1741613897618923,0.8297815310609449,0.5142084692303273,2.128345903033209,1.270573653876187,0,,,,0.0,-,2078406387612223232,-0.3967135703965141,-0.2029658541100616,[],-1,4,1,1,TSS 193639.55+444942.54T59812
1413,1,-,55,3,1,62,89.0000120698555,19.83784828703368,0.1164905693913123,0.1209886962753467,89,20,1408,1802,89.07543800932058,19.99669452050001,89.0000120698555,19.83784828703368,296.2597555480862,44.61456731589936,0.0006886139516754,0.0006980408158653,78.25388866732678,9.987271118741756,2308,2311,2308,4,59813.58265051907,59813.60348350424,59813.58265051907,0.0208329851666349,29.734545,-3.6831534,1,4.9771439980966825,13.817184,9.751895,1,16.617635636180733,0.9774742674018192,0.3231802460977072,1,0.0549859333315468,0.8622801924505092,0.4083645186193162,3.0263505624033447,0.9135546384956328,0,,,,1.0,-,2079699172768819200,-0.0942236264354505,-0.1330762339098328,[20812],-1,4,1,1,TSS 194502.34+443652.44T59813
987,7,-,55,3,1,63,166.17977288059507,14.199648117376476,0.1101949910844883,0.1112581057448061,166,14,1741,1796,166.12409976352347,14.25825533874905,166.17977288059507,14.199648117376476,298.6284844223497,45.61519044384349,0.0006487882871241,0.0006503848739147,79.96557146235185,9.015158481355066,2986,3013,2992,28,59818.31867954916,59818.50617618024,59818.360345467794,0.1874966310861054,41.53699,-4.0460877,1,5.768682605805273,11.855455,7.572419,1,35.8262070475199,0.9853281365637367,0.2793688761208932,1,0.101295478208708,0.6660953247592825,0.376830900435659,2.520756847037955,0.8502297507768526,0,,,,9.0,-,2079436969301015168,0.1983983494462791,0.0409915845298201,[21308],-1,28,8,1,TSS 195430.84+453654.69
1373,1,-,55,3,1,63,174.38341748234478,245.1179939225133,0.119374106936047,0.1251332491520901,174,245,1749,2027,174.41455630540585,245.2552388299476,174.38341748234478,245.1179939225133,297.6630731744168,46.796620076374055,0.000710694779938,0.0007257911902592,80.67559910861326,10.177910489273351,3681,3685,3682,5,59823.17275697936,59823.200534217474,59823.179701288886,0.0277772381159593,48.120293,-4.205821,1,6.35391685680915,23.126966,11.956163,1,15.115143390877224,0.9385186153928604,0.4429102989501081,0,0.134213410863674,0.8932040187899835,0.2209837958033271,1.5061539044941477,0.5493491159482257,0,,,,4.0,-,2086310158228717696,-0.2937195447607337,0.5317269390843649,[21834],-1,5,1,1,TSS 195039.14+464747.83T59823
954,4,-,55,3,1,64,187.0000164979033,251.97735918650744,0.1111328099014125,0.1128302336540169,187,252,2013,2034,187.0295880473309,251.8522476128148,187.0000164979033,251.97735918650744,299.585417302972,47.63215327943952,0.0006565651377982,0.0006614082475077,82.06779602848219,9.45605125525463,3212,3225,3213,14,59819.8880955721,59819.97837170145,59819.89503988978,0.0902761293473304,70.57183,-4.621578,1,7.628125160690763,22.833075,7.758364,1,25.425249513059654,0.9793130082904906,0.3234114104492934,0,0.0028514650372282,0.7363073382429445,0.2769761528968695,1.581292820465238,0.8038151402933378,0,,,,12.0,-,2085657701157920640,0.0443934100455862,0.1063157933854199,[24185],-1,12,4,1,TSS 195820.50+473755.75
1169,1,VCR,55,3,1,64,251.8888887776697,147.35855656702012,0.1212918325972468,0.1278313353108681,252,147,2078,1929,251.4493178261871,147.90543343643492,251.8888887776697,147.35855656702012,300.53048014497165,47.29094404050944,0.0007233930634449,0.0007428244689586,82.09935469029331,8.732387045799515,1146,1148,1146,3,59804.5966337916,59804.6105225925,59804.5966337916,0.0138888008950743,32.200466,-3.7696555,1,5.121353612061202,13.263725,8.396134,1,14.397197770123537,0.9730784298214528,0.4721299396048076,1,0.1549431951156878,0.782233783837967,0.4317056746883755,2.788632647736769,1.0398576237483113,0,,,,0.0,-,2085813178975732224,-0.2020119118483307,0.2517348715343814,[24773],-1,3,1,1,TSS 200207.32+471727.40T59804
285,287,-,55,3,2,2,217.49995625109565,107.47740000000012,0.1114463275609243,0.1133367958452375,217,107,512,107,217.6256819211931,109.20015488478604,217.49995625109565,107.47740000000012,311.08051817643195,39.39960464810419,0.0006263716121462,0.0006260871713644,79.98513677780326,-2.05072862910948,2958,2962,2962,5,59818.124405321614,59818.15218318348,59818.15218318348,0.0277778618692536,65.92563,-4.5476356,1,3.671366052723165,21.48233,4.474414,1,24.03085862585853,0.9054104547638262,0.7206032010315454,0,0.0,0.1243949479904937,0.4903449528966234,3.1531593267841136,0.4082315245085438,0,,,,13.0,-,2063688943438189312,-0.1968510396052352,-0.4168886019087239,[14765],-1,3,316,1,TSS 204419.32+392358.58
609,1,-,55,3,2,2,172.11435830001125,200.9774018222766,0.1102171942941376,0.111296969236688,172,201,467,201,171.95271894271977,200.9114395251901,172.11435830001125,200.9774018222766,310.52333539545174,39.77338004162521,0.0006218958489895,0.000619189017234,80.01402944018525,-1.4821723848550863,486,501,487,16,59799.985328464405,59800.08949684916,59799.992273023534,0.1041683847506647,43.6765,-4.1006193,1,5.763096085192147,16.547148,6.8253136,1,35.236561258696035,0.869179682035738,0.4138962693429407,1,0.1151772275513044,0.8745341003030926,0.4799137189419501,3.2514998125629853,0.4363244980889944,0,,,,0.0,-,2063761442487344640,0.1636309457788343,0.0134350666237708,[18968],-1,13,2,1,TSS 204205.60+394624.17
1043,1,-,55,3,2,2,120.666665724721,259.08850385567223,0.1744530639597327,0.1950202295245346,121,259,416,259,120.65324162237243,259.1600019769968,120.666665724721,259.08850385567223,310.0130164012235,39.9528115849421,0.0010036974325232,0.0010720473206352,79.9157860583435,-1.0626674250307635,2365,2368,2365,4,59813.97855540012,59813.999388837205,59813.97855540012,0.0208334370836382,37.3767,-3.9315023,1,5.608300463818014,12.858377,8.426979,1,8.80854483354232,0.975993540173804,0.3855346342817358,0,0.1492104109662303,0.8406036174251936,0.448739242785837,2.2921054309752686,0.1953621576727156,0,,,,0.0,-,2064506086729680512,-0.1344429305685821,-0.2692264001285593,[20032],-1,4,1,1,TSS 204003.12+395710.12T59813
1045,1,-,55,3,2,2,242.7777714091414,122.0885489056931,0.1130149717027304,0.1157963877410136,243,122,538,122,242.69840322578253,122.22106087340148,242.7777714091414,122.0885489056931,311.21356611830186,39.52988921334085,0.0006357144492799,0.00063959549208,80.15114776431489,-2.0504373265238787,2406,2414,2411,9,59814.26327902264,59814.31883484696,59814.29800141289,0.0555558243213454,32.557198,-3.7816176,1,4.956872868509105,14.135993,9.494577,1,20.14251250016148,0.9697606529632532,0.3662976848525998,1,0.2260452888133843,0.8425567875246674,0.3068051206805403,3.043826560506451,0.8642840685693952,0,,,,0.0,-,2063684300572928512,0.1187108097038844,-0.1143310616591009,[20033],-1,9,2,1,TSS 204451.26+393147.60
1078,1,-,55,3,2,2,11.937884824751418,13.253258898200578,0.1421588975275979,0.1554375759143602,12,13,307,13,11.57163221824139,13.11191952135476,11.937884824751418,13.253258898200578,309.9516986325809,38.46202929314954,0.000809396375824,0.0008424306118677,78.70508864206178,-1.9344079242417127,3417,3419,3417,3,59821.31191300852,59821.32580192351,59821.31191300852,0.0138889149893657,26.815348,-3.5709586,1,4.056238289717945,11.581025,9.075385,1,10.825385059567177,0.8546737733399723,0.5657137118827008,1,0.0236671338584124,0.3425018107151801,0.2560634981081079,3.223142344960366,0.0696917720930341,0,,,,1.0,-,2063524944402430592,-0.0203964807059264,-0.2609242991281171,[20068],-1,3,1,1,TSS 203948.41+382743.31T59821
451,1,-,55,3,2,3,47.77777779578966,98.59534119660582,0.1197824823688394,0.1257113019759154,48,99,599,99,47.81389589336207,98.60782076642649,47.77777779578966,98.59534119660582,311.6880642548231,39.54489838465476,0.0006740083152318,0.0006908922721884,80.39112803359949,-2.32725624297584,53,56,54,4,59796.97833223729,59796.99916595424,59796.98527680968,0.0208337169460719,27.078342,-3.5815551,1,4.518825408446944,14.931322,9.023035,1,14.948200153614394,0.9656470271966868,0.3127352012752391,1,0.1337872937642506,0.8475166726081784,0.372644803045097,3.696915312766496,0.1189708426194774,0,,,,1.0,-,2064995850448739328,0.1090273514070077,-0.0531477595739886,[21920],-1,4,1,1,TSS 204645.14+393241.63T59796
556,2,-,55,3,2,3,59.46039169606459,250.97738728330492,0.1310055202137008,0.1410006402595478,59,251,610,251,59.49645185795669,251.49483116458825,59.46039169606459,250.97738728330492,311.3715437793032,40.34933201962179,0.0007440209491515,0.000779680695908,80.86851162530891,-1.6356113328990889,224,232,225,9,59798.16585329271,59798.22140980761,59798.17279785719,0.0555565148970345,27.43859,-3.5959044,1,4.261650236824481,11.968475,5.8934097,1,12.191198532883018,0.8986138042317698,0.5918540601771334,1,0.2582482026813388,0.6906641096796934,0.4969937931413619,2.581460100104443,0.7055108331750721,0,,,,0.0,-,2065268666768324864,0.097210765480554,-0.1018075370755582,[23362],-1,7,3,1,TSS 204529.17+402057.60
556,3,-,55,3,2,3,59.5059744972846,250.97742327369767,0.1103238605150562,0.1114819617403226,60,251,611,251,59.47791363658335,251.0380035153259,59.5059744972846,250.97742327369767,311.3718576352474,40.34943287555805,0.0006211255185601,0.0006221347194151,80.86873959856499,-1.6357356539373726,648,655,649,8,59801.11034678668,59801.15895867772,59801.11729134254,0.0486118910412187,113.0664,-5.1333337,1,10.051297318305265,42.522144,14.273958,1,32.93987303693439,0.9923724188533142,0.1264430419460585,0,0.0433502730051639,0.9120825576236412,0.2834905145686137,2.3580829026794365,0.3748960406179364,0,,,,0.0,-,2065268666768324864,0.0516279642570225,-0.1018435274881426,[23363],-1,7,3,1,TSS 204529.25+402057.96
984,1,-,55,3,2,3,89.02753798611373,41.49642249991716,0.1158863885731788,0.1201041588457949,89,41,640,41,89.07143810326929,41.44149917762512,89.02753798611373,41.49642249991716,312.1117811201553,39.34466574116366,0.0006485623150419,0.0006586980302597,80.44045518197464,-2.707690817442528,1102,1106,1103,5,59804.29095129176,59804.318729478415,59804.297895838536,0.0277781866607256,41.829662,-4.053711,1,5.710045028402562,19.038176,9.395812,1,17.03676087240816,0.9627417000075796,0.2864124250832583,0,0.0360303766046722,0.8621697107383768,0.4531705394758044,2.341751587684231,0.663937514828802,0,,,,4.0,-,2064934861911832832,0.1086035552006023,-0.0512491453570262,[24761],-1,5,1,1,TSS 204826.83+392040.80T59804
985,1,-,55,3,2,3,209.1932049095188,241.877646605683,0.1103948215473249,0.1116036958633237,209,242,760,242,208.96572121460696,241.8587589178432,209.1932049095188,241.877646605683,312.42883301409154,40.62851334836874,0.0006182501299706,0.0006222284424032,81.59091916482019,-2.086377903394172,1115,1118,1116,4,59804.3812303976,59804.40206403702,59804.38817494415,0.0208336394207435,85.09526,-4.8247633,1,8.243869639443988,28.417076,13.874483,1,31.75534376327868,0.9920830048222188,0.1270946467273731,0,0.0,0.8793773167351799,0.3526903403834155,2.73696468829178,0.3802885721565725,0,,,,4.0,-,2065334981061209216,0.0605132801387071,-0.1200378909591393,[24762],-1,4,1,1,TSS 204942.92+403742.65T59804
994,2,-,55,3,2,4,98.1111438415406,29.47740000000006,0.111099031259879,0.1127752431551744,98,29,905,29,98.0960326618846,29.69959508469981,98.1111438415406,29.47740000000006,313.9382455124327,39.84300667533086,0.0006137192848258,0.000619342015169,81.72333544599003,-3.474602997918626,2392,2403,2398,12,59814.1660563267,59814.242445588105,59814.20772319692,0.0763892614049837,69.250885,-4.6010633,1,7.469275490641642,28.324499130249023,8.780141830444336,1,25.601002460293746,0.9850854427127294,0.1790963338278978,0,0.0978861952513332,0.8930974105355924,0.3152062731825535,2.7611272424219826,0.2466121524743007,0,,,,0.0,-,1872911031646259584,0.1058316640113616,-0.0850259702315057,[19577],-1,10,2,1,TSS 205545.18+395034.82
1173,2,-,55,3,2,4,76.76945209354172,224.07403770761863,0.1135712568024451,0.1166469645471856,77,224,884,224,76.51873842035583,224.5922216441786,76.76945209354172,224.07403770761863,313.3291096642689,40.798295710104405,0.0006337837025438,0.0006478454007788,82.15670227984,-2.5045715031439557,2282,2283,2282,2,59813.40216355056,59813.40910803169,59813.40216355056,0.0069444811233552,42.482346,-4.0705214,1,5.553620100701435,18.290563583374023,13.125627517700195,1,19.31687887917035,0.9721653997935188,0.2517563867383434,1,0.0,0.6689692321630474,0.2182565665436311,3.534482918484465,0.382445869875567,0,,,,0.0,-,2065536462269307392,0.0830604571469848,-0.1078487657390212,[20081],-1,2,2,1,TSS 205318.99+404753.86
1058,1,-,55,3,2,6,112.37853256461888,29.187604349552828,0.1098879991492494,0.1106960078173638,112,29,1431,29,112.2654754600704,29.32550070279286,112.37853256461888,29.187604349552828,317.53005244914823,40.86805488094775,0.0005903027071854,0.0006045972684178,84.31036493623469,-4.847062330474701,1999,2009,2000,11,59811.43687427508,59811.50631917783,59811.44381876552,0.069444902750547,173.5909,-5.5988173,1,12.28824234860259,56.87739,20.574623,1,71.48807186507864,0.9966835152082016,0.0822964807882639,0,0.03610036764452,0.8801727386113624,0.1848738563394002,2.7857411472649423,0.3278200220685272,0,,,,0.0,-,1968569780206760064,0.035975589341433,-0.1348574794286818,[19116],-1,11,1,1,TSS 211007.21+405205.00T59811
1060,1,-,55,3,2,6,195.6666666664836,29.13860616537402,0.1116789417447906,0.1137086887344913,196,29,1515,29,195.7562528356689,29.11084290166828,195.6666666664836,29.13860616537402,318.0990110690188,41.01963209787257,0.0005972000118027,0.0006193481070045,84.71557949109928,-5.058479278324823,2020,2024,2021,5,59811.58270856427,59811.61048652136,59811.58965305377,0.0277779570969869,73.816956,-4.67039,1,7.734913752224607,20.155182,9.980823,1,23.20276727416976,0.958971202735287,0.3134090178891898,0,0.0794605830195427,0.8975776711188731,0.213537878106803,2.835356994771843,0.7123135902241543,0,,,,9.0,-,1968551157228146944,0.2274675731371189,-0.0606744071287721,[19117],-1,5,2,1,TSS 211223.76+410110.68
1311,1,-,55,3,2,7,159.98441884433024,70.75517777768209,0.1165959542148302,0.1211423436658389,160,71,1735,71,159.80516865696526,70.83323477648624,159.98441884433024,70.75517777768209,319.5302666993527,41.621961801653,0.000615944981873,0.0006572554282006,85.89834792099128,-5.420275333081593,2089,2101,2091,13,59812.06187822359,59812.14521205833,59812.07576719632,0.0833338347365497,49.09775,-4.227654,1,6.062861789963814,20.009684,7.3890147,1,16.549361170999045,0.9771292832920648,0.5318573609521311,0,0.0111463989432246,0.8136344265854729,0.3639225138961657,2.673925275027438,0.420977815216676,0,,,,0.0,-,1968852457775202560,0.0622084679559975,-0.1651358041435884,[20744],-1,12,1,1,TSS 211807.26+413719.06T59812
1485,1,-,55,3,2,8,120.6038115776368,227.07341563739587,0.1207301778308377,0.1270453432123228,121,227,1947,227,120.4385851088847,227.12784804926497,120.6038115776368,227.07341563739587,320.7264069734208,42.78633079939266,0.0006325428678341,0.0006915950868254,87.3556206063152,-5.232158797988841,2831,2837,2834,7,59817.242458023626,59817.28412483308,59817.26329142835,0.0416668094549095,33.908413,-3.8257685,1,5.1227902035877415,13.530123,6.392409,1,14.59124098595431,0.9806112337307786,0.2877560959032672,1,0.1180938357562842,0.7688728269174442,0.4543086861862351,3.691308895393614,0.6183865157266543,0,,,,0.0,-,1970432524698386304,0.1231210705818739,-0.066389414771379,[21078],-1,7,1,1,TSS 212254.34+424710.79T59817
1056,1,-,55,3,2,9,232.28348754013248,70.75518325333178,0.1138170114815001,0.1170199090818817,232,71,276,322,231.84492295354912,70.74717517104715,232.28348754013248,70.75518325333178,308.883017450137,39.94901504561813,0.0006498706526479,0.0006531773884332,79.38830003016174,-0.375498240300076,2430,2435,2431,6,59814.429946490935,59814.4646688784,59814.43689096857,0.0347223874632618,34.774178,-3.8531423,1,5.301475146400975,11.842225,7.2572923,1,18.99979276617989,0.9270016093646832,0.4568652264855098,1,0.0667206117550205,0.8639700319048774,0.2489814952237935,3.247504912483566,0.2869398362091387,0,,,,9.0,-,2064635313705935104,0.0454030730321619,-0.1987899443943774,[18558],-1,6,1,1,TSS 203531.92+395656.45T59814
447,1,-,55,3,2,10,12.888883687443988,252.8611840657545,0.110738005581527,0.1121814578041149,13,253,308,504,12.789990468749206,252.8193252785736,12.888883687443988,252.8611840657545,308.5639245684306,40.95554294071856,0.0006342121858567,0.0006340209027046,80.04896628446586,0.4217336662310268,251,256,251,6,59798.35335652477,59798.38807934367,59798.35335652477,0.0347228188984445,90.192764,-4.8879294,1,8.797111687064598,39.679783,15.089875,1,27.96236686422602,0.9912184539799,0.1586213458851071,0,0.0671958583096683,0.8097527116735594,0.3484401855085497,2.243937457610404,0.3544164357770887,0,,,,0.0,-,2067761637577789312,-0.0063212655314828,-0.1836704531949635,[13999],-1,6,1,1,TSS 203415.34+405719.95T59798
690,5,-,55,3,2,10,120.66666666655648,8.088500342403583,0.1584689866171296,0.175738504608395,121,8,416,259,120.63625034507676,8.23756733134721,120.66666666655648,8.088500342403583,310.01303896472604,39.95285907459782,0.000910497145653,0.0009671335414019,79.91583423925859,-1.0626521333040182,2365,2368,2365,4,59813.97855540012,59813.999388837205,59813.97855540012,0.0208334370836382,34.569035,-3.846718,1,5.4137258667677886,11.6795225,7.586931,1,9.60631605539076,0.9755040725771148,0.5663600944008935,0,0.1782113964108857,0.8488023679617679,0.4670424264581119,2.062702453283434,0.3028220809941628,0,,,,0.0,-,2064506086729680512,-0.1404324251437287,-0.2758494322472984,[14592],-1,4,5,1,TSS 204003.13+395710.29
344,1,-,55,3,2,11,226.66666666749015,44.92074198409264,0.1182820397032521,0.1235772439021564,227,45,778,296,226.40721345875903,45.05077032631934,226.66666666749015,44.92074198409264,312.4125419230292,40.94495695881473,0.0006660929671766,0.000687919843545,81.82837778736067,-1.8766886464588184,38,49,39,12,59796.8741636402,59796.95055394678,59796.88110821399,0.076390306581743,30.442633,-3.7087057,1,5.029042005809245,14.493038,4.931589,1,15.608570463812264,0.9778638626599736,0.2424467688085328,1,0.0364937353863906,0.4395446860665514,0.3491575702425331,3.718226528881569,0.1714931725644896,0,,,,0.0,-,2065376414608316544,0.0584250661451051,-0.1363096050437207,[17122],-1,8,1,1,TSS 204939.01+405641.85T59796
1119,1,-,55,3,2,11,110.22220818396322,222.08850083539053,0.1250617367823587,0.133028876470958,110,222,661,473,110.12323357684348,222.30742466015556,110.22220818396322,222.08850083539053,311.1267189104396,41.60978366980309,0.0007137029164956,0.0007457440741104,81.74085712143676,-0.7070406017316138,3283,3286,3284,4,59820.38135557758,59820.40218895553,59820.388300036815,0.0208333779519307,26.467424,-3.5567794,1,4.349614432224363,10.425952,7.5986595,1,13.338960796129095,0.9729250198455528,0.4440896360449413,1,0.0950713050113672,0.8565782690244894,0.3557258716286858,3.481421150979813,1.3234746743841808,0,,,,0.0,-,2066242559188961280,0.157614410764495,0.0562006529597738,[20262],-1,4,1,1,TSS 204430.41+413635.22T59820
520,1,-,55,3,2,12,109.47030291550612,245.73477404211167,0.1105284756857631,0.1118306363975161,109,246,916,497,109.41160053892776,245.77833062917293,109.47030291550612,245.73477404211167,312.87430602680706,42.286964804501466,0.0006211767254954,0.0006313698476374,83.08498179590082,-1.2916152763907351,460,465,462,6,59799.804769915805,59799.839492718405,59799.81865903987,0.0347228026002994,68.96183,-4.596522,1,7.685826710006979,19.607322692871094,9.104613304138184,1,29.987204084357288,0.9725437223508526,0.2023159788797791,1,0.0569506478113396,0.9099989239671804,0.3324439346126706,3.3328665673950444,0.5424588478108315,0,,,,12.0,-,2065877246450107520,0.5953923754777861,-0.5606016015075284,[15414],-1,6,1,1,TSS 205129.83+421713.07T59799
556,1,-,55,3,2,12,114.34029735604857,53.477400000000095,0.1268407272279759,0.135440387975873,114,53,921,304,114.58285916672789,53.45834882382736,114.34029735604857,53.477400000000095,313.3937971402969,41.29332270938714,0.0007122624194628,0.0007518013535725,82.56825121772422,-2.224664526649412,720,723,721,4,59801.61035476227,59801.63118842567,59801.61729931697,0.0208336634022998,28.516912,-3.637756,1,3.4489164749488466,12.570822715759276,7.468133926391602,1,12.945226035375391,0.9514295113345184,0.3571692206586783,1,0.089359668540494,0.8766730296958457,0.4468049066073553,3.00691697626665,0.0476975515484809,0,,,,0.0,-,2065587761359567488,0.1207018725891657,-0.0737957757471008,[15550],-1,4,2,1,TSS 205334.51+411735.96
439,63,-,55,3,2,13,104.55552259947228,259.6440666669953,0.1147855964197819,0.1184750502960551,105,260,1168,511,104.1089876500988,259.90320361297466,104.55552259947228,259.6440666669953,314.6373505274489,42.87615360980213,0.0006396440791051,0.0006659508160197,84.37319364001482,-1.903215320977164,77,90,81,14,59797.145001951,59797.23528136139,59797.17278023243,0.0902794103894848,54.810993,-4.347169,1,6.701499373337794,20.8137264251709,8.926786422729492,1,17.95334610548622,0.9718678027778064,0.3040308408076201,0,0.0440727704929235,0.7643813948462956,0.3109486279516371,3.316632821171952,0.2024638702124897,0,,,,8.0,-,2161831591853034624,0.0030774472245411,-0.1542099785530126,[35163],-1,13,124,1,TSS 205832.96+425234.15
439,64,-,55,3,2,13,104.50000000270089,259.6440316109879,0.1278096345840157,0.1367440866678216,105,260,1168,511,103.96686913080808,259.6375737417958,104.50000000270089,259.6440316109879,314.6369515663053,42.87604264736691,0.0007150478549167,0.0007654837369672,84.37291844989902,-1.903066504098823,101,106,101,6,59797.3116716235,59797.346394467546,59797.3116716235,0.034722844044154,38.50269,-3.9637277,1,4.984023345975131,14.719014167785645,8.054587364196777,1,12.751228859888394,0.958619327559461,0.2964117319934974,0,0.221906290362021,0.7401771983932093,0.3982205460738572,4.67572199744947,0.4913293558641436,0,,,,8.0,-,2161831591853034624,0.058600043972774,-0.1541749225029889,[35164],-1,6,124,1,TSS 205832.87+425233.75
1288,28,-,55,3,2,13,201.5000000023279,122.67422344177793,0.1098669973051648,0.1106514843234908,202,123,1265,374,201.21925653014787,122.83337288608227,201.5000000023279,122.67422344177793,315.6484227854036,42.34552279774426,0.0006045963298057,0.0006187781512382,84.46328445284401,-2.812697279303717,1257,1265,1257,9,59805.36735581145,59805.422912161965,59805.36735581145,0.0555563505113241,594.33234,-6.935073,1,23.76418514907489,182.7673492431641,43.35813522338867,1,183.26746056798544,0.999368043199677,0.0431193944436385,0,0.0169595739305324,0.8461465900725273,0.1711796191362573,2.793019700603032,0.0414489618470192,0,,,,0.0,-,1969616893235237376,0.1130475774407386,-0.1397474962128058,[60132],-1,9,36,1,TSS 210235.62+422043.88
1288,33,-,55,3,2,13,201.5000000027009,122.4218777025379,0.123338304961068,0.1306686381195481,202,122,1265,373,201.158727241506,122.81837708082898,201.5000000027009,122.4218777025379,315.64899062116206,42.34419770316262,0.0006820636816813,0.0007265362926436,84.46256901069744,-2.813889500189273,2898,2901,2899,4,59817.7077373505,59817.72857075104,59817.71468181742,0.0208334005365031,46.77282,-4.174984,1,6.472330958691565,15.192183494567873,8.295035362243652,1,13.777751455787968,0.9564580161462104,0.3413860056162648,0,0.2575350373165329,0.8924690912430532,0.3740506769337928,2.7236772006933245,0.4464676976203918,0,,,,0.0,-,1969616893235237376,0.1130475780344113,0.1125982408726145,[60135],-1,4,36,1,TSS 210235.76+422039.11
1288,36,-,55,3,2,13,201.5000000027009,122.74170660797353,0.1177471650907841,0.1228093525539234,202,123,1265,374,201.20444969441212,123.13269457876528,201.5000000027009,122.74170660797353,315.64827092649585,42.34587716212035,0.0006501341122675,0.0006840203991517,84.46347578011321,-2.812378447849939,3385,3391,3385,7,59821.08969036106,59821.13135710858,59821.08969036106,0.0416667475146823,48.681213,-4.2184033,1,6.127269522495504,15.41335105895996,4.8196306228637695,1,15.879873186751476,0.9603549844464764,0.2673197273663058,0,0.0,0.6671370385554303,0.4138251307285791,2.866626453117817,0.2676647769857185,0,,,,0.0,-,1969616893235237376,0.113047576815461,-0.20723066183848,[60138],-1,5,36,1,TSS 210235.59+422045.16
722,1,-,55,3,2,14,220.8375224148772,232.94438993937868,0.1169464501362253,0.121652051830439,221,233,1540,484,220.93549402602247,232.95936504264185,220.8375224148772,232.94438993937868,317.37482633270315,43.443338497734295,0.0006377306976172,0.0006783892253213,86.12791671116653,-3.014677125468085,341,344,341,4,59798.97836718274,59798.999200868486,59798.97836718274,0.0208336857467656,40.535717,-4.0195947,1,5.593703984364679,18.89821434020996,10.238691329956056,1,16.33143571064046,0.9553548674837078,0.4803657972942028,0,0.0729209771874678,0.8739272641697302,0.1974103816417336,2.8678940922127207,0.5216124832148276,0,,,,0.0,-,1970102877377431296,0.1353704837813438,-0.0716602018254093,[22996],-1,4,1,1,TSS 210929.96+432636.02T59798
823,2,-,55,3,2,14,79.87503661087949,22.592120237105014,0.1273899202262232,0.1361801502947277,80,23,1399,274,79.74971416792322,23.001484648899268,79.87503661087949,22.592120237105014,316.81382285574523,42.07646609077562,0.0006966059314349,0.0007509924138828,84.83994563161322,-3.6349128252356886,2331,2335,2332,5,59813.74244309798,59813.77022101736,59813.74938757794,0.0277779193784226,28.312185,-3.6299336,1,4.442664231313592,13.084376335144045,8.035623550415039,1,12.833672048656693,0.8996958490221838,0.4190003510182135,1,0.2301690808675235,0.810995097021154,0.3426847280974182,2.7326216405426664,1.2047117900456048,0,,,,8.0,-,1969443582712212224,0.1395445227042273,-0.1753420639874434,[23503],-1,5,3,1,TSS 210715.32+420435.28
880,1,-,55,3,2,14,259.01234129485545,41.97745523923518,0.1203154890210254,0.1264628394970942,259,42,1578,293,259.0078145354451,42.24444245128223,259.01234129485545,41.97745523923518,318.03337170591794,42.505149130013336,0.000649865395386,0.0006971419734889,85.76905651582437,-4.006668271069032,784,787,785,4,59802.0548062083,59802.07563986797,59802.0617507616,0.0208336596697336,37.65943,-3.9396844,1,5.227761274959522,14.0027494430542,9.8368501663208,1,14.742554856093212,0.974984878427438,0.2115859112226651,1,0.0744355486408631,0.923259241562368,0.2602389845143044,2.6187902486132604,0.6695821762253369,0,,,,12.0,-,1969815561242176896,0.113066768028375,-0.0699822045824589,[23766],-1,4,2,1,TSS 211208.01+423018.54
1026,1,-,55,3,2,14,212.1143295062797,211.6440662849986,0.141942370826394,0.1551623971012924,212,212,1531,463,212.1542320654114,211.9138590927973,212.1143295062797,211.6440662849986,317.3568194633723,43.31474780100157,0.00077722521337,0.0008605237953928,86.02444417882653,-3.092334552921992,898,899,898,2,59802.8464851404,59802.85342969114,59802.8464851404,0.0069445507397176,31.99377,-3.7626636,1,4.735930435884556,10.20235538482666,8.133859634399414,1,10.84621502597752,0.9399058869293998,0.4830322609340084,1,0.3093701883962155,0.8330921211582222,0.2801353258689053,3.1941222871875445,1.474196236715366,0,,,,0.0,-,1970097792136001920,0.0371012307655291,-0.1867976818829788,[23982],-1,2,1,1,TSS 210925.64+431853.09T59802
1301,1,VCR,55,3,2,14,50.33333333329793,27.75519938634749,0.1110980022847851,0.112773566648748,50,28,1369,279,50.05050543505215,28.025606707155998,50.33333333329793,27.75519938634749,316.5955183264128,42.04810609762667,0.0006059458380977,0.0006258045235654,84.70978694861485,-3.533933292953579,3079,3083,3080,5,59818.964685499785,59818.99246335188,59818.97162996275,0.0277778520903666,49.823856,-4.243593,1,6.140265179885689,20.673608779907227,12.184879302978516,1,25.606450475641036,0.9896438807196188,0.1595218303250936,1,0.139768226418069,0.9179848175680456,0.2533878629281368,3.111349239856429,0.4688497566559032,0,,,,4.0,-,1969630048705969664,-0.259796677218219,-0.1539729990967089,[24733],-1,5,1,1,TSS 210622.92+420253.18T59818
1306,1,-,55,3,2,14,116.1109470154514,216.8406194250464,0.1331916606893705,0.1438775875287374,116,217,1435,468,115.89035158129798,216.8148652705508,116.1109470154514,216.8406194250464,316.6571848121853,43.16584535965579,0.0007332506642224,0.0008002559183022,85.56983022326769,-2.816991283780028,3165,3168,3166,4,59819.5619092514,59819.58274263539,59819.56885371273,0.0208333839982515,35.231567,-3.86733,1,4.911094079004364,11.020901679992676,7.013944149017334,1,11.863794701422966,0.9501398283820072,0.4830835178252289,0,0.2178161896909143,0.8873553721281802,0.3103730268852606,2.5697932824122183,0.8785067496057003,0,,,,8.0,-,1969743921188723072,-0.1545494953338675,-0.2566734531746419,[24737],-1,4,1,1,TSS 210637.72+430957.04T59819
723,1,-,55,3,2,15,180.86364021985796,252.153681554444,0.118411502829612,0.123762516358173,181,252,1756,503,180.4191980239005,252.8366333110252,180.86364021985796,252.153681554444,318.8895483293689,43.92464340475578,0.0006368572657083,0.0006872709188542,87.23119062290566,-3.4817617220739137,285,292,285,8,59798.58947168233,59798.63808362343,59798.58947168233,0.0486119410998071,65.49332,-4.5404925,1,6.623896764745863,26.52922248840332,10.837923049926758,1,15.546078747845794,0.9673378262896652,0.4152896608454464,0,0.025833980239238,0.8626115880037224,0.3195227388041923,3.128106759143559,0.0,0,,,,4.0,-,1970024601581359744,0.0404870791790017,-0.226970292003557,[26569],-1,7,2,1,TSS 211533.49+435528.72
946,2,-,55,3,2,17,24.075736476942737,117.75517777773425,0.1113994337964487,0.1132614389489055,24,118,68,625,23.972634459466324,117.67539914206894,24.075736476942737,117.75517777773425,306.5247331985265,40.99057292287959,0.0006434870363217,0.0006422523291377,79.17169765363226,1.68753769408544,2472,2481,2476,10,59814.721614528455,59814.7841148169,59814.74939243456,0.0625002884480636,39.296207,-3.9858766,1,5.437686615722062,13.463022,8.2750635,1,24.21631833392857,0.9756629945348856,0.2662730086553362,1,0.0989184372427619,0.9345227455651368,0.30211132099253,3.259394974768889,0.7372585539928399,0,,,,0.0,-,2067656393704845696,0.0807275809033569,-0.136617864474033,[26898],-1,10,2,1,TSS 202605.94+405926.06
976,1,-,55,3,2,17,25.666666672808336,114.82929420627194,0.1207938233251233,0.1271345784828993,26,115,70,622,25.32140249227169,114.85988302760488,25.666666672808336,114.82929420627194,306.5451558781052,40.97959393710419,0.0007022334659736,0.0007163003037424,79.17166902777537,1.6686112227610927,728,730,728,3,59801.66591119777,59801.67980030624,59801.66591119777,0.0138891084643546,33.033333,-3.797381,1,4.83803063963614,13.320699,8.974283,1,14.568643238059025,0.9193139380296816,0.450938336620343,1,0.1389627838962013,0.7642077144357479,0.3778348224500073,3.3141856585944427,0.3158736482578889,0,,,,0.0,-,2067609454002768000,-0.0679138033833766,-0.1320013150876775,[],-1,3,1,1,TSS 202610.84+405846.54T59801
1073,1,-,55,3,2,17,86.16956047876414,133.1995653782131,0.1189538791519304,0.1245363004238514,86,133,130,640,86.07600205039311,133.44472401941985,86.16956047876414,133.1995653782131,306.9058529514243,41.2241557722288,0.000690486763619,0.0007034023667903,79.52873569178001,1.5892897642290476,872,874,873,3,59802.66592681065,59802.679815913536,59802.6728713621,0.0138891028836951,43.70886,-4.1014237,1,5.7506661103525305,15.00253,10.157496,1,15.296367031111805,0.9258532540812202,0.4872824533208628,1,0.1563787450521963,0.9058279087439732,0.1376948098815016,3.235194404178793,1.0753927481510457,0,,,,13.0,-,2067642611149166464,0.9289135396556958,0.12177645097006,[27199],-1,3,1,1,TSS 202737.40+411326.96T59802
1155,1,-,55,3,2,17,114.5295653173717,95.19907499805366,0.126253007298264,0.1346463314918989,115,95,159,602,114.22557551542286,95.27158133491623,114.5295653173717,95.19907499805366,307.2235821321974,41.0993009611268,0.000734171700077,0.0007570054955009,79.56697691498226,1.322183692081809,1063,1073,1063,11,59804.020113954175,59804.08955942806,59804.020113954175,0.0694454738841159,38.756264,-3.9708548,1,5.626133145867076,14.416429,4.032749,1,13.069546819207698,0.9410073113211772,0.4001524146023747,0,0.0,0.1902827172108899,0.0922262300587685,2.342972718881949,1.1220273213083845,0,,,,9.0,-,2067997860782180224,-0.2940422912114968,0.159025428498694,[27343],-1,6,2,1,TSS 202853.66+410557.48
1155,2,-,55,3,2,17,114.55555547863838,95.19963963630022,0.1149516223774198,0.1187223267135914,115,95,159,602,114.38681186757076,95.13426351747806,114.55555547863838,95.19963963630022,307.22376086426885,41.09936775904581,0.0006644958336947,0.0006711872983842,79.5671099286223,1.3221135534700037,3093,3095,3094,3,59819.06190798058,59819.07579690605,59819.06885244332,0.0138889254667446,53.436962,-4.3196044,1,6.739858205855556,20.53409,11.598323,1,17.799657618872885,0.9725556373009484,0.3374459074752413,0,0.0,0.8858410773199803,0.466367980617964,3.0488489025089147,0.8986399576606575,0,,,,9.0,-,2067997860782180224,-0.3200324527911107,0.1584607902751713,[27344],-1,3,2,1,TSS 202853.70+410557.72
431,73,-,55,3,2,18,11.499999999999932,75.7551638783978,0.1145925631953726,0.1181867969774467,11,76,306,583,11.304576279276052,75.87568014400395,11.499999999999932,75.7551638783978,308.3156413561033,41.35845401744229,0.0006598792257957,0.0006684617578963,80.26097650028139,0.8120392704377336,2926,2929,2926,4,59817.90218241339,59817.92301581182,59817.90218241339,0.0208333984337514,72.22364,-4.6466985,1,7.48203074098921,14.722454071044922,7.16282320022583,1,18.14031693061501,0.798920795677681,1.1193735742140307,0,0.2827767361079933,0.4989968606511283,0.1309111661072027,2.784449939348668,1.4238803386688232,0,,,,9.0,-,2067785208362826112,1.247073950318054,-0.2481539315901955,[17775],-1,4,77,1,TSS 203315.75+412130.43
778,1,-,55,3,2,18,81.88893492625978,252.61676105654405,0.1114321371706602,0.1133140066085242,82,253,377,760,81.86014925807022,252.52341910726128,81.88893492625978,252.61676105654405,308.26694641715625,42.44366944573832,0.0006425022592441,0.0006476218164892,81.11201476421405,1.4866055269488256,777,779,777,3,59802.00619433542,59802.02008344226,59802.00619433542,0.0138891068345401,59.87439,-4.443103,1,7.093614418656141,15.320112228393556,9.910401344299316,1,24.086247351525166,0.960970117123074,0.3024679777375882,1,0.1471804827646105,0.8475173142436462,0.4996011302702075,2.055861135631768,1.1929454455434316,0,,,,13.0,-,2068176359624017792,-0.0012243876302022,-0.3636153519760228,[19797],-1,3,8,1,TSS 203304.07+422637.21
994,1,-,55,3,2,20,215.6574230554238,213.97737425034504,0.1166393434479221,0.1212055503318859,216,214,1023,721,215.5203823941944,213.9892342653121,215.6574230554238,213.97737425034504,313.05495150946,43.69345773365196,0.0006596477946737,0.0006879283374322,84.25248181687975,-0.4960169894867368,2624,2628,2625,5,59815.77717470485,59815.80495259722,59815.78411917806,0.027777892370068,44.813774,-4.1285286,1,6.114628442084238,20.183347702026367,9.281730651855469,1,16.52163313019797,0.9766747826667732,0.2445510211808701,0,0.0,0.8549077873889273,0.189223094983338,2.895547050597249,0.932288215678716,0,,,,4.0,-,2066845057202619136,-0.0525974647576958,-0.1409258582493748,[18758],-1,5,1,1,TSS 205213.19+434136.45T59815
399,1,-,55,3,2,21,104.50000000166924,3.683492546931025,0.1113914199394655,0.1132485472436579,105,4,1168,511,104.4001811422416,3.897345666569629,104.50000000166924,3.683492546931025,314.6373648466448,42.87593321471194,0.0006197436018344,0.0006377246715036,84.37303357086297,-1.9033672757043287,77,90,81,14,59797.145001951,59797.23528136139,59797.17278023243,0.0902794103894848,52.326717,-4.2968087,1,6.803485773813909,21.023985,8.876494,1,24.24872087014165,0.9901709974469454,0.2876953086606273,1,0.0648880401871404,0.7540497739479842,0.4084754580508499,2.742032199618416,0.5902929934557897,0,,,,0.0,-,2161831591853034624,0.0137185736559786,-0.1164764591517268,[16303],-1,13,5,1,TSS 205832.97+425233.36
515,1,-,55,3,2,21,220.72302104003643,90.31075680001432,0.1113225103445642,0.1131375249784002,221,90,1284,597,220.6157390732152,90.36296156866892,220.72302104003643,90.31075680001432,315.2704966379695,43.563581053496925,0.0006175724390526,0.0006385371108758,85.19507221454029,-1.8000117309583,236,243,236,8,59798.24918806459,59798.29780001337,59798.24918806459,0.0486119487832183,82.74943,-4.7944126,1,8.387831713542708,30.59028,9.306477,1,24.53641911941126,0.99278669955753,0.1557388928648055,0,0.0,0.684902740063374,0.340231931259086,3.052471549938053,0.3750312679226097,0,,,,8.0,-,2161970130319957504,-0.3372996082302961,0.5462646127602966,[17771],-1,8,1,1,TSS 210104.92+433348.89T59798
546,2,-,55,3,2,22,202.5000000000135,95.25992783846142,0.1201654031228639,0.1262515467322887,203,95,1522,602,202.4144535253782,95.34239842967276,202.5000000000135,95.25992783846142,316.9888068214744,44.03872506172621,0.0006595950288265,0.0007073366696711,86.37746206345031,-2.406295600274335,3453,3456,3454,4,59821.56191347104,59821.58274684224,59821.568857928185,0.020833371199842,43.3948,-4.093594,1,5.690031111120723,17.016783,9.333644,1,14.799139591790144,0.939544911132719,0.397489770100676,0,0.099240400118346,0.919657182676317,0.3646423320328235,2.904749537884187,1.1956529000806364,0,,,,0.0,-,2162335030742806528,0.1248616104633129,-0.0745033816032219,[22590],-1,4,2,1,TSS 210757.31+440219.41
1375,1,-,55,3,2,22,234.8888974122069,32.199658623551045,0.1250155293881799,0.1329659156730067,235,32,1554,539,234.62743234415476,32.4250945399391,234.8888974122069,32.199658623551045,317.3594140579248,43.76205211311533,0.0006838798017921,0.0007416025646044,86.35467549851664,-2.7901436526642955,2266,2268,2266,3,59813.29105185093,59813.30494081365,59813.29105185093,0.0138889627196476,41.72171,-4.050905,1,5.499747065237045,15.775261,8.72726,1,13.34992275108009,0.967821453522182,0.2542663280898943,0,0.0,0.7329542875736311,0.401484593757938,3.7311606166806777,0.5637893522548014,0,,,,0.0,-,1970159674026831232,0.1451813802632386,-0.1120560618995796,[],-1,3,1,1,TSS 210926.26+434543.39T59813
225,191,-,55,3,2,23,75.55556020545421,58.64406666683848,0.1102975879176821,0.1114366372332171,76,59,1651,566,75.07468521551678,58.51097205632051,75.55556020545421,58.64406666683848,318.00419223728755,44.07474035179713,0.0005975625629896,0.0006240203868277,86.90076000378222,-2.916703430651473,2293,2307,2296,15,59813.47855284061,59813.575775569145,59813.49938628282,0.0972227285383269,126.50647,-5.2552824,1,10.505655373372193,28.844877,11.757452,1,33.43830414005953,0.9845038830374644,0.1930638584591792,0,0.0899954907921751,0.9264808404627036,0.2932419291231286,3.10437327750898,0.7695642049147164,0,,,,9.0,-,1970217673264376704,0.2406698843008143,-0.1182812453614587,[13328],-1,15,235,1,TSS 211201.01+440429.07
900,2,-,55,3,2,23,85.99999999980258,47.61363463243676,0.1188053951646715,0.1243248436619676,86,48,1661,555,86.01763369519917,47.43887762494506,85.99999999980258,47.61363463243676,318.1024284744475,44.03436657473008,0.0006446852223982,0.0006934162776843,86.919763521863,-2.995787308286027,358,364,359,7,59799.096424732765,59799.13809210217,59799.10336929445,0.0416673694053315,43.773266,-4.1030226,1,5.602056980642036,18.459711,11.067543,1,15.36287409335714,0.957802860541442,0.266693837692189,0,0.0302890052426396,0.9371083994919762,0.3693172520177236,2.8782435617314626,0.1779607385917277,0,,,,0.0,-,1970237155241237504,0.1775919341605458,-0.1258092481142512,[31513],-1,7,3,1,TSS 211224.58+440203.72
1000,5,-,55,3,2,23,183.03980010502025,52.298660370611,0.1507600383864363,0.1662392935120742,183,52,1758,559,182.56296954597727,52.315818820580944,183.03980010502025,52.298660370611,318.79552345473724,44.226895327639525,0.0008159077755947,0.0009214186819712,87.4027517507545,-3.2237179188725817,2067,2070,2067,4,59811.90909951335,59811.92993297488,59811.90909951335,0.0208334615381318,39.08328,-3.9799776,1,4.975551935530191,11.283587,5.7858706,1,10.110378228802396,0.9480046205255503,1.246090829341198,0,0.0,0.6208615124599559,0.3434311069429749,2.5720530001197157,1.568926281927422,0,,,,13.0,-,1971544783796994944,0.1126143055869306,-0.1464097280079386,[32236],-1,3,7,1,TSS 211510.93+441336.82
1630,1,-,55,3,2,23,209.66666711482097,67.17485830208051,0.1111724946610876,0.1128947297322003,210,67,1785,574,209.6481100849752,67.48380207510881,209.66666711482097,67.17485830208051,318.95930580301115,44.35126771069644,0.0005971057347679,0.0006300612403511,87.57393434327092,-3.2220637338619715,2421,2430,2424,10,59814.36744619201,59814.429946490935,59814.38827962514,0.0625002989254426,54.396748,-4.3389325,1,6.326102697249646,13.576478,7.0584764,1,25.2261010897378,0.9765408039490138,0.2579546858163459,1,0.1532423938236873,0.8768555818172721,0.2481329931732175,3.2612114880326453,0.9096967239646124,0,,,,0.0,-,1971552205502941952,0.1427745700291325,-0.218898165967289,[34055],-1,10,1,1,TSS 211550.23+442104.56T59814
808,1,-,55,3,2,24,239.0324493660317,252.73660243844824,0.1200565587839158,0.1260981548555423,239,253,2065,760,238.86046644130803,252.78994544209547,239.0324493660317,252.73660243844824,320.6606486578341,45.797148710296575,0.0006367491790279,0.0007017403655777,89.44984667717453,-3.063073841495367,269,271,270,3,59798.47835867024,59798.4922477971,59798.48530323355,0.0138891268579754,33.646133,-3.817338,1,4.918159171167399,11.633424,8.644479,1,14.840810674921856,0.9601911079406296,0.289209252245891,1,0.1027619973328695,0.8747551489134219,0.488013215894728,3.304106726307254,0.4217616726933257,0,,,,0.0,-,1972104778813318656,0.1250103250595202,-0.1264492755510673,[39259],-1,3,2,1,TSS 212238.56+454749.74
808,2,-,55,3,2,24,238.8888535724016,252.5329555555072,0.1627628035035507,0.1809678301857572,239,253,2065,760,238.4262109890679,252.77425769669463,238.8888535724016,252.5329555555072,320.6599584669196,45.7958341972148,0.0008664846068997,0.0010033134242289,89.44857750287248,-3.0636682336044325,1606,1607,1606,2,59807.79100069227,59807.797945231134,59807.79100069227,0.0069445388653548,32.129055,-3.767245,1,4.4498529647969125,12.454874,7.9513116,1,9.364719469998771,0.9106125713949966,0.3963260778362752,0,0.0,0.7619363803312997,0.5045073742554073,2.958949958881014,0.892345130443573,0,,,,0.0,-,1972104778813318656,0.2686061184849677,0.0771976072210236,[39260],-1,2,2,1,TSS 212238.39+454745.00
1322,5,-,55,3,2,24,238.7186641841824,178.7628483686141,0.1106728599283984,0.1120729504389759,239,179,2065,686,238.6024003796112,178.98109037824378,238.7186641841824,178.7628483686141,320.7904079419949,45.40018230460848,0.0005841630530858,0.000623590200063,89.23465312362823,-3.408999336565208,1067,1095,1072,29,59804.0478921441,59804.24233946404,59804.08261488081,0.1944473199328058,64.45936,-4.523215,1,7.16619290646823,13.284741,6.9469566,1,28.520353410447026,0.9894148443437558,0.2173744759368072,1,0.0446981806255555,0.7640110791814715,0.2469127796212571,2.648026771705317,0.8557889277630598,0,,,,1.0,-,1972036609090196864,0.163739371981137,0.0120129112151516,[41812],-1,28,6,1,TSS 212309.70+452400.66
1712,1,-,55,3,2,24,49.88888888913283,109.52832318957095,0.1178106142537703,0.1229006531493905,50,110,1876,617,49.90757550146045,109.60391146637308,49.88888888913283,109.52832318957095,319.54087634525183,44.72930176278107,0.0006306540420118,0.0006839779249928,88.13479971783924,-3.25622125545206,3060,3063,3060,4,59818.8327406981,59818.8535740884,59818.8327406981,0.0208333902919548,50.035645,-4.248199,1,6.333636393881774,19.575737,10.133289,1,15.84652365501844,0.9796157204984792,0.2188706528009601,0,0.2035958400580585,0.8351015705988543,0.2805318486103843,2.644132034070759,0.3456117624847303,0,,,,4.0,-,1971585156491718656,0.1224721769924599,-0.1028262290326438,[42592],-1,4,1,1,TSS 211809.81+444345.49T59818
676,1,-,55,3,2,27,198.11113653059832,44.14657085206564,0.1146307204488342,0.1182438419987053,198,44,749,807,197.84503964122524,44.19399345062153,198.11113653059832,44.14657085206564,310.8134799016013,43.55774030984506,0.0006563522163008,0.0006752630545986,83.12721659579721,0.6806951804119536,982,987,982,6,59803.45760554229,59803.49232828761,59803.45760554229,0.0347227453239611,51.688347,-4.2834816,1,6.3451781415859845,24.55510902404785,7.950706958770752,1,18.10261642650299,0.9760627873874168,0.2608036005278983,0,0.0,0.7880657944153948,0.205533735600875,2.690458830965422,0.2135039452551533,0,,,,0.0,-,2066967377867385728,0.1415621038149765,-0.0555503247546766,[13800],-1,5,1,1,TSS 204315.24+433327.87T59803
888,1,-,55,3,2,27,102.49999999729911,162.53362288226137,0.1273564415800767,0.1361351153131874,102,163,653,926,102.40304832383816,162.62956446477568,102.49999999729911,162.53362288226137,309.75922259494905,43.96581395011099,0.0007381191293075,0.0007768888998088,82.98288184159424,1.5324136007875102,3245,3251,3245,7,59820.11746610833,59820.15913286819,59820.11746610833,0.0416667598619824,29.289303,-3.6667726,1,4.7727035614533415,13.399385452270508,4.50937557220459,1,12.8403507133835,0.9159321118625788,0.443508099628795,0,0.1344683689563588,0.2720121640405741,0.2044824500060978,3.307201669239255,1.2773612270533283,0,,,,0.0,-,2069681522321324544,0.1634502606744945,-0.0456823813605069,[14156],-1,3,2,1,TSS 203902.21+435756.93
747,1,-,55,3,2,28,193.8889074651626,234.74394270728345,0.1138313571227733,0.1170416293065488,194,235,1001,998,193.44818260896196,235.01989764158003,193.8889074651626,234.74394270728345,312.13279634604123,45.1225093830127,0.0006487818910993,0.0006716787217759,84.9388478252754,0.9199632049456234,475,480,475,6,59799.908938312896,59799.94366110944,59799.908938312896,0.0347227965467027,39.538506,-3.9925506,1,5.492416437413463,11.472533,7.245403,1,18.982043497175628,0.9161048643390132,0.5285678046963584,1,0.035701662410756,0.7521404932195345,0.3344838089940141,2.8572579107898526,1.2216630658755976,0,,,,9.0,-,2163231368930857472,0.1194240452878148,-0.0906980493306264,[22593],-1,6,11,1,TSS 204831.87+450721.03
1096,1,-,55,3,2,28,29.11111094215719,239.08843942012496,0.1672064063279352,0.186339076959766,29,239,836,1002,29.103587277787984,239.14650392154488,29.11111094215719,239.08843942012496,310.88351724716927,44.78592008549359,0.0009711532862155,0.0010597051874255,84.1238245526334,1.4004603693543622,1673,1679,1673,7,59808.25628476841,59808.29795199602,59808.25628476841,0.0416672276114695,28.58838,-3.640474,1,4.815554969568917,10.897652,3.7194645,1,9.137767378434573,0.884606613778595,0.6241750963379551,0,0.1540876896318131,0.6924454946902352,0.3815762942886898,4.296205183933148,1.0174228819491875,0,,,,0.0,-,2070180253929823360,0.3082625951785758,-0.5721324730816377,[],-1,3,1,1,TSS 204332.04+444709.31T59808
633,3,-,55,3,2,29,257.6811630938307,36.86628888936757,0.1176494872841721,0.1226686853703384,258,37,1321,800,257.8333151774482,36.843809918452585,257.6811630938307,36.86628888936757,315.05228030612994,44.71575460164589,0.0006575461585279,0.0006954455239186,85.95913894087582,-0.923331674400056,654,658,655,5,59801.15201412186,59801.17979234508,59801.15895867772,0.0277782232224126,63.82438,-4.5124664,1,7.15264035174288,14.219314575195312,5.467021465301514,1,15.931864467356796,0.9658222454481464,0.2766593355253532,1,0.0,0.7500495811607802,0.312847141805904,2.7754830391858456,0.8696713441804246,0,,,,9.0,-,2162282975743940096,0.8470342925106706,0.1689605012127231,[28491],-1,4,43,1,TSS 210012.55+444256.72
1704,1,-,55,3,2,29,200.95131105047776,85.22828405623976,0.2221903090161335,0.250506613907286,201,85,1264,848,200.85072131925637,85.21152471081356,200.95131105047776,85.22828405623976,314.5085892309396,44.86349257394336,0.0012592977640505,0.0014122285317486,85.81792823862109,-0.5350356192623422,3387,3395,3389,9,59821.103579276976,59821.159134939946,59821.1174681929,0.0555556629697093,33.865448,-3.8243918,1,4.578725604076456,11.399048805236816,5.677384376525879,1,7.3609820376036925,0.9351435796656744,0.4144299974737948,0,0.0547147577088597,0.8319423905127226,0.3739472743726005,3.263202214106007,0.7727246935316906,0,,,,8.0,-,2163036072491151232,-0.2522102922694103,-0.2757917980632101,[34096],-1,7,1,1,TSS 205802.06+445148.57T59821
1847,1,-,55,3,2,30,175.55555555659333,96.08853534321705,0.1202647817246599,0.1263914814906097,176,96,1495,859,175.6617251598573,96.1004100594501,175.55555555659333,96.08853534321705,316.2069180506119,45.363893972244846,0.0006671785844657,0.0007153233949259,86.98546553672234,-1.1041540573013038,2430,2435,2430,6,59814.429946490935,59814.4646688784,59814.429946490935,0.0347223874632618,37.707684,-3.9410746,1,4.720777703907372,14.06916332244873,8.206358909606934,1,14.761560454062195,0.9415894846397598,0.3855983076798877,0,0.0888037705973952,0.7926580430350694,0.3052730139674225,3.026981516337022,0.846497683555317,0,,,,4.0,-,2162735459147609472,0.1275618090205625,-0.0016822553637894,[41549],-1,6,1,1,TSS 210449.66+452150.02T59814
1972,1,-,55,3,2,30,103.6279473076913,183.19953119710905,0.1709388102440808,0.1908217348727925,104,183,1423,946,103.70654769837826,183.26831101346488,103.6279473076913,183.19953119710905,315.4546732021003,45.69778070044974,0.0009614826173672,0.0010780526234793,86.88427056418011,-0.4885807745661657,3572,3580,3574,9,59822.3883037694,59822.44385941188,59822.402192680194,0.0555556424806127,38.221596,-3.955772,1,4.724835020889628,12.640304565429688,6.143284320831299,1,8.962493023030685,0.9343795614525612,0.4027760762131982,0,0.0788052922219076,0.6891289774301965,0.3669063931876813,3.1602107996370066,0.43919411486244,0,,,,4.0,-,2163459242720542848,0.28326588932714,-0.176201157529249,[41742],-1,9,1,1,TSS 210149.12+454152.01T59822
1830,1,-,55,3,2,31,31.12577453624006,183.16232280037084,0.1100443711703313,0.1109900827119373,31,183,1606,946,30.94852759905588,183.3301615593284,31.12577453624006,183.16232280037084,316.8442602603808,46.03672853146404,0.000605552225594,0.0006309523946306,87.78303826815782,-0.9819954056884392,2503,2506,2503,4,59814.93689329176,59814.9577267193,59814.93689329176,0.0208334275448578,155.0834,-5.4764132,1,11.283922456872778,53.5683708190918,21.052114486694336,1,41.85706909985321,0.9926254710113398,0.1186902727971117,0,0.0,0.7328692473352869,0.2602034828668638,3.2049515965437063,0.0,0,,,,1.0,-,2162780848368689152,0.1456355726159017,-0.0666066727129646,[42441],-1,4,1,1,TSS 210722.62+460212.22T59814
1872,1,-,55,3,2,31,79.77777775888453,20.406538010485203,0.128056606576672,0.1370753612471813,80,20,1655,783,79.70910724214102,20.28988844303239,79.77777775888453,20.406538010485203,317.5751962771896,45.2467386615749,0.0007023748079688,0.0007700943138506,87.54881533419989,-1.8932531152864551,2756,2759,2756,4,59816.69384495421,59816.71467836453,59816.69384495421,0.0208334103153902,41.81686,-4.0533786,1,5.448724191646358,14.746119499206545,7.515198707580566,1,12.703797797497767,0.9492615355647886,0.3562157264384586,0,0.0,0.6933910549916158,0.2140786571935963,2.8176025111072605,0.5933337539841069,0,,,,0.0,-,2162499300347091968,0.1660196122163597,-0.0572074186236477,[42508],-1,4,1,1,TSS 211018.05+451448.26T59816
555,15,-,55,3,2,32,101.89626252359623,79.35698320474688,0.1098715036764554,0.1106616850044803,102,79,1928,842,101.65695490036696,79.41763447506618,101.89626252359623,79.35698320474688,319.4873325855172,46.0250911849228,0.0005891642819028,0.0006219830157538,89.0358682111784,-2.323214549335934,1160,1177,1161,18,59804.69373497048,59804.81179224367,59804.70067951609,0.1180572731900611,330.1918,-6.296916,1,16.690558902575972,71.189156,13.712642,1,103.32496166431196,0.9959617700837712,0.0830958839949606,0,0.0154035242638172,0.8402409001898703,0.345940725822934,3.306728456704376,0.4149909601768278,0,,,,9.0,-,1971984863327828864,0.1297296669604293,-0.0768201954020924,[23193],-1,15,24,1,TSS 211756.96+460130.33
716,1,-,55,3,2,32,96.50000000270089,24.987461197014436,0.1226345722476657,0.1296974433746406,97,25,1923,788,96.11856761715546,24.91191951952059,96.50000000270089,24.987461197014436,319.55379783426474,45.72375804283801,0.0006588697436864,0.0007249580134357,88.8527457449447,-2.567079872356206,305,310,305,6,59798.72836293976,59798.76308575284,59798.72836293976,0.0347228130776784,30.428501,-3.7082014,1,4.402348023645513,12.553712,7.4872494,1,13.977011754028798,0.9596751245594328,0.3119085280924154,1,0.1772430907838346,0.8131812224444117,0.3612631506927885,2.781260548905719,0.2517664523779471,0,,,,0.0,-,1971907656992849920,0.3022109831999842,-0.611216149139068,[24714],-1,6,1,1,TSS 211812.91+454325.53T59798
1193,1,-,55,3,2,32,180.99999999954235,122.44752034018283,0.1175492836531924,0.1225242368814703,181,122,2007,885,180.77161777886005,122.4149514582309,180.99999999954235,122.44752034018283,319.99464823640915,46.3833169949425,0.0006287987097472,0.0006862856889282,89.53787716090996,-2.3219987941703617,1103,1105,1104,3,59804.297895838536,59804.311784931866,59804.304840385084,0.0138890933303628,35.991432,-3.8904977,1,5.175552604377861,13.733459,7.526049,1,15.986040917299144,0.9515899411145812,0.3249885539821268,0,0.0,0.7628526447406931,0.3135684439025413,2.7041645518517456,0.2210472797396113,0,,,,4.0,-,1972370723184813696,0.3876442298019356,0.0940873694326001,[26306],-1,3,1,1,TSS 211958.72+462259.94T59804
1312,1,-,55,3,2,32,182.8888777074954,262.4773999972991,0.1098753878716392,0.110670011996977,183,262,2009,1025,183.0086265204253,262.4137336911258,182.8888777074954,262.4773999972991,319.7333973907864,47.14348153219102,0.0005889246019644,0.0006239661614448,89.95292046101996,-1.6603163200287554,1732,1741,1733,10,59808.66601247843,59808.72851330868,59808.67295701521,0.0625008302449714,395.97162,-6.49416,1,8.267069199479893,151.3636,44.845215,1,89.38041846449997,0.998031009530394,0.0973240612455197,0,0.0187640274556247,0.9196244137803584,0.3619011272482855,1.5323265562793338,0.0492004713419178,0,,,,12.0,-,2164572536906434944,0.1208082272814863,-0.0946141974645797,[26517],-1,10,1,1,TSS 211856.02+470836.53T59808
238,4,-,55,3,2,33,171.10061410124132,93.28080209461842,0.1136710355754014,0.1167985811251761,171,93,215,1112,171.4449980033948,93.87614459528967,171.10061410124132,93.28080209461842,305.9359992441839,43.88003141595358,0.00066446516434,0.0006742482295828,81.2875243958781,3.705278498837501,414,418,414,5,59799.48532015215,59799.51309839422,59799.48532015215,0.0277782420744188,34.109528,-3.832189,1,5.37407247534161,11.397905349731444,8.234702110290527,1,19.18507764419432,0.845448107819842,0.5046864432966454,1,0.2155934887353842,0.7888711836011196,0.2657618633649612,3.5774363314767936,0.481724063416479,0,,,,9.0,-,2069287381768346752,0.2418911558614809,0.0493035512508868,[],-1,5,69,1,TSS 202344.64+435248.11
381,9,-,55,3,2,33,88.11108963704265,72.05297138560601,0.1151681116008105,0.1190438927825794,88,72,132,1091,88.13256469673233,72.08112904650153,88.11108963704265,72.05297138560601,305.4085092091954,43.55627643577152,0.0006745365395496,0.0006856496291605,80.80327245126854,3.834410425550625,1469,1471,1469,3,59806.83959875157,59806.85348783256,59806.83959875157,0.0138890809903386,46.278473,-4.1634474,1,6.016305034467036,11.438028335571287,7.214354038238525,1,17.608333983451974,0.976794644798744,0.3082038371354796,0,0.1460423757721956,0.7049816296006677,0.3625066571263313,2.2784887280066504,0.1245068149860876,0,,,,4.0,-,2069232852864107776,0.0334299625662595,-0.1439724082895281,[19433],-1,3,9,1,TSS 202138.04+433322.60
810,1,-,55,3,2,33,196.00001223417215,151.76654272535274,0.1130581368700407,0.1158627268021228,196,152,240,1171,196.00726793333297,151.72485563786174,196.00001223417215,151.76654272535274,305.9136132146196,44.24868268821232,0.0006610915385265,0.0006703789636494,81.58152352905755,3.9291316043700633,672,679,673,8,59801.27701612344,59801.325628011225,59801.28396067883,0.0486118877888657,56.061516,-4.371662,1,6.803553968602202,19.444053649902344,7.016005516052246,1,20.072156979381223,0.9759248606355814,0.2811276400844358,0,0.1979242345897215,0.8403567074141031,0.2581781018970343,1.8413287674546688,0.2217669190638692,0,,,,0.0,-,2069349401097182336,0.1382660102870545,-0.0998121349302891,[23301],-1,8,1,1,TSS 202339.27+441455.26T59801
1173,1,-,55,3,2,33,208.0246847802181,148.75517204622722,0.128261849734107,0.1373503512653812,208,149,252,1168,208.2251593092369,148.5238923094921,208.0246847802181,148.75517204622722,306.01232138697395,44.263684442416405,0.0007564089727029,0.0007884552636526,81.63436790566958,3.879698851299031,2423,2434,2425,12,59814.38133514751,59814.457724401,59814.39522410277,0.0763892534887418,39.161324,-3.9821434,1,5.551437865501305,16.67124366760254,5.081019401550293,1,12.664968428954433,0.9647822770958294,0.4369108802631279,0,0.1198761799503339,0.8084595538114525,0.3601657958679867,2.934220766704716,0.8921658479472616,0,,,,4.0,-,2069346686677888000,0.0389955814694644,-0.1492150596084229,[23997],-1,8,1,1,TSS 202402.96+441549.26T59814
455,39,-,55,3,2,34,23.86799596327841,63.67723418760614,0.1108578498001102,0.1123798974635489,24,64,319,1083,23.47341454825616,63.57882326263167,23.86799596327841,63.67723418760614,306.79517036798296,43.98790428082327,0.0006448012750926,0.0006499958114322,81.73276155787441,3.261490235356394,2719,2725,2720,7,59816.4368995456,59816.47856637089,59816.44384401649,0.0416668252873932,64.25483,-4.5197644,1,7.312317146958845,15.858308,6.6286654,1,27.06059002667714,0.9054331027724816,0.423207643357936,1,0.2894819775526779,0.8812236062539521,0.2865935766440694,2.841428614323753,0.8729652473978582,0,,,,9.0,-,2069119293927645312,-0.3140264011822182,-0.9123590894591872,[22276],-1,6,140,1,TSS 202710.84+435916.46
1076,1,-,55,3,2,34,120.222220417813,244.97735919121664,0.1442881994613853,0.1581345477529857,120,245,415,1264,120.3165058517734,244.85470297586411,120.222220417813,244.97735919121664,306.8865750170409,45.18032779193052,0.0008535577074396,0.0009072066164034,82.74402037755942,3.899821192428941,1118,1122,1119,5,59804.40206403702,59804.42984222276,59804.40900858357,0.027778185736679,28.78251,-3.6478214,1,4.681108433260828,10.480754,7.273488,1,10.628974760252747,0.963698377506538,0.4744521747226509,1,0.074189830931213,0.8217562778239377,0.2474713732929639,2.349017693990272,1.2923996807764109,0,,,,0.0,-,2070919847304952704,0.1665727087868731,-0.0331883200387892,[25906],-1,5,1,1,TSS 202732.78+451049.18T59804
652,2,-,55,3,2,35,78.40986316265294,131.97259992357348,0.1176744965233838,0.1227047146485352,78,132,629,1151,78.18500202596644,132.02706518130722,78.40986316265294,131.97259992357348,308.8712155540701,45.10307034434394,0.0006837032560214,0.0007075595074686,83.50801415641277,2.723467089709435,2446,2448,2446,3,59814.5410581291,59814.55494708344,59814.5410581291,0.0138889543377445,50.685413,-4.2622075,1,6.2762356532597385,16.122892,9.120808,1,15.918476586583244,0.9741044769401211,0.339824557517961,0,0.0,0.794915752025131,0.3077237675507967,3.10671655701635,0.8720074808595137,0,,,,0.0,-,2070722038285968000,0.0603090832371435,-0.1053352153496689,[24201],-1,3,2,1,TSS 203529.09+450611.05
1945,1,-,55,3,2,35,25.093429061334277,161.4292996946231,0.1139437011675868,0.1172115400965852,25,161,576,1180,25.058942642594307,161.36175453033832,25.093429061334277,161.4292996946231,308.3747967766629,45.13233168366174,0.0006619726312812,0.0006779647324479,83.32226998868207,3.0220491358420194,2592,2595,2593,4,59815.554951554026,59815.57578497551,59815.56189602793,0.0208334214839851,48.67566,-4.21828,1,6.197995150931977,20.726505,11.723822,1,18.845744199868204,0.9723786182941112,0.2935860182636567,1,0.0819400581924936,0.9232177366252003,0.1357091577413877,2.555421496119532,0.3325509516437793,0,,,,0.0,-,2070731659012731136,-0.197348890506305,-0.3863953731749916,[28309],-1,4,1,1,TSS 203329.95+450756.39T59815
1015,1,-,55,3,2,38,135.77777777776538,211.3107502564491,0.1105153099381736,0.111808402795624,136,211,1455,1230,135.560967321657,211.31831430132317,135.77777777776538,211.3107502564491,314.9763213964932,47.2952424675265,0.0006186646266,0.000641985519818,87.86818483531917,0.8122849886575659,300,307,301,8,59798.69364012622,59798.74225206499,59798.70058468907,0.0486119387715007,87.92149,-4.8602376,1,8.533971813081271,25.67909812927246,11.817849159240724,1,30.140671720333945,0.9892561614847992,0.1737329894344201,0,0.0811980754293029,0.9112164817277364,0.3550960914246155,2.8794217472880064,0.4878905210896699,0,,,,1.0,-,2163873797268354304,-0.5725394259040968,-0.0456930873970122,[42321],-1,8,2,1,TSS 205954.32+471742.87
1868,1,-,55,3,2,38,74.77778623217645,91.74950968638748,0.1107007366593806,0.1121194405549818,75,92,1394,1111,74.59037891630256,91.75737031211747,74.77778623217645,91.74950968638748,314.81685790636,46.53073648322247,0.0006199670880126,0.0006427837182899,87.21984353493974,0.392718000995685,2651,2660,2651,10,59815.96467547008,59816.02717572152,59815.96467547008,0.0625002514352672,81.47123,-4.7775106,1,8.240354685960982,30.91405296325684,9.986013412475586,1,28.2749215840566,0.9943877735313916,0.142859666231632,0,0.0582703524490279,0.8904686517370399,0.1835298541029442,2.6016025742929347,0.655804885414636,0,,,,0.0,-,2163743986182532096,0.0882762666153667,-0.1780546122674877,[44598],-1,8,1,1,TSS 205916.05+463150.65T59815
1932,1,-,55,3,2,38,118.0337451217094,36.19959936934103,0.1158644412851076,0.1200719059825407,118,36,1437,1055,117.78808605263632,36.289380657093055,118.0337451217094,36.19959936934103,315.291860156561,46.31330511786757,0.0006478900631816,0.0006851743029456,87.27149141451008,0.0030718786626905,3554,3556,3554,3,59822.263303569445,59822.27719248094,59822.263303569445,0.013888911496906,71.2363,-4.6317534,1,7.131483476685955,18.781980514526367,11.74370288848877,1,17.05295387257455,0.9736047756794592,0.2556802501259391,0,0.0554758248407736,0.8131919209916786,0.3106969302264779,3.466101165978979,0.0,0,,,,1.0,-,2163632282679072256,-0.4735189069717762,-0.0493635145085136,[44664],-1,3,1,1,TSS 210110.05+461847.90T59822
1099,1,-,55,3,2,39,252.89728542469413,246.4218444444452,0.1115325713203643,0.1134750401029952,253,246,1828,1265,252.86581876281775,246.45837592494985,252.89728542469413,246.4218444444452,317.81381892505044,48.15429462072521,0.0006105095662907,0.0006459052495536,89.78531874050145,-0.0276330717485912,435,442,436,8,59799.63115591887,59799.67976783925,59799.63810047893,0.0486119203851558,90.79841,-4.8951955,1,8.369201940371848,33.443047,15.1096945,1,23.707072612900262,0.9851735898182034,0.1891540196511436,0,0.0438715166404035,0.8963235686415539,0.3545090893238783,3.0159558683641707,0.2279229005793478,0,,,,0.0,-,2165307835311788416,0.1812499958004991,-0.0430664717114268,[41609],-1,8,1,1,TSS 211115.32+480915.46T59799
1503,1,-,55,3,2,39,162.88888888831093,58.948018246176375,0.1154348621872623,0.1194388102711459,163,59,1738,1078,162.72862992173498,59.040919963726594,162.88888888831093,58.948018246176375,317.54626319566364,46.9819371845026,0.0006335297493836,0.0006777211185612,88.80546220948564,-0.6961656278178947,894,899,895,6,59802.818706936734,59802.85342969114,59802.82565148748,0.0347227544043562,91.31243,-4.9013247,1,8.38132387380373,27.610264,11.789699,1,17.38546740299048,0.985133484948838,0.1889129090661864,0,0.0512336968398281,0.9205674952223876,0.2773600901209472,2.4673435296775064,0.8175819124270087,0,,,,0.0,-,2164382046537220992,-0.3427166485048474,-0.1278696651663722,[42942],-1,6,1,1,TSS 211011.10+465854.97T59802
1601,2,-,55,3,2,39,160.00424228045316,228.97241611455857,0.1104991211577351,0.1117810297084489,160,229,1735,1248,159.85728764424968,229.20415607380409,160.00424228045316,228.97241611455857,317.12574299608514,47.90088475178686,0.0006082024342186,0.0006379112456205,89.28643006064613,0.1369181776953534,2535,2542,2536,8,59815.15911650824,59815.20772783375,59815.16606098332,0.0486113255028612,99.410675,-4.9935827,1,8.850279176173673,36.20904,10.558218,1,30.3348068114643,0.9867734156261792,0.179492609024616,0,0.0,0.8616412005470803,0.3565736829990493,3.4098433233640346,1.2846380353271718,0,,,,0.0,-,2165318997915467648,0.1202173253884666,-0.0596335257125701,[43164],-1,7,2,1,TSS 210830.18+475403.19
768,1,-,55,3,2,40,250.11110743318207,100.755165819336,0.1443540162879668,0.1582176547745926,250,101,2076,1120,250.71308841477884,100.84261122593584,250.11110743318207,100.755165819336,320.0593508622713,47.759002878954064,0.0007763014540649,0.000887295861255,90.54563362686004,-1.3839344409198604,321,324,322,4,59798.83947593997,59798.86030962689,59798.84642050212,0.0208336869181948,31.45335,-3.7441673,1,4.776765344454671,12.190353393554688,7.686522960662842,1,10.623134819337864,0.8223111312628079,0.628491176632228,0,0.1631790126523816,0.8390829437330274,0.2747904584878406,3.544956732732299,0.6335916617846233,0,,,,1.0,-,2164660459167398784,0.0357930921431943,0.234476580202454,[26096],-1,4,1,1,TSS 212014.24+474532.41T59798
990,2,-,55,3,2,40,136.43270300031787,176.44876073188613,0.1099964317676022,0.110902557207383,136,176,1962,1195,136.25597847752493,176.36510817733316,136.43270300031787,176.44876073188613,319.0225929504312,47.99327355440845,0.0005946117203906,0.0006285518984767,90.22584300612398,-0.7234726014339514,1555,1560,1555,6,59807.43682919376,59807.471551891125,59807.43682919376,0.0347226973608485,209.34901,-5.8021774,1,13.056371722552525,54.17500686645508,22.792490005493164,1,45.32552268552876,0.9866167147000852,0.1436938087381194,0,0.007221172107976,0.9055503167414511,0.2666637106223606,3.103000944219926,0.2494895837425622,0,,,,1.0,-,2164857241699050496,-0.0262335190052453,-0.1197565780917102,[27089],-1,6,5,1,TSS 211605.42+475935.78
990,4,-,55,3,2,40,136.44567700045602,176.4773999485577,0.1103274230007444,0.1114880965410267,136,176,1962,1195,136.3934205619324,176.34667326344248,136.44567700045602,176.4773999485577,319.0226322370189,47.9934501059329,0.0005964984505997,0.000631759752111,90.22598816823933,-0.7233687121204236,3318,3323,3319,6,59820.62441164839,59820.65913394272,59820.63135610739,0.0347222943310043,129.6116,-5.28161,1,10.285562774720082,32.66752624511719,14.336830139160156,1,32.87505084262494,0.9747433102368744,0.2339859817530607,0,0.0195653491317319,0.9120690723085924,0.3249886702195331,2.533033364294296,1.0049324981168488,0,,,,8.0,-,2164857241699050496,-0.0392075191357434,-0.1483957947334602,[27091],-1,6,5,1,TSS 211605.43+475936.42
1490,1,-,55,3,2,40,237.24747692051244,171.7551574042995,0.1249102389099354,0.1328223863111732,237,172,2063,1191,237.25358318565472,171.8258859072568,237.24747692051244,171.7551574042995,319.81597693466546,48.12535149113519,0.0006723559522044,0.0007477334596447,90.69107247285176,-1.0102407941446363,3419,3422,3419,4,59821.32580192351,59821.34663529586,59821.32580192351,0.0208333723567193,54.23723,-4.335744,1,6.453187261849309,20.151329040527344,10.615070343017578,1,13.37505343925494,0.9634567093317956,0.2719715886949514,0,0.0436293258143789,0.8398621800178265,0.3265718298487701,2.881815506977383,0.3677592137478532,0,,,,0.0,-,2164683278342173056,0.1555978485916966,-0.0847498914049538,[28187],-1,4,1,1,TSS 211915.83+480731.27T59821
790,1,-,55,3,2,41,105.88888888875866,48.24505567447751,0.1229182098667244,0.1300894246984638,106,48,150,1323,105.90053629884127,48.46060591840472,105.88888888875866,48.24505567447751,304.70346443997926,44.809447953330434,0.0007267107211176,0.0007506920134631,81.55658313843321,4.957756427628392,402,408,402,7,59799.401985424745,59799.4436527888,59799.401985424745,0.0416673640502267,36.22364,-3.8974805,1,5.546054742471513,13.342680931091309,5.1248860359191895,1,13.895128970048797,0.9793016292185636,0.6113706466100225,1,0.1161674289577959,0.7542091041717445,0.2302072282920393,2.2103502896166414,1.147120104323787,0,,,,0.0,-,2081360912797452288,-0.5388978328940652,-0.7105132243154912,[23291],-1,6,1,1,TSS 201848.83+444834.01T59799
1292,1,VCR,55,3,2,41,106.31502182018863,208.05270688221907,0.1103424917625387,0.1115140175150892,106,208,150,1483,106.26017922661735,208.0519940596033,106.31502182018863,208.05270688221907,304.1088938460967,45.64251989147797,0.0006476419543467,0.0006514408309032,82.01858891163188,5.768791251830251,2999,3003,2999,5,59818.40912839092,59818.43690624954,59818.40912839092,0.0277778586169006,69.509346,-4.605108,1,7.534229327982905,24.67663955688477,13.0220365524292,1,32.60764017650552,0.988766172039878,0.2263183378674513,1,0.0681455230508301,0.7852567579855342,0.0874799182089625,1.6564214103991448,0.5604883718744357,0,,,,0.0,-,2081722583405112448,0.0370144710374802,-0.2651304378293844,[24447],-1,5,1,1,TSS 201626.13+453833.07T59818
1381,1,-,55,3,2,44,39.034036291520806,203.85818261382107,0.1118301256254198,0.1139488171618202,39,204,846,1479,39.06485677861697,203.78013626152503,39.034036291520806,203.85818261382107,309.4588310638535,47.35734850067889,0.0006472937807889,0.0006627053754077,85.55707133266024,3.753900830256766,1238,1240,1238,3,59805.235409474495,59805.249298562936,59805.235409474495,0.0138890884409192,69.76598,-4.609109,1,7.474672261133101,23.956917,13.048729,1,22.732605131193942,0.9849734102780512,0.2135745515091657,0,0.0,0.7727356575661873,0.1877345830977083,2.79751161445027,0.7512318063777227,0,,,,1.0,-,2071561992150391040,0.0887099284643682,-0.0768181463388373,[33025],-1,3,1,1,TSS 203750.12+472126.45T59805
631,1,-,55,3,2,45,134.92432261854506,10.06747141078109,0.120955163490336,0.1273605937062401,135,10,1198,1285,134.75676161194272,10.190926510210051,134.92432261854506,10.06747141078109,312.81844998787983,47.08201709675721,0.000690464851336,0.0007320353396414,86.75694221642085,1.7929141467251883,59,60,60,2,59797.01999967026,59797.02694424195,59797.02694424195,0.0069445716944755,47.350952,-4.188322,1,5.9527905688674085,12.611746,9.352005,1,14.512071869661746,0.9652375191614072,0.3146708929633028,1,0.0,0.8795632905009089,0.1779460299781488,2.630857688757291,0.1972352153413743,0,,,,0.0,-,2166494444565472128,0.1689643509619145,-0.0850924579553975,[31378],-1,2,1,1,TSS 205116.43+470455.26T59797
546,1,-,55,3,2,46,130.23074184893207,211.75514561640597,0.1105583851578981,0.1118810554912259,130,212,1449,1487,130.18375746203125,211.8875726865637,130.23074184893207,211.75514561640597,314.23196720164765,48.677977156173895,0.0006227514353012,0.0006449798278143,88.58983393088121,2.0927842312202456,43,48,43,6,59796.90888650822,59796.94360937392,59796.90888650822,0.0347228656974039,95.542336,-4.9504895,1,8.889255357787027,34.36647415161133,13.57332706451416,1,29.65232270004837,0.9812939677607138,0.2000928874258976,0,0.0863377513737339,0.7751019101975029,0.2644588396940852,2.4830201080115963,0.5710398186684922,0,,,,1.0,-,2167068870675539712,0.0910232071291829,-0.0970794545521585,[24206],-1,6,1,1,TSS 205655.67+484040.72T59796
1574,1,-,55,3,2,46,238.34275497154897,252.19962222271295,0.109899168380009,0.1107183284207183,238,252,1557,1527,238.2326114057605,252.28024764545552,238.34275497154897,252.19962222271295,314.9909351825247,49.10323882009135,0.0006154692815397,0.0006372767417435,89.23818977158776,1.9926336537686853,2392,2397,2393,6,59814.1660563267,59814.20077871859,59814.17300080503,0.034722391887044,137.97787,-5.3495235,1,10.76534223766988,63.5397834777832,23.92040252685547,1,64.30386839173623,0.9955669194082708,0.0969880543798776,0,0.0433050512962271,0.9119658015355449,0.1911111673172823,1.97760095433228,0.1578837781283467,0,,,,0.0,-,2168590938363505536,0.1166306732918656,-0.0379439436276243,[29560],-1,6,1,1,TSS 205957.82+490611.66T59814
1188,1,-,55,3,2,47,157.77775079656337,42.83745927581873,0.1315398997914619,0.1417063352909086,158,43,1733,1318,157.9493280038279,43.12236146422368,157.77775079656337,42.83745927581873,316.9388571924338,48.27741092686926,0.000729727456691,0.0008053706740541,89.47922019986335,0.4836004137394195,944,945,944,2,59803.19371266209,59803.2006572119,59803.19371266209,0.006944549808395,35.761314,-3.8835337,1,5.132483371690308,11.522071,9.492279,1,12.107530366788511,0.940583529239433,0.4724278229891959,1,0.2392531361600191,0.7908572968942332,0.5196481465494095,3.2399263353188954,0.619521492974262,0,,,,0.0,-,2165347555170707968,0.1481330035567225,-0.1188817766599186,[29847],-1,2,1,1,TSS 210745.33+481638.68T59803
1404,1,-,55,3,2,47,62.00004025149363,177.9365777068872,0.1122514420263527,0.1146122399971188,62,178,1637,1453,62.00687299269893,177.92882652317172,62.00004025149363,177.9365777068872,315.8327915022272,48.84434345031415,0.0006254544188435,0.0006570792419749,89.40915971897093,1.4068171964081877,2387,2393,2387,7,59814.131333934114,59814.17300080503,59814.131333934114,0.0416668709149234,60.814434,-4.4600167,1,6.936760613156686,20.820818,10.278756,1,21.62977287076283,0.9783723328441108,0.2399509678494493,1,0.0653645139932719,0.8063992177417281,0.1810454347380219,2.935407184266472,0.4730175029478007,0,,,,0.0,-,2165527222240524288,0.2300586714914061,-0.0874229319338155,[30533],-1,7,1,1,TSS 210319.87+485039.64T59814
1409,1,-,55,3,2,47,107.68709456303876,97.59339417085263,0.1099946648499251,0.1108993020529108,108,98,1683,1373,107.54812003114198,97.62301648385552,107.68709456303876,97.59339417085263,316.4052409369065,48.48797821782089,0.000609214096762,0.0006351957180011,89.39636661531709,0.8874255021372385,2429,2432,2430,4,59814.4230020133,59814.44383544597,59814.429946490935,0.020833432667132,141.22047,-5.374744,1,11.270849812766862,49.250042,20.314354,1,45.4830928872606,0.9926521296613332,0.1346809090802119,0,0.0,0.8504115936941743,0.3327902770817606,2.860240629712804,0.183753261428216,0,,,,1.0,-,2165547288328259968,0.6496011813562745,0.2735642057100449,[30535],-1,4,1,1,TSS 210537.26+482916.72T59814
838,1,-,55,3,2,48,51.5555666853771,205.53297333513632,0.1149097609403745,0.1186600343470969,52,206,1878,1481,51.46382200906477,205.5746711338413,51.5555666853771,205.53297333513632,317.6992841739202,49.41108955798445,0.0006308647493434,0.0006757138684234,90.65120712172126,0.8864365473511377,779,785,780,7,59802.02008344226,59802.0617507616,59802.02702799556,0.0416673193467431,56.214596,-4.374623,1,6.948042238346458,19.92027282714844,9.25442600250244,1,17.837816669238332,0.9746163024094564,0.2403440119013269,1,0.2908727730480749,0.8447988530384493,0.3614183275298249,2.966708614158942,0.6401748254371064,0,,,,4.0,-,2165966236611287552,0.1026731024132914,0.06305132143234,[22763],-1,7,3,1,TSS 211047.83+492439.92
187,106,-,55,3,2,49,107.3593414292446,201.68239717306915,0.1213920482765384,0.127971232604286,107,202,151,1733,107.36818648165396,201.585096202623,107.3593414292446,201.68239717306915,303.1423675546766,46.94389658718495,0.0007214346408314,0.0007435665037191,82.74792137138607,7.03930950483602,2324,2335,2324,12,59813.69383173313,59813.77022101736,59813.69383173313,0.0763892842296627,46.254555,-4.162886,1,6.081834376824327,13.792309761047363,4.828170299530029,1,14.363799769500018,0.9090957519915293,0.930316575949167,0,0.1325505003155225,0.732622948053345,0.4424604222376916,1.81410184162989,2.1086110628173103,0,,,,9.0,-,2082619200779509888,-0.040915572959193,-0.123890375391511,[],-1,8,157,1,TSS 201234.17+465638.03
1339,2,-,55,3,2,50,30.090755296165813,7.97741509582418,0.1156834942539951,0.1198056563248966,30,8,325,1539,30.135468863858947,7.689502543101188,30.090755296165813,7.97741509582418,305.2156237632976,46.39671451058511,0.0006813822803703,0.0006973609648874,83.07822955876497,5.550888472759319,2794,2797,2795,4,59816.95773480111,59816.97856820863,59816.96467927036,0.0208334075214224,40.08928,-4.0075707,1,5.543085788997823,15.970658302307127,9.042394638061523,1,17.189310697109548,0.9816421654592148,0.3549503863577798,1,0.095916241998368,0.8847913387773777,0.2698397728040816,2.691399293320411,0.1750129495366953,0,,,,9.0,-,2083237229392014336,0.088191592686428,-0.100905742935538,[29169],-1,4,2,1,TSS 202051.75+462348.17
386,39,-,55,3,2,51,104.99998381916689,176.1690498481053,0.1130984872591808,0.115924686257227,105,176,656,1707,105.05490699144244,176.00092981010496,104.99998381916689,176.1690498481053,307.16376847381434,48.12420607757808,0.0006615041487856,0.000676328373637,85.26125115468669,5.4518016277116,3245,3246,3245,2,59820.11746610833,59820.12441056827,59820.11746610833,0.0069444599430426,46.578896,-4.170473,1,5.852589962632279,10.249697,9.563664,1,20.007450734469305,0.930718529124936,0.4335482863782152,1,0.2325475972254874,0.8624588239655968,0.2761366927623871,2.903327180154103,2.4584347279038035,0,,,,9.0,-,2083708640700788864,0.1291854960318232,-0.317432895243428,[23481],-1,2,65,1,TSS 202839.30+480727.14
676,20,-,55,3,2,51,82.73557767350655,11.42184394774026,0.1115475877678799,0.1134990660534405,83,11,634,1542,82.52290913952056,11.839723071798533,82.73557767350655,11.42184394774026,307.5806822505278,47.19343461930171,0.0006503661305051,0.0006620536847152,84.66576626087418,4.681509261203065,769,796,786,28,59801.9506379083,59802.13814084537,59802.06869531467,0.1875029370639822,50.401012,-4.2560983,1,6.886911253173429,11.326169,4.445475,1,23.65283389314445,0.9098332202837368,0.462929181318497,1,0.382239144818467,0.4707311605621701,0.3653616367055792,2.9034501908392456,0.8506892355308217,0,,,,13.0,-,2083516775915335936,0.0022212636093854,0.6114423604788044,[29321],-1,22,33,1,TSS 203019.36+471136.36
1386,1,-,55,3,2,52,32.666667273876065,76.84199086216607,0.1462952371803168,0.1606622240674494,33,77,840,1608,32.2381625229281,76.60198246320398,32.666667273876065,76.84199086216607,308.972923999832,48.03379608008251,0.0008599198043235,0.0009257479835476,85.9023367182006,4.421684794683968,2396,2398,2397,3,59814.19383424026,59814.20772319692,59814.20077871859,0.0138889566587749,38.816483,-3.9725404,1,5.991945785465676,13.102419,9.444825,1,10.456592161391509,0.7742407469263883,0.6901332994288267,1,0.096615131771441,0.8652029440256623,0.2924926700798186,2.357744916769077,2.1735055588961942,0,,,,9.0,-,2167717002721373056,-0.3917868651441267,-0.724349644933227,[28406],-1,3,1,1,TSS 203553.50+480201.67T59814
1403,1,-,55,3,2,52,247.2222222693008,248.33914296191028,0.1238659556771744,0.1313939266120301,247,248,1054,1779,247.3692094080524,248.2393392257728,247.2222222693008,248.33914296191028,310.11571991156615,49.444075577577415,0.0007195780737671,0.0007597000799307,87.4867537670857,4.6709762815988265,2545,2555,2550,11,59815.2285612585,59815.298006006415,59815.26328363292,0.069444747918169,36.585346,-3.908268,1,5.418824672162512,15.065947,7.3334866,1,13.636478602539292,0.9836001395286998,0.269441890463461,1,0.0406628585693881,0.709502626587666,0.4071526787833261,2.536259377114501,0.3693162268447766,0,,,,8.0,-,2167913952741596800,0.1160553281779357,-0.0696433466155213,[28415],-1,10,1,1,TSS 204027.77+492638.67T59815
531,2,-,55,3,2,53,25.0244826653459,252.90975091016696,0.1153958477117422,0.1193811381326031,25,253,1088,1784,24.994010564503835,252.94928204530865,25.0244826653459,252.90975091016696,310.37694576257974,49.54347073120221,0.0006668216186249,0.0006922266767647,87.66956132226761,4.597029029417377,3341,3349,3343,9,59820.78413419878,59820.83968986664,59820.79802311586,0.0555556678591528,45.209686,-4.1380787,1,5.809105626009726,14.216089,8.827534,1,17.417229835688993,0.9922887457361418,0.1870915443385878,1,0.1097923730672405,0.906961920569174,0.325489799450542,1.8563142432205368,0.5877345049014179,0,,,,0.0,-,2168277581853068288,0.126017535623987,-0.0115252472869542,[20224],-1,9,2,1,TSS 204130.47+493236.49
1477,1,-,55,3,2,53,175.5555555555555,113.9774003076967,0.1245340241724297,0.1323088079320932,176,114,1239,1645,175.19216157886288,113.92483774235654,175.5555555555555,113.9774003076967,312.0575919223772,49.11477396207526,0.0007158731476766,0.00076250448201,88.01217750081378,3.4716038724354,2915,2920,2916,6,59817.825793283526,59817.860515615575,59817.83273774998,0.0347223320495686,35.194008,-3.8661718,1,5.525836112159009,11.94317,3.3442013,1,13.466623139446094,0.9231108712144916,1.298798344118084,0,0.093954169461808,0.7358999754787883,0.4275647672999324,2.200641350301345,0.8856133258859382,0,,,,4.0,-,2167987104622790016,0.5544636301706305,0.4510252848558593,[23639],-1,3,1,1,TSS 204813.82+490653.19T59817
1453,1,-,55,3,2,54,24.590268274315765,72.76001326347205,0.1817405142617785,0.2036645405522968,25,73,1344,1604,24.626693175492136,72.6612283133591,24.590268274315765,72.76001326347205,313.03755464621764,49.10602065497705,0.0010460533768286,0.0011650292728956,88.41190754560662,2.9693112639663406,1926,1930,1928,5,59810.92992626704,59810.95770425231,59810.94381526002,0.0277779852694948,23.9204,-3.446921,1,4.187853150162476,10.420720100402832,6.778271675109863,1,8.518358004274445,0.8652070387990304,0.5418941413173004,0,0.0302084354546373,0.8114552157069586,0.2647375665913058,3.463797439027285,0.4400689352716031,0,,,,0.0,-,2167316810544962688,-0.0431697066667311,0.3837719027203548,[23534],-1,5,1,1,TSS 205209.01+490621.67T59810
1578,1,VCR,55,3,2,54,255.6666992452801,83.64870471278351,0.1244880530655464,0.1322459725696788,256,84,1575,1615,255.60490626727733,83.86245274145337,255.6666992452801,83.64870471278351,314.8890135205908,49.6122749433981,0.0007018373289173,0.000757427267685,89.57901903882052,2.376729025827114,3499,3501,3500,3,59821.88135848312,59821.89524739625,59821.888302939566,0.0138889131267205,35.08923,-3.8629346,1,5.2770992403180985,10.20346736907959,7.231796741485596,1,13.478007651578991,0.913408774783864,0.4472799382477471,1,0.324584331319191,0.7678477179111763,0.2502159984689789,3.5343003355659874,0.7437972681921463,0,,,,4.0,-,2168810879351422336,-0.0346605036363598,0.1485355446418452,[23696],-1,3,1,1,TSS 205933.36+493644.19T59821
1691,3,-,55,3,2,55,255.50000000194484,43.83954932422321,0.1123071216182227,0.1146993360268328,256,44,1831,1575,255.5890286399154,43.73249180363909,255.50000000194484,43.83954932422321,317.08430405240324,49.84821092767991,0.0006193832454659,0.0006550732142851,90.70095648586344,1.4757325963372427,2081,2084,2081,4,59812.00632233105,59812.02715579096,59812.00632233105,0.0208334599083173,49.99598,-4.2473373,1,6.370347363010792,10.392591,6.6407743,1,21.50230683267573,0.9864664540864722,0.2430741989404513,1,0.0456823836372773,0.759372748118013,0.2309821016557568,2.1640678136422284,1.21758441216174,0,,,,0.0,-,2166048665619053824,0.127793720821046,-0.1066811804712415,[45138],-1,4,3,1,TSS 210820.23+495053.56
1762,1,-,55,3,2,55,207.22319441650052,190.47739999999263,0.1164740456755732,0.1209645885160113,207,190,1782,1721,207.18961513105967,190.4035538397549,207.22319441650052,190.47739999999263,316.30497323457246,50.56778046719965,0.0006475483099499,0.0006911810832702,90.89765462195754,2.328896707986446,1567,1571,1568,5,59807.52016366692,59807.54794182425,59807.52710820625,0.0277781573313404,44.63958,-4.1243,1,5.674928813697557,14.590245,6.708001,1,16.628462116108828,0.9630199374116584,0.2889803054410751,0,0.0807368752140325,0.8968263726162156,0.3091435540725998,2.550564659693806,0.4698494845733152,0,,,,0.0,-,2169143756493463040,0.1355874098742333,-0.0165863518141122,[45238],-1,4,2,1,TSS 210513.19+503404.01
161,21,-,55,3,2,56,52.99994641982869,28.88400063351016,0.1348751681541965,0.1460758189791567,53,29,1879,1560,52.69081164658474,28.94369325844042,52.99994641982869,28.88400063351016,317.51666818163284,49.84742968789195,0.0007450607622068,0.0008293745776725,90.88972406006216,1.2705120277546829,2222,2223,2223,2,59812.985494644185,59812.99243912671,59812.99243912671,0.006944482520339,31.913336,-3.7599304,1,4.927267798456108,10.391642570495604,6.9274091720581055,1,11.635790457249774,0.9268496944384204,0.4382364388810675,0,0.0,0.4875323000802299,0.2879440567291293,3.7304465543204697,0.0,0,,,,4.0,-,2166057358639166208,0.5739499735127538,0.2987950126057512,[10197],-1,2,28,1,TSS 211004.00+495050.75
753,1,-,55,3,2,56,94.80068259206917,89.75836305902129,0.1374025323577064,0.1493501543765445,95,90,1921,1621,94.447990721896,89.70357963970486,94.80068259206917,89.75836305902129,317.7075404981502,50.24895409635322,0.0007579048539538,0.000847202349042,91.26710078643288,1.4546633989679074,1171,1173,1172,3,59804.77012497135,59804.78401406235,59804.77706951697,0.0138890910020563,28.557423,-3.6392975,1,4.404796870436602,10.084949493408203,7.035800933837891,1,11.32588585502735,0.9664704440786216,0.3346633612816677,1,0.0584220557210916,0.7986062762021293,0.2907751990617041,3.9066864391375855,1.0429282188415527,0,,,,0.0,-,2166072923600859904,0.385117924028691,0.07397057614412,[15440],-1,3,4,1,TSS 211049.81+501456.23
753,3,-,55,3,2,56,95.02841869837322,89.89676209657648,0.1115449574742479,0.1134948585861296,95,90,1921,1621,94.90407962966296,89.98259975360467,95.02841869837322,89.89676209657648,317.70906489305514,50.2500816603354,0.0006115592521541,0.0006469595786701,91.26859064290092,1.454721107496038,1719,1734,1720,16,59808.57573349738,59808.67990155198,59808.58267803462,0.104168054596812,64.874596,-4.5301867,1,6.9976441122326944,26.087825775146484,6.241678237915039,1,23.662290619961496,0.9890542544276888,0.1448261115948742,0,0.1255725921421372,0.8135436887502727,0.4335026675885868,3.123769751977909,0.5175850435635762,0,,,,0.0,-,2166072923600859904,0.1573818181768729,-0.0644284613154013,[15442],-1,12,4,1,TSS 211050.18+501500.29
765,1,-,55,3,2,56,227.33870980710384,66.8780139618453,0.1098982790457165,0.1107165677054751,227,67,2053,1598,227.17970153256925,66.98457583917008,227.33870980710384,66.8780139618453,318.8466242548904,50.33337357517642,0.0005956888804779,0.0006290869870946,91.8293491169361,0.9848222360442004,1280,1292,1281,13,59805.52708031621,59805.61041483686,59805.534024859735,0.08333452064835,166.50198,-5.5535483,1,11.871991146707746,76.37471771240234,21.90583038330078,1,64.75480822271865,0.995617285241068,0.1038174928802214,0,0.0295876303932941,0.870626017522349,0.2212925713385422,2.623187474735984,0.2656280366811288,0,,,,0.0,-,2166132636521606400,0.1289046466463332,-0.0313955128578982,[15449],-1,13,1,1,TSS 211523.19+502000.14T59805
861,1,-,55,3,2,56,69.25035303536515,237.9225706581545,0.1292065776980475,0.1386125595533093,69,238,1895,1769,69.3449344259119,238.1277237491994,69.25035303536515,237.9225706581545,317.1200439051957,51.01794455939324,0.0007154921448962,0.000787817571263,91.57789243894612,2.25071840231147,2759,2765,2762,7,59816.71467836453,59816.75634518399,59816.73551177438,0.0416668194593512,34.485382,-3.8440876,1,5.160345299913041,15.111428260803224,6.723961353302002,1,12.492742259035342,0.953633814134314,0.3117484745883542,1,0.0202418354734742,0.211947587993552,0.2837588968000314,3.420542690902343,0.4160946077553477,0,,,,0.0,-,2169259303992125440,0.2421768605381657,0.062718968451918,[15560],-1,6,2,1,TSS 210828.81+510104.60
861,2,-,55,3,2,56,69.36010362652367,237.8924711700821,0.1130853990855342,0.1159045945472143,69,238,1895,1769,69.30756168014274,237.8634327935223,69.36010362652367,237.8924711700821,317.12103842826446,51.01796069360639,0.0006234539077211,0.0006610480757511,91.5783281069708,2.250268779054846,2773,2778,2774,6,59816.81190094242,59816.84662329053,59816.81884541214,0.034722348114883,49.138405,-4.228553,1,6.250458994706115,18.848955154418945,8.707032203674316,1,20.028328507821545,0.9706301141225148,0.2838596522635508,0,0.0628496804201454,0.7833713736791984,0.3251138019489529,3.1699438889860128,0.2904191230232075,0,,,,0.0,-,2169259303992125440,0.1324262695093239,0.0928184565591436,[15561],-1,6,2,1,TSS 210829.05+510104.66
885,1,-,55,3,2,56,37.000005277263234,8.80033118855149,0.1127108373797547,0.1153272271306891,37,9,1863,1540,36.97637438211446,8.678597073505504,37.000005277263234,8.80033118855149,317.4362855896309,49.71109194949396,0.0006197920718363,0.0006578175176474,90.75448074040293,1.215739433881634,3516,3520,3516,5,59821.99941424176,59822.02719206661,59821.99941424176,0.0277778248564573,53.907585,-4.3291245,1,6.350708742177469,23.0255126953125,11.22531509399414,1,20.67482254289032,0.969381454715432,0.2706656879828603,0,0.0928631969408344,0.8549409553542435,0.2059953279043079,3.167952475674681,0.3103218812330743,0,,,,0.0,-,2166032168645166848,0.2095947285552029,-0.0696589489923553,[15597],-1,5,1,1,TSS 210944.71+494239.93T59821
1058,1,-,55,3,2,58,221.65538512939065,18.963887125459195,0.1377188358933071,0.1497578941628219,222,19,517,1801,221.68884402917837,18.373768094707074,221.65538512939065,18.963887125459195,305.7097197009145,48.27177408573707,0.0008191679609728,0.0008660370798187,84.82524964552047,6.33101760144929,795,801,795,7,59802.1311962923,59802.17286360978,59802.1311962923,0.041667317484098,25.452795,-3.5143387,1,4.249984463771257,10.538959,4.2128625,1,11.289501773857404,0.927952203098135,0.5472707117311113,1,0.1055777309231508,0.8103253412051088,0.2171645523186563,3.34682659231173,0.3732996197912982,0,,,,4.0,-,2083857938068451328,0.094383583262811,-0.1330076566393927,[24734],-1,4,1,1,TSS 202250.33+481618.39T59802
1463,1,-,55,3,2,58,167.33070901719975,257.9883543466241,0.1408014051593338,0.1537094319985989,167,258,462,2040,167.39947436336416,258.1379491879644,167.33070901719975,257.9883543466241,304.33226127275003,49.38813687116949,0.0008414739790192,0.0008880503612177,85.25043376149156,7.705893391826739,2173,2174,2173,2,59812.645214969176,59812.65215945309,59812.645214969176,0.0069444839173229,27.734148,-3.6075373,1,4.59120189905029,11.581867,8.226381,1,10.95880529808356,0.9425364193162984,0.5122986143775218,0,0.0,0.7475407483540923,0.3688695425354715,1.750973996386978,0.0,0,,,,0.0,-,2084900481244587392,-0.0022256736185681,0.1672169704488624,[],-1,2,2,1,TSS 201719.74+492317.29
1618,1,-,55,3,2,58,122.249037516772,258.8663519956637,0.1120035466854345,0.1142228711236662,122,259,417,2041,122.37581967634868,258.98103617964915,122.249037516772,258.8663519956637,303.9672685923979,49.272561831827005,0.0006598029191704,0.0006685512410829,85.02141802094836,7.841718016821602,3653,3658,3653,6,59822.95080457219,59822.98552683626,59822.95080457219,0.0347222640702966,58.13503,-4.4110947,1,6.897657999231075,21.673483,11.417622,1,22.245946506091244,0.9829813920437026,0.2728676114085707,0,0.0793186593492848,0.8569781832161445,0.3000469474698067,2.388468416174383,0.2869768161599763,0,,,,0.0,-,2084907555046188288,0.1127004148579544,-0.0270422772323399,[25742],-1,6,1,1,TSS 201552.14+491621.22T59822
1203,1,-,55,3,2,59,93.00523799088192,129.73474609654326,0.1365287825679675,0.1482215063966809,93,130,644,1912,92.96056328098672,129.66080631179824,93.00523799088192,129.73474609654326,306.30203772406657,49.18055309158864,0.0008099664940225,0.0008571208350707,85.80143095725664,6.524784714076804,1707,1711,1708,5,59808.4923990503,59808.52017719972,59808.49934358754,0.0277781494150985,41.034397,-4.0328703,1,4.940040040343633,10.298958778381348,6.516722202301025,1,11.429040492515412,0.8691284878459358,0.624411911328453,1,0.0594100663247431,0.9137858642743624,0.2842096570346331,2.3906706633989505,0.7133536769019909,0,,,,13.0,-,2084004447992193152,0.1694824053992079,-0.0363381464098893,[25981],-1,5,1,1,TSS 202512.49+491049.99T59808
1271,1,-,55,3,2,59,27.11411183371384,159.0884762015883,0.1117263115106089,0.1137840543633265,27,159,578,1941,27.25942476605648,159.1656118675355,27.11411183371384,159.0884762015883,305.65769219966523,49.16890198121637,0.0006555800125953,0.0006655035373365,85.55152952124764,6.8653420060911134,1979,1986,1979,8,59811.29798445095,59811.3465958924,59811.29798445095,0.0486114414525218,58.60611,-4.419857,1,7.01467280788831,27.534618377685547,11.165190696716309,1,23.050344012050772,0.9920194315065232,0.2129196047733385,0,0.0345452416852799,0.2752930822535018,0.3283837568516098,2.2249662217485637,0.3545393697110032,0,,,,0.0,-,2084669308926532608,0.1293945765756916,0.0991576794074262,[26211],-1,7,1,1,TSS 202237.85+491008.05T59811
1358,1,-,55,3,2,59,35.33917421593905,75.8114497623773,0.1150611073260997,0.1188850731902268,35,76,586,1858,35.40674417897905,75.7163317575867,35.33917421593905,75.8114497623773,306.0457901971962,48.74951428216994,0.000676435952384,0.0006934394559621,85.34832001627507,6.41804112774351,2632,2634,2632,3,59815.832730488895,59815.84661943485,59815.832730488895,0.0138889459558413,48.585743,-4.2162724,1,6.376406419454361,13.931852340698242,8.086196899414062,1,17.701666586776778,0.933359047397174,0.4501405885959478,0,0.0,0.7870470455769367,0.2513639162387941,2.519948399281084,0.1439415294952816,0,,,,9.0,-,2083897825415927808,0.6070313243943701,0.2451019472614461,[26332],-1,3,1,1,TSS 202410.99+484458.25T59815
1130,1,-,55,3,2,60,231.88890752217165,39.16018582091554,0.1335583801256335,0.1443576614045042,232,39,1039,1821,231.53369583579345,38.8838520593158,231.88890752217165,39.16018582091554,309.8468665229169,49.635013843827146,0.0007793358350959,0.0008328005256882,87.53284145626981,4.925507477461594,1467,1468,1467,2,59806.82570967034,59806.83265421083,59806.82570967034,0.0069445404951693,35.079662,-3.8626385,1,5.151224390958978,13.683367,9.11077,1,11.812484081146891,0.8296271185278805,0.8363060570658509,0,0.0,0.632973594801867,0.4083993718833368,3.068993748212913,1.6528830528259275,0,,,,0.0,-,2179928002753748608,0.0285424599596808,-0.2633816035781819,[23863],-1,2,2,1,TSS 203923.25+493806.05
1357,1,-,55,3,2,60,244.27213575930188,102.39825406098286,0.1197707868381109,0.1256947745573675,244,102,1051,1884,244.32887106398815,102.38658125588412,244.27213575930188,102.39825406098286,309.72939639905155,50.00316931630545,0.0006957052818157,0.0007278295097444,87.78126913620113,5.208435064803852,3639,3641,3639,3,59822.85358222643,59822.8674711335,59822.85358222643,0.0138889070658478,46.67079,-4.172613,1,6.0835854342801206,18.646591,10.091224,1,14.952863375371445,0.9645377236859448,0.539063200458995,0,0.0,0.7787594377935607,0.2998970032702123,2.520520136331748,0.491710773367124,0,,,,0.0,-,2180324106122581504,0.1763234615548299,-0.0153235565826435,[],-1,3,1,1,TSS 203855.06+500011.41T59822
1579,1,-,55,3,2,61,217.99999371512672,235.977461506892,0.1113839617727924,0.1132365458326773,218,236,1281,2018,217.91998998371508,236.1377046833479,217.99999371512672,235.977461506892,311.1914374601818,51.22350768117894,0.0006385276979548,0.0006555725119496,89.32048221891803,5.218791095010607,3186,3200,3187,15,59819.70774293709,59819.80496538995,59819.71468739819,0.0972224528595688,69.2105,-4.60043,1,7.335849326748169,21.521881,7.3075185,1,24.27906811813516,0.9774331660234332,0.2884395638895458,1,0.0577788587579944,0.8682874833778159,0.2859570786017346,2.679770465710636,1.0805820627986775,0,,,,0.0,-,2180494667865578496,0.1525381011613262,-0.0157033922243954,[28117],-1,11,1,1,TSS 204445.94+511324.63T59819
1460,1,-,55,3,2,62,138.5221164786455,194.75517777804876,0.1163833265712151,0.1208321495160137,139,195,1458,1977,138.36542811729754,194.754482639204,138.5221164786455,194.75517777804876,312.8253409539708,51.36023151246725,0.0006629514323325,0.0006953907179355,90.06911805371384,4.507289114021814,2414,2419,2415,6,59814.31883484696,59814.35355723628,59814.32577932482,0.0347223893259069,30.787146,-3.7209237,1,5.026901388274271,12.436498641967772,7.567190170288086,1,16.688502899122806,0.9831865912544892,0.2256600213006329,1,0.1091879608914198,0.8493766022450403,0.2743037609704193,2.54285732785175,0.4990733102324934,0,,,,0.0,-,2169953821688475648,0.1596794755844257,-0.0510604391567994,[31343],-1,6,1,1,TSS 205118.08+512136.83T59814
343,7,-,55,3,2,63,167.2501702521565,260.0884389123461,0.1100946134856743,0.1110804778606108,167,260,1742,2042,167.43198350243122,260.1568795186833,167.2501702521565,260.0884389123461,315.0605165868773,52.24941121087518,0.00061516886606,0.0006365108736122,91.6442328135574,4.024346670057367,2063,2075,2064,13,59811.88132156394,59811.96465541008,59811.88826605135,0.0833338461379753,98.633446,-4.98506,1,9.083806797440412,26.4249324798584,9.607987403869627,1,39.29820474954086,0.995788122478911,0.1055126191309688,0,0.0903656101648573,0.7908625320110935,0.2057838200279214,2.103598216738375,0.3481852352012407,0,,,,0.0,-,2170281373065491328,0.1571849596834909,-0.0460698282872726,[8790],-1,13,9,1,TSS 210014.52+521457.88
420,1,-,55,3,2,63,145.5000000027009,197.3411804647059,0.1109023522540356,0.1124532279647803,146,197,1721,1979,145.2828140294621,197.35341760802265,145.5000000027009,197.3411804647059,315.05957090109933,51.86843430967558,0.0006203195274197,0.0006446673491114,91.35560427855758,3.7749017908226032,649,652,649,4,59801.11729134254,59801.13812501036,59801.11729134254,0.0208336678188061,73.23989,-4.661869,1,8.194674217350029,25.152198791503903,12.168821334838867,1,26.759831014216903,0.959686592283911,0.2730116914198289,1,0.0283294393152655,0.8331889428794654,0.3645444699169052,2.732473426446971,0.3318859212344357,0,,,,0.0,-,2170202276944919296,0.1576667925667152,0.0212572188725062,[9157],-1,4,1,1,TSS 210014.30+515206.36T59801
89,11,-,55,3,2,64,49.98494699877645,194.9773817424777,0.1105388858632673,0.1118481991543867,50,195,1876,1977,50.00319097469683,194.97771938542832,49.98494699877645,194.9773817424777,316.39713580997284,52.12400754417899,0.0006117505872474,0.000638613675301,92.09413249694852,3.327454589719601,2958,2989,2965,32,59818.124405321614,59818.33968374312,59818.17301657982,0.2152784215068095,48.828705,-4.221688,1,6.664294939145115,21.34276390075684,18.718334197998047,1,29.868535570479334,0.7601324976636451,2.31111776283275,1,0.1432989209611592,0.7566388176240748,0.1609107689965098,0.8639533068848361,2.4787901304301907,0,,,,4.0,-,2169565895936523520,-0.071859642294612,-0.3058117527286867,[],-1,32,13,1,TSS 210535.31+520726.43
415,1,-,55,3,2,64,160.0000242246671,190.0737058623209,0.1403336707510106,0.1531123367966456,160,190,1986,1972,159.57830896710115,190.4414136325186,160.0000242246671,190.0737058623209,317.35235584239496,52.27653810337464,0.0007760384082858,0.0008668180575271,92.60213387074369,2.9976960762614318,610,611,610,2,59800.84645364641,59800.8533982032,59800.84645364641,0.0069445567933144,23.875168,-3.444866,1,4.203491113231858,11.319214820861816,9.18847370147705,1,11.006395889244542,0.8751193308402874,0.51912546014862,1,0.2907515256520093,0.7550033851378236,0.3768506509591836,2.6792281806106986,0.4893977046012878,0,,,,0.0,-,2169534048755726976,0.1714041312909557,-0.121484442447354,[9798],-1,2,2,1,TSS 210924.57+521635.54
519,3,-,55,3,2,64,117.98914980017534,225.81858271463815,0.1111047824129597,0.1127846119921995,118,226,1944,2008,117.96376656459891,225.79240865033805,117.98914980017534,225.81858271463815,316.895517324891,52.404552148191485,0.0006123839445412,0.0006424488569115,92.50753031593244,3.2898748782646217,2883,2902,2887,20,59817.60357034573,59817.735515217726,59817.63134821413,0.1319448719950742,30.477758,-3.7099576,1,4.743797449375612,12.59700870513916,5.892662048339844,1,25.570656656127102,0.9868046988645508,0.4586285206014974,1,0.228320759412606,0.7074851792433696,0.3089845623640422,2.990006658231597,1.0134637462405045,0,,,,0.0,-,2169587649947510272,0.1301509306142634,0.0604861743236142,[10022],-1,19,3,1,TSS 210734.92+522416.39
587,1,-,55,3,2,64,16.859237170514376,104.64406666668096,0.1123032462814667,0.1146932781936173,17,105,1843,1887,16.889453177316923,104.67602378297242,16.859237170514376,104.64406666668096,316.3649043186225,51.57452281010829,0.0006225946289544,0.0006551743130192,91.67185386126354,2.97453819244946,1581,1597,1585,17,59807.61738721664,59807.72849984201,59807.64516537327,0.1111126253672409,33.396862,-3.8092642,1,5.10910039671257,11.722845077514648,5.398829460144043,1,21.51106080854553,0.8392062101235924,1.0460911775179322,1,0.2054765545402712,0.7976892509579009,0.290425029635649,2.620627921106672,1.3543010639015227,0,,,,9.0,-,2169396880382898560,-0.4917405183280152,-0.246926567031096,[10140],-1,11,2,1,TSS 210527.58+513428.28
689,1,-,55,3,2,64,77.26099711721237,218.0853163596,0.1101263979823956,0.1111371037613593,77,218,1903,2000,77.1983830437031,218.16215898342696,77.26099711721237,218.0853163596,316.5668462724398,52.295615026455664,0.0006083612531603,0.0006341278660852,92.29153956250912,3.365230378205532,3062,3066,3062,5,59818.84662962497,59818.87440747822,59818.84662962497,0.0277778532545198,90.60164,-4.89284,1,8.61647216398189,37.67314147949219,14.944391250610352,1,38.01937151411424,0.9895672461703524,0.14747461684212,0,0.0,0.8164026088366027,0.2127366095186625,2.752675627962019,0.2646378948537981,0,,,,0.0,-,2169591979274370048,0.1843157510115816,-0.0031980455901248,[10364],-1,5,1,1,TSS 210616.04+521744.21T59818
572,3,-,55,3,3,4,50.81455620478508,168.88411483694782,0.1118891409862021,0.1140422397582812,51,169,858,169,51.02819721223541,169.13541982353735,50.81455620478508,168.88411483694782,302.1883311766049,61.56618456932975,0.000634433134711,0.0006049869656328,95.19575446713677,15.112590723535204,2296,2304,2297,9,59813.49823553639,59813.55379147631,59813.50518002892,0.05555593992176,43.113583,-4.0865355,1,6.027551353078271,12.517684,5.11899,1,22.561174314705877,0.9704223607645688,0.2795640327347358,0,0.0996144597152858,0.769018002180097,0.2802179767226184,3.0739401628817142,0.285582283878078,0,,,,8.0,-,2237881409526550016,0.0186943452863488,0.1117802452527882,[16844],-1,7,3,1,TSS 200845.20+613358.26
571,2,-,55,3,3,6,94.50000000264008,181.43497265475767,0.1135069517581285,0.1165491046749972,95,181,1414,181,94.66727935280916,181.44834388280748,94.50000000264008,181.43497265475767,296.6956466120332,59.97415332963646,0.0006506002968592,0.0006310691543773,92.44019054297316,16.75553630907933,1410,1415,1412,6,59806.428722490935,59806.46344516629,59806.44261156111,0.0347226753583527,49.832706,-4.2437863,1,6.530748949598239,13.975941,8.644137,1,19.40417965282927,0.8995791252759879,0.936388518063635,1,0.0320995878801071,0.9198596634610104,0.3608397517293834,2.2201493469508797,1.5290522862855678,0,,,,13.0,-,2236001549582519040,-0.190319023643724,-0.1616353633578455,[9192],-1,6,2,1,TSS 194646.96+595826.95
262,1,-,55,3,3,9,237.2222222232901,171.97738740830147,0.1243770633592746,0.1320941949272255,237,172,281,423,237.46229731591384,171.85205196429902,237.2222222232901,171.97738740830147,309.60525609599887,61.59755813810576,0.0006960093646625,0.0006955073194417,97.17747697598008,12.156490020894438,105,107,105,3,59797.33832116216,59797.35221023954,59797.33832116216,0.0138890773887396,29.335766,-3.6684937,1,4.823348001108455,12.352452,7.4336762,1,13.50567374977594,0.9752118859639652,0.3434940051243954,0,0.0518360348021053,0.8175719400069758,0.3146897269986951,3.080263991550816,1.148598092107914,0,,,,0.0,-,2195236026409995520,0.2111765627943214,-0.3373415305451317,[10116],-1,3,1,1,TSS 203825.26+613551.21T59797
346,1,-,55,3,3,9,14.365869201479,243.75517777738995,0.1270717326004892,0.1357518117718202,14,244,58,495,14.664498152102931,243.74707539242968,14.365869201479,243.75517777738995,312.30465468134287,61.62856741613932,0.0007008738828505,0.0007131664718775,97.98617444809862,11.146324651023948,332,334,333,3,59798.914731606535,59798.92862068683,59798.92167614668,0.0138890802918467,26.07018,-3.54036,1,4.541603377017113,11.492959,8.220867,1,12.897779219844583,0.9218099031682416,0.4421555105321903,1,0.1935272896840726,0.8714154650466068,0.2975708770099571,3.0389734068287217,0.4282573584608447,0,,,,1.0,-,2194369027132164608,0.4509731941817563,-0.1798614042882036,[10852],-1,3,1,1,TSS 204913.12+613742.84T59798
656,1,-,55,3,3,10,56.50000000270089,147.10066024267107,0.1430764952923449,0.1566018063752406,57,147,352,398,56.55364603678176,147.1055789844754,56.50000000270089,147.10066024267107,308.7384407324063,61.58685510721728,0.0008086052573693,0.0008219156220946,96.9248836721749,12.487055392384445,1316,1317,1316,2,59805.7759361519,59805.78288068785,59805.7759361519,0.0069445359549717,28.744095,-3.6463716,1,4.9757417419158765,11.6762113571167,8.610054016113281,1,10.738915385453758,0.8738386501648865,1.208863529462651,0,0.0,0.6885026376981168,0.4323876893930101,1.7698699381211258,1.721981595199223,0,,,,0.0,-,2195247021525979904,-0.4352589232345849,-0.6662429803353689,[],-1,2,1,1,TSS 203457.23+613512.68T59805
878,2,-,55,3,3,11,235.8381091310241,19.690937800630287,0.1265740764346214,0.1350804335088237,236,20,787,271,236.0028572540852,19.709188322429508,235.8381091310241,19.690937800630287,303.4943120597038,61.25783072326758,0.0007256010842406,0.0007140854635853,95.24423097296518,14.417328962344389,3560,3565,3561,6,59822.37329153077,59822.40801393418,59822.38023601155,0.0347224034121609,28.921824,-3.653064,1,3.063253520864787,10.536397,5.8054466,1,13.00097478294265,0.8707252272502672,0.5716681648077706,1,0.1414538764955256,0.7944714981769326,0.209469407612199,2.8791413407413424,1.1873115301132202,0,,,,0.0,-,2237128553299457280,-0.1018161664704848,0.1351461580996442,[12257],-1,5,2,1,TSS 201358.63+611528.19
937,1,-,55,3,3,11,123.16944323429573,171.19958786709796,0.1118352289329029,0.1139569025710724,123,171,674,422,123.24915983614456,171.22510785843414,123.16944323429573,171.19958786709796,305.4683083380866,60.78859713446638,0.0006335821829059,0.0006121250562882,95.34756480621766,13.356891530728534,2598,2602,2598,5,59815.59547213908,59815.62325010421,59815.59547213908,0.0277779651296441,41.64338,-4.048865,1,5.874677956390076,21.339712,9.468756,1,22.71752848498977,0.9706985730374584,0.254882401132652,0,0.0,0.7776274775553214,0.3466056766603644,2.27392840616564,1.392081978032994,0,,,,8.0,-,2242815055639458944,-0.0800932769375322,-0.1096296753385104,[12366],-1,5,1,1,TSS 202152.39+604718.95T59815
980,1,-,55,3,3,14,200.31915245457432,152.2368871218175,0.1139112428915787,0.1171624832504346,200,152,1519,403,200.5484412971127,152.25161996690815,200.31915245457432,152.2368871218175,297.01802309192414,58.63327751958617,0.0006581139363617,0.0006452107840004,91.25677604698711,16.02336409051048,2747,2755,2749,9,59816.63020126805,59816.68575718981,59816.64409024846,0.0555559217609697,26.778095,-3.5694492,1,4.73715268503008,10.789212226867676,5.06105899810791,1,18.884640434616973,0.9375862807926282,0.4659217256464386,1,0.2028636085800272,0.8060833418582545,0.2422866605475158,2.6337495129323365,1.1797941716614122,0,,,,0.0,-,2235782888504443136,-0.1458139230380766,0.0836955098865246,[13136],-1,7,1,1,TSS 194804.33+583759.80T59816
511,11,-,55,3,3,15,34.46423334226025,53.22069628542703,0.1180190564827557,0.1232001908792599,34,53,1609,304,34.332218484788264,53.02416514934387,34.46423334226025,53.22069628542703,295.5930230863407,58.813212733499725,0.0006829545211163,0.0006731072979092,91.0935281423088,16.768455082552688,285,286,285,2,59798.58833822509,59798.59528276489,59798.58833822509,0.0069445397966774,42.09348,-4.060537,1,5.772511057120265,11.33376693725586,8.24045181274414,1,15.739227774681918,0.824154460163762,0.6961536383517507,0,0.0,0.7310586078837886,0.448783576766784,1.6527073235931755,2.337893486022949,0,,,,9.0,-,2238474321170448384,-0.1528894166308418,0.3615957600800925,[14136],-1,2,19,1,TSS 194222.33+584847.57
862,1,-,55,3,3,18,161.60147562739755,40.21173392417284,0.1208404793347193,0.1271999656825885,162,40,457,547,161.73350039332766,40.15115422802921,161.60147562739755,40.21173392417284,308.3453948694869,60.63744289346916,0.0006831258043492,0.0006810535457743,96.016250860965,12.10072589975407,2196,2201,2198,6,59812.80378628651,59812.83850874883,59812.81767527146,0.0347224623183137,33.77703,-3.8215537,1,5.104306437659471,14.696848,7.4268208,1,14.55217966417859,0.9562882169828804,0.6435532107751746,0,0.0496305997279645,0.8391955914781388,0.3269029454246004,2.4648441790817244,0.8680745379565621,0,,,,0.0,-,2194804979194128256,-0.0050199062746969,-0.1247900180736678,[12138],-1,6,1,1,TSS 203322.89+603814.79T59812
947,1,-,55,3,3,19,140.80156312840975,68.18311153616743,0.1548512680855889,0.1712995745405173,141,68,692,575,141.17792685349218,68.37246241731098,140.80156312840975,68.18311153616743,306.0611566040669,59.99505986531043,0.000895473831764,0.0009190460682927,94.8246651561695,12.68166072324313,1958,1961,1959,4,59811.15099708492,59811.17183056439,59811.15794157804,0.0208334794660913,26.193226,-3.5454726,1,4.474275191197319,16.582628,8.1073265,1,9.83018363290427,0.9328898676322472,0.4307559191412273,0,0.0476350821962839,0.8880110426465704,0.318949046534752,3.806319267484132,0.3226896170339321,0,,,,0.0,-,2188722450807845376,-0.0631719266709751,-0.1967205462442507,[14768],-1,4,1,1,TSS 202414.68+595942.22T59811
955,1,-,55,3,3,19,48.77177565809762,174.0464695148909,0.1285946784729806,0.1377956902815426,49,174,600,681,48.78674243303683,173.89987043917745,48.77177565809762,174.0464695148909,307.5091653979776,59.66788259641941,0.0007359962674505,0.0007462068072419,94.9583845771256,11.894595627506064,2265,2268,2266,4,59813.28295626878,59813.30378974626,59813.28990076131,0.0208334774797549,23.396688,-3.4228861,1,4.223291884364089,13.23806,8.320341,1,12.603099789472749,0.9611960256773748,0.2791329856938457,1,0.0688762937655262,0.948031694538778,0.1182904769713101,3.404375423593351,0.4224189583026942,0,,,,0.0,-,2194472140706494592,-0.1680028860291713,0.0015184465177071,[14805],-1,4,1,1,TSS 203002.20+594004.38T59813
1235,1,-,55,3,3,21,259.8691693609219,130.2405279846357,0.1190553764507316,0.1246806823750396,260,130,1323,637,259.647047011304,130.26548274468053,259.8691693609219,130.2405279846357,300.1852635491506,58.09312592513336,0.0006939317493832,0.0006892991418951,91.553214356866,14.30022603160371,2316,2320,2317,5,59813.63712538601,59813.66490335592,59813.64406987855,0.0277779699026723,20.52551,-3.280735,1,3.982091833738695,11.02138900756836,6.28455114364624,1,15.251668049336772,0.9798990882796677,0.2753865748270879,1,0.1575975618893241,0.8595426371499781,0.2996715379929955,3.3966544573939994,0.1437927748759436,0,,,,0.0,-,2234850807585213056,-0.0956335905011656,-0.1454127766257897,[17568],-1,4,2,1,TSS 200044.46+580535.25
1243,1,-,55,3,3,22,9.71072829618229,25.862196289039776,0.1251018667572647,0.1330835425706685,10,26,1329,533,9.785971188953132,25.73296202152287,9.71072829618229,25.862196289039776,299.554614016332,58.579175677044745,0.0007308039951168,0.0007286243612689,91.8318827278817,14.822801421457816,2451,2457,2453,7,59814.574631855015,59814.61629880754,59814.58852083915,0.041666952522064,21.558249,-3.3340337,1,4.155966275338,10.879759,5.4981956,1,13.329473364828434,0.9575883379985924,0.4950295712331875,0,0.0867008029797912,0.7998803252296314,0.3571093378662445,2.887391035399109,0.9295721519239704,0,,,,0.0,-,2235627067091620096,-0.1123372207100601,-0.1580227978917037,[18180],-1,6,1,1,TSS 195813.11+583445.03T59814
1375,1,-,55,3,3,22,190.7777777775738,20.42184444434016,0.1099971756343936,0.11090392692258,191,20,1510,527,191.04529758790048,20.526014942545324,190.7777777775738,20.42184444434016,297.8244378385711,58.07902624716344,0.0006341020647789,0.0006184085056563,90.93775462806896,15.397375839315552,3199,3208,3200,10,59819.79688793796,59819.86633279986,59819.803832424215,0.069444861896045,134.51495,-5.3219266,1,10.86993436912676,35.053234,9.077948,1,45.25998693299916,0.9953546090843552,0.1624818873757522,0,0.1001921560417596,0.8812743767669484,0.2689023859501317,2.2058606039176456,0.915500361120187,0,,,,9.0,-,2235552261642989568,0.1338748624682466,-0.1348296103085431,[18337],-1,7,1,1,TSS 195117.87+580444.49T59819
375,1,-,55,3,3,23,104.73547010468631,225.08852703381177,0.1156343623855994,0.1197332574618134,105,225,1680,732,105.0754166324046,225.00898853372576,104.73547010468631,225.08852703381177,297.4311687524553,56.59310719552204,0.0006755903208244,0.0006725096839389,89.46560058138274,14.91374070217763,274,278,274,5,59798.51194828661,59798.53972644592,59798.51194828661,0.0277781593031249,31.876087,-3.7586627,1,4.900649560229919,16.448645,9.2709675,1,17.227241804728937,0.96205929383262,0.5636619304005496,1,0.0808162649150246,0.8353222127406337,0.3955999581609969,3.151700513769645,0.061256679301809,0,,,,0.0,-,2234966535481464832,-0.0766672003167059,-0.0913054507478818,[13116],-1,5,1,1,TSS 194943.48+563535.19T59798
528,2,-,55,3,3,27,173.55555576049375,138.34915054914296,0.1186294287834148,0.1240738820945619,174,138,725,901,173.50510113448414,138.54171972474106,173.55555576049375,138.34915054914296,307.2916068255165,58.2792821294775,0.0006810519746607,0.0006855968905344,93.7227656451418,11.205209194906224,871,872,871,2,59802.65783875789,59802.66478329711,59802.65783875789,0.0069445392146008,45.45841,-4.1440353,1,6.301488883471476,11.644648,8.079706,1,15.443468256083433,0.943672212986586,0.3444972119991421,0,0.0,0.7722392810871853,0.3536943144087059,2.8501695742619484,0.0,0,,,,9.0,-,2188238631332078848,-0.1999605331427574,-0.1386048669018009,[15979],-1,2,8,1,TSS 202909.99+581645.42
528,4,-,55,3,3,27,173.55555555621137,138.36373495397572,0.1191451982434359,0.1248083479340134,174,138,725,901,173.96487084479293,138.41795323794804,173.55555555621137,138.36373495397572,307.2916737813256,58.27920769344203,0.0006842202119649,0.0006894977314059,93.72272319043437,11.205138161780392,1953,1954,1953,2,59811.11627461841,59811.12321911177,59811.11627461841,0.0069444933542399,35.19545,-3.8662162,1,5.255010904679444,10.656194,7.6758194,1,15.212613067627965,0.9667425352983804,0.2834939886140702,0,0.0,0.8432431557068296,0.3917475994433717,3.37231863286747,0.7524364840943828,0,,,,9.0,-,2188238631332078848,-0.199960328819543,-0.1531892717057417,[15980],-1,2,8,1,TSS 202910.00+581645.15
528,6,-,55,3,3,27,173.42229527079434,138.3208098931429,0.1163836262355099,0.1208325872185351,173,138,724,901,173.5079554013629,138.20615257421076,173.42229527079434,138.3208098931429,307.29278358288667,58.27972190307533,0.0006672103302932,0.0006684093608904,93.72349146696968,11.204945984819636,2356,2357,2356,2,59813.91490509039,59813.92184958281,59813.91490509039,0.0069444924229173,37.422108,-3.9328206,1,5.806404839814123,10.296533,6.680668,1,16.688302877859883,0.9637920736965914,0.2756980421280176,0,0.0,0.6928171901524911,0.2347665872401046,3.71984473553463,0.8797702193260193,0,,,,9.0,-,2188238631332078848,-0.0667000441671916,-0.1102642112255125,[15981],-1,2,8,1,TSS 202910.27+581647.00
643,1,-,55,3,3,27,139.8276458704515,127.9483236087453,0.1163142544263522,0.1207312190570767,140,128,691,891,139.56420616732103,128.01908281876078,139.8276458704515,127.9483236087453,307.57534357733084,58.406594335267954,0.0006657198652044,0.0006668561704811,93.91561099492796,11.15429188031108,714,718,714,5,59801.56754603731,59801.59532419731,59801.56754603731,0.0277781600016169,39.146164,-3.9817228,1,5.435513143956185,10.553205,5.4312415,1,16.73491258855226,0.9808130867730176,0.2161395868179164,1,0.2090521603939063,0.2688601409270882,0.3851838754310603,2.9518615856239863,0.5153860972709816,0,,,,0.0,-,2188334185763334912,-0.0691653652719423,0.1042117903037933,[16440],-1,4,2,1,TSS 203018.08+582423.74
1083,1,-,55,3,3,27,138.31052354094933,176.08044312650978,0.113077082191739,0.1158918244372073,138,176,689,939,138.15585653948756,176.11413452490774,138.31052354094933,176.08044312650978,307.80867227033696,58.16366188063554,0.0006458732943141,0.0006429509264091,93.78293587164416,10.915328580898638,3235,3241,3235,7,59820.06077840792,59820.10244532296,59820.06077840792,0.0416669150436064,68.30733,-4.5861683,1,7.398037075319083,28.90785,15.007216,1,20.04165021781341,0.9862978402226508,0.2321328780350708,0,0.0924746787774168,0.8149179088125243,0.2520950537859195,2.707915100197732,0.5405561710094257,0,,,,0.0,-,2187576038138184064,-0.5457245882683992,0.3271446082366083,[17507],-1,7,1,1,TSS 203114.08+580949.18T59820
994,1,-,55,3,3,28,153.34288217898987,94.86628888861398,0.1266152498092582,0.1351360474453858,153,95,960,858,154.24487274503974,94.66347405742088,153.34288217898987,94.86628888861398,304.79045897303337,57.95152969423004,0.0007367337233962,0.0007470228559631,92.7017463707233,12.12865082886238,2058,2059,2058,2,59811.845446340965,59811.85239083327,59811.845446340965,0.0069444922992261,20.630323,-3.2862651,1,3.449910125049886,11.367132,10.219371,1,12.99229666082149,0.9298046581659736,0.431799487757249,1,0.2368004969432782,0.8627843542818294,0.5128809991828398,3.89784886830182,0.8625920393079506,0,,,,0.0,-,2188074975897397120,-0.1386290207477714,-0.1684321367614529,[14799],-1,2,1,1,TSS 201909.71+575705.51T59811
1025,1,-,55,3,3,28,79.62235950196168,252.3118214484848,0.1140064045594593,0.1173062326796937,80,252,887,1015,79.60679709692823,252.39554863603877,79.62235950196168,252.3118214484848,306.2462949765398,57.32801719917376,0.000657394132098,0.0006565397837951,92.60143195797087,11.13556080483649,2488,2492,2488,5,59814.83157805944,59814.859356027126,59814.83157805944,0.0277779676907812,37.77552,-3.943026,1,5.538969409160889,18.03703,9.252154,1,18.77168027198989,0.8977692915198143,0.3927714966745638,0,0.1948852360565454,0.8020251278399987,0.1911301913213566,1.5315862394525792,0.8714613924138818,0,,,,4.0,-,2187807622774107904,-0.1746441916842513,-0.0259520986681991,[14840],-1,5,1,1,TSS 202459.11+571940.86T59814
337,1,-,55,3,3,33,251.83263720378852,43.477399999999896,0.1238713488692999,0.1314013274009668,252,43,296,1062,251.7134352762428,43.5190335115808,251.83263720378852,43.477399999999896,312.2012281217158,58.30544287239053,0.0006964449946406,0.0007225034864838,95.29417818762256,9.140191497494987,115,116,115,2,59797.40776654954,59797.41471108829,59797.40776654954,0.0069445387489395,35.680664,-3.8810823,1,5.546831776269925,13.404218,8.969908,1,13.63506821338758,0.8687284415257912,0.5455220483943006,0,0.0,0.6426749928294907,0.1632043346397705,1.4317017406786303,1.02543816344622,0,,,,8.0,-,2190399068603025152,-0.1920177710109669,-0.3159644386537366,[10567],-1,2,1,1,TSS 204848.29+581819.59T59797
359,2,-,55,3,3,33,134.6666663110214,83.70713127304542,0.1142217020419176,0.1176306202959727,135,84,179,1103,134.80254776092508,83.83570613881962,134.6666663110214,83.70713127304542,313.50970053895423,58.298284169017,0.0006343619641411,0.0006475973306286,95.7238739156488,8.599372558180532,2732,2739,2733,8,59816.52603391334,59816.57464534583,59816.532978403775,0.048611432488542,43.03864,-4.084646,1,5.871798555454534,13.012424,5.0587845,1,18.52758850042685,0.9879327887209004,0.2581791238615521,1,0.0504437742977471,0.82158019001053,0.2968629899371522,2.7960135954153595,0.8872841762335774,0,,,,1.0,-,2190361650847501184,-0.1081029063544747,-0.0998783764373456,[10854],-1,5,2,1,TSS 205402.33+581753.82
589,1,-,55,3,3,33,40.28890047477114,182.421844400296,0.112149073173636,0.1144517731933021,40,182,84,1201,40.42416908720912,182.3708526421662,40.28890047477114,182.421844400296,314.7914088167155,57.93181309427901,0.0006178616991643,0.0006316881817336,95.8770900414615,7.844632737132829,796,806,797,11,59802.13699830249,59802.20644369838,59802.14394284217,0.0694453958858503,46.705933,-4.1734304,1,6.115343542411428,18.01487,7.39884,1,21.874088434519173,0.989356178433272,0.1784961998211827,1,0.1976367879580604,0.714014373647926,0.2734296503635668,2.7276640743589677,0.4155110578097633,0,,,,0.0,-,2190470158900814592,-0.1543308627806681,-0.0716405649484386,[12151],-1,9,2,1,TSS 205909.94+575554.53
589,2,-,55,3,3,33,40.22222222088648,182.4774009732124,0.126748971905274,0.1353165845238318,40,182,84,1201,40.33116742288311,182.4550526750374,40.22222222088648,182.4774009732124,314.7922532190507,57.931624863798255,0.0007022102550492,0.0007442800422951,95.8772379971614,7.844169124414823,1161,1163,1162,3,59804.6995329917,59804.713422065935,59804.706477528816,0.01388907423825,36.890854,-3.917297,1,5.394144514706497,12.760884,7.5171065,1,12.964289067229297,0.9713486616935852,0.3149856902003846,1,0.0,0.8855541097472068,0.2110398928471897,2.698940550758078,1.4956603678258482,0,,,,0.0,-,2190470158900814592,-0.0876526100784644,-0.1271971378484977,[12152],-1,3,2,1,TSS 205910.14+575553.85
693,1,-,55,3,3,33,80.22635975089105,161.19961633990005,0.109959039487012,0.1108331155187689,80,161,124,1180,80.34269854836984,161.11497305760457,80.22635975089105,161.19961633990005,314.3267804000084,57.97987453237065,0.0006067006568008,0.0006125423813474,95.75375855614332,8.064091092801695,921,929,922,9,59803.03284386938,59803.08840017985,59803.03978840813,0.0555563104644534,144.12152,-5.396822,1,11.235637745787503,52.622597,12.900173,1,49.396366395803454,0.991096349035157,0.1398861241596158,0,0.0,0.8313844533042463,0.3232463020774861,2.5242738437934067,1.4636641178873604,0,,,,12.0,-,2190514375585587456,-0.1020220125475646,-0.0808295146862292,[12274],-1,9,1,1,TSS 205718.43+575847.55T59803
954,1,-,55,3,3,33,52.777777776230366,37.55240233950561,0.1122009476220363,0.1145331436645917,53,38,97,1057,52.89802758210948,37.81578997946665,52.777777776230366,37.55240233950561,314.1477713554681,58.675680283811694,0.0006186340502369,0.0006278443939167,96.23292627236604,8.58196155242984,2923,2928,2924,6,59817.8802093856,59817.91493182929,59817.88715387429,0.0347224436918622,48.913544,-4.2235727,1,6.277479547240905,17.808893,8.069398,1,21.74861563224546,0.9802315473216952,0.2261520299536822,1,0.123659577719628,0.8935071873188435,0.2480735325764941,2.827246217235804,0.4516642601333751,0,,,,0.0,-,2190737134069802880,-0.2206143274706562,0.123628474701718,[12694],-1,5,1,1,TSS 205635.47+584032.45T59817
805,1,-,55,3,3,34,162.49999999781974,127.0629582811071,0.1163358760345013,0.1207628219901234,162,127,457,1146,162.65317842281596,126.85013742787471,162.49999999781974,127.0629582811071,310.95157828432565,57.56643563120669,0.0006586438623973,0.0006713404654323,94.29089567054832,9.21220936147036,1335,1337,1335,3,59805.9078823324,59805.92177140384,59805.9078823324,0.0138890714442823,44.793972,-4.128049,1,5.96575685117185,13.036930084228516,7.558847904205322,1,16.720319305847827,0.9755307389675985,0.2641154875236565,0,0.0,0.7046970655859268,0.1871306452940261,3.500272197383336,0.7290749191479559,0,,,,0.0,-,2193256424445447424,-0.1389617945694112,-0.0349688239036822,[13681],-1,3,1,1,TSS 204348.38+573359.17T59805
1062,1,-,55,3,3,35,216.90919151871168,196.9773851693,0.1152128683710143,0.1191102532063732,217,197,768,1216,217.0465535312925,196.96487541573197,216.90919151871168,196.9773851693,308.26738452001894,56.56035475574209,0.0006624340941115,0.0006701720973011,92.5928091952513,9.79231215832876,1901,1913,1902,13,59810.755160913184,59810.838494856536,59810.76210540874,0.083333943352045,38.94985,-3.9762642,1,5.318122901792384,21.08987617492676,7.717803001403809,1,17.56998424642828,0.963465653929912,0.337145735042747,0,0.0933383133469671,0.7210267041283513,0.4054452145937843,2.899410014816792,0.2212137420798363,0,,,,4.0,-,2187150183539881216,0.3510715686726371,-0.4135186013093062,[17124],-1,10,1,1,TSS 203304.17+563337.28T59810
1074,1,-,55,3,3,35,222.29005466350665,187.75514962162,0.1255112432622843,0.133640480820432,222,188,773,1207,222.39377448498624,187.79852985675583,222.29005466350665,187.75514962162,308.17703742028147,56.59657370399396,0.0007257344540297,0.0007486466347254,92.59362871615195,9.853854696293132,2069,2076,2071,8,59811.921835756046,59811.97044720203,59811.93572474064,0.0486114459854434,24.911295,-3.4909906,1,4.323262732535832,13.373736381530762,7.407852649688721,1,13.234387860337888,0.96421835249147,0.3054551706128332,1,0.0845939035764852,0.9411875558187902,0.3931675281369987,2.685952899907223,1.1785716129402026,0,,,,4.0,-,2187153104117636736,-0.1964040894411027,-0.1679838504871895,[17146],-1,8,1,1,TSS 203242.49+563547.67T59811
1119,1,-,55,3,3,35,87.88887840238908,66.47739999999995,0.1105844575917965,0.1119249073586865,88,66,639,1085,88.00838003278776,66.67868740501572,87.88887840238908,66.47739999999995,308.94271026326413,57.51632760617972,0.0006293870637847,0.0006256884837759,93.5993495353874,10.04885085649269,2656,2659,2656,4,59815.99825262408,59816.01908609679,59815.99825262408,0.0208334727140027,63.59742,-4.508599,1,7.3861718209957266,24.58219718933105,10.775604248046877,1,29.37484969724547,0.9824655974408072,0.2777135175872504,0,0.0,0.8192803377690997,0.1219845900215459,2.341432884419119,0.9208901858665458,0,,,,4.0,-,2187483571783076608,0.3699285401720544,-0.0253071755350902,[17238],-1,4,1,1,TSS 203546.25+573058.78T59815
1138,1,-,55,3,3,35,172.22219606885574,110.72509762103724,0.1355754193332664,0.1469860285006878,172,111,723,1130,172.36711548523627,110.74660662956305,172.22219606885574,110.72509762103724,308.32182122166563,57.10643428315343,0.0007845938549966,0.0008176465728949,93.06265937536403,10.083699018912831,2796,2801,2797,6,59816.97048128078,59817.00520372995,59816.977425770645,0.0347224491633824,31.399134,-3.7422943,1,4.93246764715628,11.99748706817627,6.432500839233398,1,11.546301181036933,0.9837364847039464,0.3162993684720097,1,0.1004352900735789,0.7898253983802066,0.277941906597118,2.7436585617277958,0.503930934204611,0,,,,0.0,-,2187378607080865024,-0.1687682218747568,-0.0380922102121985,[17263],-1,6,2,1,TSS 203317.24+570623.16
576,1,-,55,3,3,38,224.82234977252423,200.53096450367875,0.1124805090061584,0.1149697595184336,225,201,1544,1220,224.80783349547104,200.62438224457776,224.82234977252423,200.53096450367875,301.18838365658746,54.594819481704455,0.0006596747901564,0.0006593726712667,88.70683426758401,12.09386067949928,680,690,685,11,59801.33143167451,59801.40087707587,59801.366154375246,0.0694454013573704,47.73039,-4.1969876,1,6.385895692685027,19.80193,10.339693,1,21.127466889405,0.98534621623167,0.3263294380588309,1,0.098920344685529,0.6905821507552008,0.2754696092763896,2.3331708987050197,0.6125478488278868,0,,,,0.0,-,2185721230741041024,-0.1068248626493186,-0.1459120408233047,[14551],-1,11,1,1,TSS 200445.21+543541.35T59801
1487,1,-,55,3,3,40,13.206113126978426,6.715451640614325,0.1485458358946151,0.1634810723937667,13,7,1839,1026,13.363935779153897,6.66102249780298,13.206113126978426,6.715451640614325,297.6321478387182,54.68690870849272,0.0008899473617554,0.0009178299733303,87.76936163996626,13.940132477503008,2647,2648,2648,2,59815.93575220548,59815.94269669638,59815.94269669638,0.0069444909022422,22.016678,-3.3568792,1,4.281429323597063,10.535471,6.971506,1,10.276172927006272,0.8977046918208784,0.6990774948934295,0,0.0,0.7032403156178233,0.3988852553430374,1.930328648929359,1.0544906854629517,0,,,,0.0,-,2137965386295789824,0.5679666371013354,0.1087650617794224,[],-1,2,2,1,TSS 195031.72+544112.87
840,1,-,55,3,3,41,185.4999999972991,44.98702425957255,0.111994949628806,0.1142093187763359,185,45,229,1320,185.62242963941063,45.122142858954206,185.4999999972991,44.98702425957255,313.80874505747227,57.06308432191262,0.0006234489705024,0.0006366672596128,94.86284368199496,7.691188768993487,2064,2068,2064,5,59811.88711329465,59811.91489126374,59811.88711329465,0.027777969087765,53.077076,-4.312268,1,6.7372130644484765,21.565542221069336,9.53769874572754,1,22.268896181919512,0.9889305635545698,0.1677998267969343,0,0.0908623987210833,0.7670661067343859,0.2581422287681283,2.86647284202412,0.7858980566747887,0,,,,0.0,-,2190037844672537856,-0.1187005356167105,-0.0384848437440723,[14959],-1,5,1,1,TSS 205514.10+570347.10T59811
849,1,-,55,3,3,41,145.81916078534496,153.3604789513746,0.1167291486421321,0.1213362750196206,146,153,190,1428,146.15854254313172,153.25967132646534,145.81916078534496,153.3604789513746,314.5639012653994,56.552116102426126,0.0006493620935622,0.0006774084878145,94.73557176673516,7.046165024908687,2209,2212,2209,4,59812.89406468863,59812.91489816612,59812.89406468863,0.0208334774870309,41.043983,-4.033124,1,5.618910680503928,11.383695602416992,6.965857028961182,1,16.464932228099894,0.9266048952171227,0.5425396584920352,0,0.084637399646661,0.7687466925288007,0.1930254269396996,3.194324906809746,0.7042878635217351,0,,,,8.0,-,2189249563557194752,-0.1704832016907573,-0.0100389270173764,[14966],-1,4,1,1,TSS 205815.34+563307.62T59812
854,2,-,55,3,3,41,42.54498631428408,109.9148460492729,0.1099124120929643,0.1107442881555128,43,110,87,1385,42.708800840750015,110.01507577055482,42.54498631428408,109.9148460492729,315.39694208814615,56.95192313803928,0.0006046577582144,0.0006167799898121,95.34084733550658,6.959434378619569,3341,3351,3342,11,59820.796893856204,59820.88022767278,59820.80383834094,0.0833338165757595,161.0558,-5.517441,1,11.73522702039248,48.315216064453125,12.409161567687988,1,58.99423438038016,0.994740683483815,0.1136011723305294,0,0.0870224879855066,0.9374003204456453,0.2917879187364785,2.9266993366904988,0.3860505871992578,0,,,,9.0,-,2189288218263584512,-0.1310071974561708,0.0188357850240663,[14985],-1,9,2,1,TSS 210135.27+565706.92
175,5,-,55,3,3,42,14.673950204621235,141.0885365741094,0.1132419413142515,0.1161445538241067,15,141,310,1416,14.748914505320768,141.17845630983985,14.673950204621235,141.0885365741094,313.38843978042195,56.41175850891591,0.0006341326407048,0.0006511852298438,94.20790192660117,7.454829323313325,2070,2079,2071,10,59811.928780248345,59811.99128067882,59811.93572474064,0.0625004304747562,59.772118,-4.4412465,1,6.802431709885224,16.225723,6.8350344,1,19.78528824382144,0.9807093839833246,0.2131548724117139,0,0.0741739177997268,0.8938639962133341,0.3436533828668767,3.4775258609494326,0.5754094703249555,0,,,,0.0,-,2189915317846563456,-0.1195924354237263,-0.0053444184884483,[10463],-1,7,33,1,TSS 205333.23+562442.33
1130,1,-,55,3,3,42,87.22220728238631,217.7651513083128,0.1138576145563046,0.117081370780917,87,218,382,1493,87.40408879414146,217.6626294285284,87.22220728238631,217.7651513083128,312.9805186453046,55.8718852800931,0.0006406095363785,0.0006594945376706,93.64129370944474,7.289443948575147,2770,2777,2771,8,59816.78992454173,59816.838535972005,59816.796869031816,0.0486114302766509,33.824265,-3.8230708,1,5.067335779382244,11.17994,5.7980185,1,18.94976172909002,0.9882176799019544,0.3452950575838081,1,0.1623078690378017,0.8019011659526006,0.3688780862404223,2.6196421119564044,0.3046784908039959,0,,,,4.0,-,2183870443434459008,-0.1420474724895939,0.0399061069031176,[19867],-1,7,1,1,TSS 205155.32+555218.79T59816
1176,1,-,55,3,3,42,249.85887203760788,234.568420007054,0.1621170950463627,0.180183995510757,250,235,545,1510,249.6423711616684,234.87869765401535,249.85887203760788,234.568420007054,311.5294039406404,55.47451000196758,0.000932138028531,0.0010116868893011,92.8135250588172,7.6817596537134225,3547,3552,3548,6,59822.28301327824,59822.31773568375,59822.28995775948,0.0347224055076367,27.680882,-3.6054497,1,4.485343548656615,11.448091,6.6053348,1,9.399551760996191,0.8926614573254076,0.5534379881335489,0,0.3146489382565403,0.8287178006331793,0.3736711195734293,3.659934753541234,0.7357230658181799,0,,,,0.0,-,2183800242191954816,-0.2439003834253981,0.1000649426503059,[19961],-1,6,1,1,TSS 204607.06+552828.24T59822
718,1,-,55,3,3,43,173.00813601485325,149.2237053977275,0.1175101001943611,0.1224677120150411,173,149,724,1424,173.0031931998257,149.46354202360158,173.00813601485325,149.2237053977275,309.5396253332766,55.56218297141434,0.0006753318893144,0.0006932156633776,92.1955539413359,8.631709093961348,794,796,795,3,59802.12310922324,59802.13699830249,59802.13005376292,0.0138890792513848,38.776188,-3.9714127,1,5.256462997469403,14.582552909851074,10.40007209777832,1,16.007462924368667,0.976717849328168,0.2604201312562209,1,0.026130659328017,0.9320676293068642,0.2328783907990621,2.798035664861474,0.1381843637232254,0,,,,0.0,-,2183660810373985536,-0.1466622481522108,0.0113283052887709,[18644],-1,3,1,1,TSS 203809.51+553343.86T59802
1159,1,-,55,3,3,43,244.8330788213348,89.64406666666667,0.1158131567380578,0.1199965059846953,245,90,796,1365,244.81835131348228,89.49614973839564,244.8330788213348,89.64406666666667,308.6308129607068,55.7212088661808,0.0006671726705045,0.0006794337654765,92.01980521494336,9.139846315673848,2199,2200,2199,2,59812.82461976388,59812.831564256296,59812.82461976388,0.0069444924156414,30.575794,-3.7134445,1,5.277739468433762,11.898271560668944,10.224061965942385,1,17.091079246159115,0.8573091097361257,0.5115364237127704,1,0.1113515076225607,0.7300692412979324,0.1921282219128716,1.8981934692543545,1.5393270405489226,0,,,,8.0,-,2186680417201406336,-0.1878599737507329,-0.0140856642860853,[19508],-1,2,1,1,TSS 203431.40+554316.35T59812
415,1,-,55,3,3,47,33.17537805816191,217.64406736008064,0.1131705909117432,0.1160352766951808,33,218,1608,1493,33.078765461838906,217.5087248589663,33.17537805816191,217.64406736008064,301.9417310882189,53.02935649318297,0.0006664066522142,0.0006711861887624,87.56387572044449,10.913143165815708,175,185,175,11,59797.82443888177,59797.89388427265,59797.82443888177,0.0694453908799914,60.441372,-4.453336,1,7.0383065762248185,28.31698,8.448881,1,19.8942877583573,0.9568180792869136,0.3573077842978517,0,0.0818934682140226,0.756526036018272,0.4575319085396573,2.795231712833971,1.3214433061826212,0,,,,9.0,-,2089313405519360384,-0.0595697328565165,-0.1271953523137199,[16312],-1,9,1,1,TSS 200746.02+530145.68T59797
1274,1,-,55,3,3,47,179.99997889161602,217.1259521594478,0.1153785834583291,0.1193556082027314,180,217,1755,1492,179.9805676913709,217.1210687206376,179.99997889161602,217.1259521594478,300.6963743718756,52.61653323189331,0.0006820893236077,0.0006901918031511,86.81100069469572,11.3502090446973,2595,2601,2596,7,59815.574638665086,59815.61630561295,59815.58158315645,0.0416669478654512,31.82093,-3.756782,1,5.074078863674025,15.228469,8.519634,1,17.431373544187476,0.983590616647391,0.3731896258847177,1,0.06891425187145,0.7585239971051114,0.3261858595548162,2.507190706287991,0.5108532019303909,0,,,,4.0,-,2089242899337824512,-0.4058151368762992,0.0503195665944531,[19739],-1,7,1,1,TSS 200247.13+523659.52T59815
484,5,-,55,3,3,48,187.4489320394497,53.247141746843695,0.1129235033010822,0.1156556136770925,187,53,2013,1328,187.71174038345532,53.32033145038467,187.4489320394497,53.247141746843695,297.7426574378158,52.66557669373274,0.0006653985311224,0.000669314611496,85.96230648441441,12.939569706030737,1317,1318,1317,2,59805.78288068785,59805.78982522369,59805.78288068785,0.0069445358385564,53.827007,-4.3275003,1,6.892813369528928,14.245342254638672,10.24636459350586,1,20.295642221778493,0.9713525691306292,0.3048111433883285,0,0.0,0.7049970563699672,0.237896701686117,2.285574727957429,0.9607284131882768,0,,,,13.0,-,2137178342130500096,-0.1923504744650017,-0.7864563905250179,[15424],-1,2,7,1,TSS 195058.24+523956.08
806,4,-,55,3,3,48,140.99996832218903,184.64406666706157,0.1103509277657787,0.111528509361858,141,185,1967,1460,141.08143893085528,184.6286384036631,140.99996832218903,184.64406666706157,298.7806501010033,52.1545503276508,0.0006489393120787,0.0006495087406151,85.81143497239785,12.139347721802569,2614,2617,2615,4,59815.70658399924,59815.72741747277,59815.71352849039,0.0208334735289099,71.67043,-4.63835,1,7.950001728244882,20.14871406555176,8.563549995422363,1,32.46251876328805,0.9904059311283542,0.2105348465008139,0,0.0,0.805771913531667,0.1398518567430911,3.0785789785515667,0.3466655305936729,0,,,,9.0,-,2089053886415022976,-0.102856134204103,-0.0500752047380501,[17425],-1,4,5,1,TSS 195507.36+520916.38
396,9,-,55,3,3,49,236.2222008725693,146.01793411413493,0.1101044337969595,0.1110980154986838,236,146,280,1677,236.412311803896,146.1675012731639,236.2222008725693,146.01793411413493,314.5534477913327,55.06289522323927,0.0006134328395883,0.0006287326125291,93.58910826504312,6.0866573389489655,2324,2327,2324,4,59813.6926813257,59813.71351480307,59813.6926813257,0.0208334773706155,86.53301,-4.8429546,1,8.315387589433422,16.847352981567383,9.934137344360352,1,38.880379340175885,0.9877693164345064,0.1868523526908937,1,0.0239175670329902,0.9166591613633092,0.2004068802011288,3.113421530841298,1.0591735782418252,0,,,,9.0,-,2188828278805864960,-0.1211940537804707,0.0478928494198953,[14427],-1,4,28,1,TSS 205812.83+550346.42
564,1,-,55,3,3,49,208.0000054554788,103.88860589773772,0.1347888087554497,0.1459634014315583,208,104,252,1635,208.32085012746015,103.49439549059552,208.0000054554788,103.88860589773772,314.6744024778524,55.33840866094359,0.0007562165375271,0.0008194603301607,93.84505835102932,6.212808170186211,650,651,650,2,59801.12309546847,59801.13004000861,59801.12309546847,0.0069445401459233,25.17768,-3.5025394,1,4.281223522846319,11.160120010375977,7.081374168395996,1,11.647034132390742,0.8027287662168991,1.2089610731988754,0,0.0,0.2973871859077654,0.5106550822257486,3.5571740901615594,0.3628918826580047,0,,,,4.0,-,2188850161658336000,0.1356986890372127,-0.3492736808634618,[],-1,2,3,1,TSS 205841.86+552018.27
760,1,-,55,3,3,49,252.86474074728665,182.6680023646844,0.1441283131383075,0.1579325963220233,253,183,297,1714,252.8041529983723,182.62185634539665,252.86474074728665,182.6680023646844,314.5211801839312,54.83628677565284,0.0008119496152708,0.0008888613929565,93.40349187030252,5.953915687457608,1115,1116,1115,2,59804.38008427577,59804.38702881336,59804.38008427577,0.0069445375847863,31.674553,-3.7517762,1,4.523892981839621,10.395965576171877,7.141525268554688,1,10.643216776492146,0.9324345518889072,0.4157036505964463,0,0.0,0.5539325032567264,0.3992670617869903,3.3911872632874,0.3473725318908691,0,,,,0.0,-,2188821441216627968,0.2113393132403871,0.0221358918990972,[],-1,2,2,1,TSS 205805.08+545010.63
950,1,-,55,3,3,49,187.4772892638786,248.64401299980344,0.1104840028004205,0.1117554315553445,187,249,231,1780,187.66510814479696,248.6875425396924,187.4772892638786,248.64401299980344,315.3251461989156,54.59079769597051,0.0006132556767981,0.0006331069545076,93.52093480461528,5.441771213927638,3178,3180,3178,3,59819.651053724905,59819.66494269775,59819.651053724905,0.0138889728477806,92.77293,-4.9185534,1,9.086167956530002,27.913742065429688,13.10733699798584,1,30.521802765706628,0.9908067749893076,0.1472835774157258,0,0.0,0.7383228374555963,0.2222736518218397,2.329008438399057,0.0170687616523733,0,,,,0.0,-,2176749181500272896,-0.1462040119450307,-0.016803876045742,[16521],-1,3,1,1,TSS 210118.04+543526.87T59819
575,1,-,55,3,3,50,158.5000000027009,101.64405013492518,0.1265827471489556,0.1350921462908058,159,102,454,1633,158.7975192847004,101.5679392389688,158.5000000027009,101.64405013492518,312.8162025088319,54.99076621604435,0.0007185491381706,0.0007630788850079,92.89284079630109,6.806414803648626,399,410,400,12,59799.38001580664,59799.45640575141,59799.38696034702,0.0763899447629228,41.937305,-4.0565014,1,5.767419007488464,13.680508,5.570521,1,12.9991451051675,0.8419061550341493,0.5312265363436953,0,0.2512297643687162,0.7925910859768682,0.43571183213102,3.882500693805779,2.364017557970814,0,,,,9.0,-,2183059484890487680,-0.1467693341335803,-0.1486091943611427,[17896],-1,8,1,1,TSS 205115.89+545926.76T59799
1195,1,-,55,3,3,50,227.64769877847183,185.4774008525316,0.1144399631956545,0.1179583310273955,228,185,523,1716,227.69377817036207,185.42285895202036,227.64769877847183,185.4774008525316,312.4802922829885,54.40932006392217,0.0006488038738978,0.0006713712531122,92.31468229581932,6.591851699165652,3104,3107,3105,4,59819.137161703366,59819.15799516467,59819.144106190426,0.0208334613053011,61.34299,-4.469413,1,6.992269550208909,21.575243,13.727175,1,18.29494842153032,0.9890991386220308,0.3352145105817327,1,0.0515729255868982,0.918955865455152,0.1370505941484818,1.8738790651092427,0.2246055552826422,0,,,,0.0,-,2182898406441157504,-0.1554611860992736,-0.0302685151502828,[19472],-1,4,1,1,TSS 204955.27+542433.55T59819
876,3,-,55,3,3,51,205.64425992759843,7.070694870795947,0.1108151486560999,0.1123093580049348,206,7,757,1538,205.46289092803863,7.132581474892082,205.64425992759843,7.070694870795947,309.6900098989124,54.889952642396615,0.0006348348836178,0.0006410207277556,91.7013196798917,8.162462207911469,2124,2126,2124,3,59812.30378283282,59812.31767181754,59812.30378283282,0.0138889847148675,62.97186,-4.497866,1,7.245206126978226,18.670639,11.870267,1,27.365481003972413,0.993637555698694,0.137024877838751,0,0.0906433538067812,0.8155150946958226,0.1960328537995787,2.867779953381166,0.0,0,,,,0.0,-,2183582337032612096,-0.1388357247360545,-0.0132284326073204,[29306],-1,3,8,1,TSS 203845.60+545323.83
1122,1,-,55,3,3,51,34.00000575887267,229.9774078777224,0.1099021258514146,0.1107241662598188,34,230,585,1761,34.14904820232527,230.03071949457683,34.00000575887267,229.9774078777224,312.0742500222012,54.04905023372113,0.000623133320648,0.0006335185492042,91.8822804186175,6.551782801207343,938,944,939,7,59803.15090102872,59803.1925682611,59803.15784556747,0.0416672323844977,204.81146,-5.778385,1,13.180307267991685,74.155594,24.714413,1,62.90817901861068,0.9979846641031146,0.0762317754343249,0,0.0082565831303833,0.9422669434991668,0.164868982723016,1.882824644502163,0.589700281090314,0,,,,0.0,-,2182863355205313152,-0.1329501761240408,-0.013394241684864,[30046],-1,7,2,1,TSS 204817.82+540256.58
1122,2,-,55,3,3,51,34.01225509233026,229.9774328993492,0.1217493187011332,0.1284691367049213,34,230,585,1761,34.22324288787229,230.1492280299033,34.01225509233026,229.9774328993492,312.0741400858984,54.04902609702807,0.0006948095438456,0.0007312847311453,91.88222092048764,6.551818218894658,2501,2502,2501,2,59814.92185645411,59814.92880094594,59814.92185645411,0.0069444918335648,33.78595,-3.8218403,1,5.120948919991215,15.932929,9.534567,1,14.247558483806271,0.9713425594509664,0.2892728951133551,0,0.0,0.5420507089547292,0.2074088733189867,2.3703646158378704,1.011754274368286,0,,,,0.0,-,2182863355205313152,-0.1451995095804932,-0.0134192633570364,[30047],-1,2,2,1,TSS 204817.79+540256.49
1364,1,-,55,3,3,51,97.04436692131932,168.0852769488969,0.1115938676660754,0.1135730317848537,97,168,648,1699,97.34707626572158,167.68683019887348,97.04436692131932,168.0852769488969,311.2848660597883,54.25610381453033,0.0006359548027045,0.0006491001278517,91.75777365678697,7.042996643219384,1499,1501,1499,3,59807.04678607569,59807.06067514412,59807.04678607569,0.0138890684247598,86.83458,-4.8467317,1,8.069894974351323,22.14545,11.635441,1,23.48940302833768,0.9872622788289226,0.1786391355666076,0,0.0,0.7001493528928805,0.2780539826497649,2.9733730660198474,0.0929121202787743,0,,,,9.0,-,2182555702411324288,-0.0145470544998715,0.339606925922908,[30429],-1,3,1,1,TSS 204508.37+541521.97T59807
151,3,-,55,3,3,55,83.88088072081237,59.47740000000006,0.1098822069175716,0.1106842085589681,84,59,1659,1590,83.86021909253358,59.3975463659613,83.88088072081237,59.47740000000006,301.96623992494955,52.387433048914346,0.0006451252390681,0.0006446973672317,87.01238930712002,10.568594857857136,110,123,110,14,59797.37304385579,59797.46332285955,59797.37304385579,0.0902790037580416,369.32452,-6.41852,1,18.10880919494684,76.84591,11.281198,1,77.39754366398782,0.9666330805030898,0.2540658350154143,0,0.0,0.2851748878520841,0.3235424133865958,2.194157499218515,0.6781831246622063,0,,,,9.0,-,2089259495089118464,-0.0582948224871415,-0.1332926174127351,[9323],-1,10,61,1,TSS 200751.90+522314.76
1388,1,-,55,3,3,56,238.0286567603348,200.74123572827543,0.1157870281191409,0.1199580724037661,238,201,2064,1732,238.4842594119474,200.57040430770303,238.0286567603348,200.74123572827543,299.3075774353204,50.495135148067256,0.0006873215595224,0.0006981077899163,84.4975992055822,11.041343236451029,3218,3221,3219,4,59819.93577766071,59819.96355560476,59819.94966663273,0.0277779440511949,44.08523,-4.1107326,1,6.031500410773738,17.654222,8.671169,1,17.110659972176055,0.9714240102210796,0.3566719501732669,0,0.0,0.9356008117630552,0.3399268928376001,3.168628370608192,0.4868306104903639,0,,,,0.0,-,2088629371849329920,0.1548827146557414,-0.0899719261035443,[21293],-1,4,1,1,TSS 195713.82+502942.49T59819
1427,1,-,55,3,3,56,124.88888400536786,153.1996010738678,0.1280838723314576,0.137111908824822,125,153,1951,1684,124.591058017433,153.35719094995332,124.88888400536786,153.1996010738678,299.99154365894225,51.07191764271863,0.0007664164482758,0.000790928810792,85.22635881001469,10.952424506203544,3646,3652,3647,7,59822.97051671686,59823.01218357462,59822.977461193324,0.0416668577599921,24.889442,-3.490038,1,4.448880578897147,10.851015,6.8848376,1,12.698609086714493,0.964594303351398,0.3899435820233548,1,0.2083002536967003,0.7641211153695335,0.3837674630023193,2.6135558281396416,0.5616547878193446,0,,,,0.0,-,2088758938120639488,-0.1234675250311738,0.0767807577456096,[21341],-1,7,1,1,TSS 195957.97+510418.90T59822
520,1,-,55,3,3,57,61.82103882954249,37.09847419602533,0.1209246437625538,0.1273178610819866,62,37,106,1819,62.11209467574938,36.889851258705264,61.82103882954249,37.09847419602533,316.57915666314136,54.5809055822436,0.0006676976985443,0.0007170672021022,93.9972121835724,4.891185658932832,516,519,516,4,59800.19252705149,59800.213360673086,59800.19252705149,0.0208336216019233,30.229027,-3.7010603,1,4.64218339389634,12.592558860778809,7.666720867156982,1,14.52269568162851,0.9396177202448116,0.3381774438134969,1,0.1404167141206475,0.6908584868649231,0.2323133676259376,2.8706909246110444,0.2472832089031749,0,,,,0.0,-,2176711591946115200,-0.1650899046759946,-0.0159897983846803,[12745],-1,4,1,1,TSS 210619.00+543451.26T59800
927,1,-,55,3,3,57,186.9102900229245,81.67779405842019,0.1110105780402791,0.1126308212117876,187,82,231,1864,186.8872030738225,81.83321629187336,186.9102900229245,81.67779405842019,315.5896756410495,54.136009042041245,0.0006159258027234,0.0006391042094005,93.27893089520214,5.026429877178547,3228,3239,3229,12,59820.01216700663,59820.0885563514,59820.019111492526,0.07638934476563,70.326965,-4.6178045,1,7.565788284285984,28.13040542602539,8.556199073791504,1,26.091265928463105,0.9785800102282644,0.2347897642836811,0,0.0572249365542421,0.8292713663423952,0.3403134049443275,2.7994546048370403,0.3264842014267733,0,,,,0.0,-,2176719082369453952,-0.1946063798421846,0.057366648762354,[13408],-1,9,1,1,TSS 210221.52+540809.63T59820
609,1,-,55,3,3,58,243.38059062735863,202.8111230392824,0.1206861798063207,0.1269836294465268,243,203,538,1985,243.3407718305625,203.16461753641613,243.38059062735863,202.8111230392824,313.2478353898005,52.92982368197961,0.0006851445315889,0.0007254550716782,91.4509611556991,5.304359747801216,780,781,780,2,59802.02588566805,59802.03283020773,59802.02588566805,0.006944539680262,39.685883,-3.9965901,1,5.526051367725722,15.100134,10.570784,1,14.606957592377317,0.969599120086065,0.2755839738856049,0,0.0,0.737218438462653,0.2279633758125755,3.361470268538824,0.4232752326725643,0,,,,0.0,-,2182558034571265664,-0.1554742602645547,0.1018764427044516,[15081],-1,2,1,1,TSS 205259.48+525547.37T59802
801,1,-,55,3,3,58,236.65828651691467,44.26420672020054,0.1367625198479981,0.1485237690604828,237,44,532,1826,236.570426603815,44.31299929489799,236.65828651691467,44.26420672020054,312.7781108640628,53.80041933841914,0.000780828121215,0.0008433071897403,91.94902157370208,6.07303835110217,1079,1089,1084,11,59804.13008092185,59804.19952629888,59804.16480361048,0.0694453770265681,36.408154,-3.9029968,1,4.989622457238627,11.367263,6.2772703,1,11.401054561900812,0.923592204318625,1.23959119350472,1,0.3770842743473065,0.7379556803751408,0.1821765357841887,1.3377506100677687,0.9347630653255498,0,,,,8.0,-,2182657849607907840,-0.2572748479208258,0.0490461409838189,[15574],-1,10,3,1,TSS 205106.75+534801.51
801,3,-,55,3,3,58,236.5269309969385,44.31027867772648,0.1138835804788672,0.1171206533620462,237,44,532,1826,236.57920488293905,44.31268670592085,236.5269309969385,44.31027867772648,312.77944097669047,53.80042145849152,0.0006452670386367,0.0006686620853382,91.9495217658663,6.072430302210678,2459,2463,2459,5,59814.63018779168,59814.65796575983,59814.63018779168,0.0277779681491665,51.4324,-4.278092,1,6.547374218011029,17.179688,8.410059,1,18.918096437416583,0.9789168049783326,0.2488544476365433,0,0.0909722231633615,0.765485314961281,0.3433173242141759,2.493163438587242,0.8684938326874915,0,,,,0.0,-,2182657849607907840,-0.1259193279830697,0.0029741837674919,[15575],-1,5,3,1,TSS 205107.07+534801.52
868,1,-,55,3,3,58,261.6504568684805,105.64402847896362,0.1174903915518183,0.1224392723801693,262,106,557,1888,261.76902929867407,106.00880311036322,261.6504568684805,105.64402847896362,312.7639131250929,53.420940797318686,0.000667508368527,0.0006993450802578,91.64774448357431,5.840047707118528,1314,1321,1314,8,59805.762047080105,59805.81065883133,59805.762047080105,0.0486117512264172,49.615654,-4.239047,1,6.024461221741026,14.288406,5.7285933,1,16.018288983997788,0.9691495316791036,0.2929982320788334,0,0.2869774634901785,0.6261729543025616,0.1517769782061188,2.7939461346533667,1.0163491171698902,0,,,,13.0,-,2182631156395578112,0.0230346674703696,0.4020269008476589,[15676],-1,7,1,1,TSS 205103.34+532515.39T59805
988,1,-,55,3,3,58,197.3757397015794,239.75517777881376,0.1167089509795183,0.1213068857848152,197,240,492,2022,197.58916266360177,239.9231611152515,197.3757397015794,239.75517777881376,313.7699222111697,52.81581582614112,0.0006594167152207,0.0006934587774337,91.5653120907233,4.989193615054281,2403,2405,2404,3,59814.24129623016,59814.25518521476,59814.24824072246,0.0138889845984522,35.272114,-3.8685787,1,5.326906894988808,13.812911,10.110017,1,16.477604533048257,0.9798753322340626,0.2552578654728502,1,0.0918725338631796,0.90269526528501,0.4699031395869952,2.808986209151535,0.4645382639325037,0,,,,0.0,-,2170538761867993728,-0.2461976548554503,-0.0094387162928342,[15845],-1,3,1,1,TSS 205504.78+524856.94T59814
997,2,-,55,3,3,58,92.11111111177064,203.65521036474135,0.115041172963453,0.1188554598708114,92,204,387,1986,92.10582796309384,203.7807588885464,92.11111111177064,203.65521036474135,314.57921250911966,53.20360569023796,0.0006455115504062,0.0006777281354181,92.1781792274804,4.868182863873603,3203,3204,3203,2,59819.83161036897,59819.83855485522,59819.83161036897,0.0069444862456293,42.37902,-4.0678773,1,5.944695566406941,14.11406,8.569564,1,17.719316864797115,0.9353500927813312,1.0142175574664818,0,0.0,0.628494897752975,0.3144579851906622,1.688028705847927,1.6043273210525513,0,,,,13.0,-,2170617750605785088,-0.0039772644923914,-0.3579574680177302,[15865],-1,2,2,1,TSS 205819.01+531212.98
1484,1,-,55,3,3,59,117.69409888602269,70.97739706511683,0.1135379147183604,0.1165962388241253,118,71,669,1853,117.76441534851422,70.99732903892216,117.69409888602269,70.97739706511683,311.65164001498005,53.3875597725111,0.0006479236088492,0.0006683508103126,91.2043851588983,6.336485080269624,1903,1907,1904,5,59810.76904990431,59810.796827885846,59810.77599439975,0.0277779815369285,59.337444,-4.4333224,1,7.028498326123901,26.875446,14.835116,1,19.361907246265822,0.975774424304206,0.2499120218967591,0,0.0966980802283023,0.9237067303929732,0.2226445837199831,2.8006161810852515,0.0816561488054093,0,,,,0.0,-,2182457158680387840,-0.1491585102774024,0.447694324492204,[28032],-1,5,1,1,TSS 204636.39+532315.22T59810
1616,1,-,55,3,3,61,27.774223897114723,249.9773677726969,0.1181567412639454,0.123397715306479,28,250,1091,2032,27.83815192603497,250.1504560951721,27.774223897114723,249.9773677726969,308.6375939449217,51.51555880470144,0.0006882564390315,0.0007134881239746,88.58604833631153,6.665643177408434,3461,3464,3461,4,59821.68578780776,59821.70662125695,59821.68578780776,0.0208334491908317,50.953598,-4.267937,1,6.188575711982393,15.051827,7.4315186,1,15.670186833104118,0.9417198485887774,0.4498623677855994,0,0.0665388588143655,0.7940987914677935,0.4130868436028437,1.8664471086957048,0.4334788256558974,0,,,,9.0,-,2180710893701424128,0.0279298802465746,0.2012919567018798,[28722],-1,4,1,1,TSS 203433.02+513056.01T59821
483,6,-,55,3,3,62,18.864315399302185,173.19966444901942,0.1232821733657277,0.130591337563454,19,173,1338,1955,18.899476399883024,173.4121189320724,18.864315399302185,173.19966444901942,306.2480137922829,51.3328542983489,0.0007266867409509,0.0007552543247231,87.56717789692881,7.775450867683586,1050,1057,1050,8,59803.928689324166,59803.97730108972,59803.928689324166,0.0486117655527778,42.46035,-4.0699587,1,5.877065430845011,10.905148,3.7919562,1,13.7931753420167,0.9597409159789344,0.3898143321559264,1,0.2062536870769627,0.6856304459374857,0.360113155956443,2.522672590240964,0.6502180464900392,0,,,,9.0,-,2181291710714747392,-0.05930719943035,0.2553628214980108,[20250],-1,4,10,1,TSS 202459.52+511958.28
1272,1,-,55,3,3,62,10.445406455088406,12.725579182535627,0.110442783097043,0.1116854604287909,10,13,1329,1795,10.483239092603895,12.614855984381858,10.445406455088406,12.725579182535627,305.6621041721287,52.19998767251165,0.0006452667008541,0.0006494573509712,88.08578811196924,8.562764646249976,1319,1351,1320,33,59805.79676975953,59806.01899490304,59805.803714295376,0.2222251435086946,103.36292,-5.0359116,1,9.678313604996324,46.511032,9.609822,1,31.06218915823905,0.9924627017010924,0.1819134607690386,0,0.0313874766263554,0.5711203113696272,0.3722539018398806,2.4151581044060406,0.4670831911588474,0,,,,0.0,-,2181392071207092096,-0.0912838365272818,-0.079325091022838,[25800],-1,28,1,1,TSS 202238.91+521159.96T59805
1445,1,-,55,3,3,62,235.7777946759409,30.86625102672277,0.1291650915006534,0.1385572522753757,236,31,1555,1813,235.44324142651345,31.173507842379067,235.7777946759409,30.86625102672277,303.8334305624953,51.5217373961279,0.0007684296180044,0.0007993954379455,86.88457847870248,9.134190747244826,2322,2324,2322,3,59813.67879234087,59813.6926813257,59813.67879234087,0.0138889848312828,23.73016,-3.4382515,1,4.375694780699019,10.659806,7.564797,1,12.500090610699187,0.8658414015837832,0.6314650507073017,1,0.0631292806079224,0.8632175336019363,0.3015058461565937,2.8576600946539656,1.4971231681415405,0,,,,9.0,-,2088237636474993536,0.037610140657307,-0.2415046461646852,[26202],-1,3,1,1,TSS 201520.02+513118.25T59813
135,40,-,55,3,3,63,85.88885721076569,231.08846153480425,0.1101110812312423,0.1111098649698623,86,231,1661,2013,85.78461171386145,231.25766747335376,85.88885721076569,231.08846153480425,303.81132144906275,50.19409884604886,0.0006470844193704,0.0006509303070884,85.74721776945005,8.427513279265005,2602,2634,2606,33,59815.62325010421,59815.8454738221,59815.65102806934,0.2222237178866635,111.20366,-5.1152983,1,9.698400546668577,26.219685,5.119592,1,38.609619558566806,0.9931477933459308,0.1896120163893987,0,0.051877600329397,0.7684903284309449,0.3724651896037014,3.0573603240709115,0.9483873048594454,0,,,,9.0,-,2085016170486720896,0.1206055410107183,0.1340667182932975,[10676],-1,23,57,1,TSS 201514.72+501138.76
135,45,-,55,3,3,63,86.00001363837107,231.09028343227408,0.1123079806537266,0.1147006787678321,86,231,1661,2013,86.13312252981707,230.99677466802643,86.00001363837107,231.09028343227408,303.81042428200186,50.193791346217616,0.0006617137130256,0.0006703200980417,85.74664173775751,8.42782912464441,3156,3158,3156,3,59819.49827502118,59819.51216399437,59819.49827502118,0.0138889731897506,60.276146,-4.4503636,1,6.177096464019785,16.804268,11.072515,1,21.500368706101565,0.9830361575031492,0.2821437099931196,0,0.2020969141083952,0.8408099064436292,0.3331215614461084,19.12744598784622,0.921561814761619,0,,,,9.0,-,2085016170486720896,0.0094491130503229,0.1322448204339252,[10681],-1,3,57,1,TSS 201514.50+501137.65
1466,1,-,55,3,3,63,250.11110586654965,133.12365195428268,0.1103063854810732,0.1114518307240718,250,133,1825,1915,250.3146580653076,133.20135324456896,250.11110586654965,133.12365195428268,302.0584283749134,50.25213393553212,0.000649855208832,0.0006531486215537,85.19189729980482,9.407365192963,2506,2517,2506,12,59814.95657891328,59815.03296832324,59814.95657891328,0.0763894099582103,70.145004,-4.6149917,1,7.832096305145973,16.042664,6.8334975,1,33.26726066933476,0.9239970728362308,0.6380927385818523,1,0.0442523638919673,0.6451741106792697,0.2751490443161941,2.7558196467135265,0.5676243811878671,0,,,,9.0,-,2087878641626235008,0.0604009478267926,0.1007970456621478,[24605],-1,11,1,1,TSS 200814.02+501507.68T59814
1375,2,-,55,3,3,64,131.4078185690435,219.8662888890182,0.1162599042722377,0.1206517435219151,131,220,1957,2002,131.4264227088385,219.82076965345493,131.4078185690435,219.8662888890182,301.38349149512743,49.43037112512915,0.0006902322696024,0.0007037673806447,84.2511274332896,9.350838583403691,2619,2620,2620,2,59815.741306455166,59815.7482509463,59815.7482509463,0.0069444911350728,45.712666,-4.150091,1,6.278982436426611,23.432055,13.497355,1,16.771863851464165,0.9822747155960548,0.7316238126246362,0,0.0,0.3604189449402012,0.0138835747275088,1.1607765126266136,0.6447832584381104,0,,,,0.0,-,2087736117428610176,0.3868976100102372,0.3863835767494947,[22948],-1,2,2,1,TSS 200532.04+492549.34
1462,1,-,55,3,3,64,196.27719579527655,92.97741435471065,0.1106974043538955,0.1121138879212648,196,93,2022,1875,196.39353953152155,93.11533365974168,196.27719579527655,92.97741435471065,300.30216731675097,49.89214871462139,0.0006534539132031,0.0006571499122499,84.28995168059268,10.188500893906662,3171,3175,3171,5,59819.60244231967,59819.63022026559,59819.60244231967,0.027777945921116,68.80161,-4.5939965,1,7.810353256205535,31.246979,13.814705,1,28.303716160888072,0.9878015707040476,0.2837572411149794,0,0.1084986623897195,0.7782686832283039,0.3193658661620229,2.36108619555363,0.5305312001208315,0,,,,0.0,-,2087801817552619648,-0.2320835805371643,0.5613694863354795,[23024],-1,5,1,1,TSS 200112.52+495331.74T59819
105,1,-,55,3,4,2,112.11107459294136,256.9812900046437,0.1102614560269146,0.1113740567266385,112,257,407,257,111.98990872885248,257.00657400313514,112.11107459294136,256.9812900046437,287.18069853976976,55.69588411304162,0.0006189078077109,0.0006265164317093,86.25327296485067,19.80838401616116,30,31,30,2,59796.81777198563,59796.82471637351,59796.81777198563,0.0069443878746824,45.193535,-4.1376905,1,6.549941877962737,34.00341796875,32.01521301269531,1,34.189580398106,0.8232931742410556,1.367868083063758,1,0.1073062018371795,0.8599238456302876,0.3035405912246183,0.8639983392615491,2.252198567341865,0,,,,0.0,-,2141220593547904512,0.5479087421458644,1.5603380883501927,[5759],-1,2,21,1,TSS 190843.37+554145.18
105,2,-,55,3,4,2,112.111116840775,257.0182862127638,0.1106299237814731,0.1120011675130703,112,257,407,257,112.04297513544574,257.028157245143,112.111116840775,257.0182862127638,287.18093034549685,55.69572696920356,0.000621551264018,0.0006294275033601,86.2531615187349,19.808208608862756,636,637,637,2,59801.02607205524,59801.03301644742,59801.03301644742,0.0069443921820493,50.98064,-4.268513,1,7.02000088748471,28.004121780395508,17.13968849182129,1,28.91990272806173,0.838487061361587,1.248541025906908,0,0.0,0.7127195393546891,0.3013695819557269,0.9478157792897284,1.746495994456365,0,,,,0.0,-,2141220593547904512,0.5478664945448486,1.5233418811031925,[5760],-1,2,21,1,TSS 190843.42+554144.62
105,3,-,55,3,4,2,112.11109465875312,256.9995568740406,0.1100956065033964,0.1110822530361141,112,257,407,257,112.03298132148944,257.13216873580967,112.11109465875312,256.9995568740406,287.180813000051,55.69580652637143,0.00061769790069,0.0006251768507067,86.25321794254099,19.80829740665329,793,794,793,2,59802.11634164957,59802.12328604187,59802.11634164957,0.0069443922984646,47.05898,-4.1816063,1,6.74586972067899,24.735185623168945,24.670167922973636,1,39.25493961597649,0.8249086181681524,1.1405661815661037,1,0.0406703165604729,0.8729506912023413,0.6945330412309502,0.8570590185458405,1.5027825832366943,0,,,,0.0,-,2141220593547904512,0.5478886764475419,1.542071219381171,[5761],-1,2,21,1,TSS 190843.40+554144.90
105,5,-,55,3,4,2,112.11108538273066,257.0354204159659,0.109937160604247,0.1107918267798085,112,257,407,257,111.97475011790014,256.9714216998949,112.11108538273066,257.0354204159659,287.1810380942191,55.69565438060116,0.0006165165929975,0.0006238604944123,86.25311017304055,19.808127226387047,1360,1369,1364,10,59806.08158946198,59806.14408898325,59806.10936702699,0.0624995212710928,59.704895,-4.440025,1,7.344809324224148,29.542686462402344,24.666479110717773,1,52.890471622653806,0.8231453805314299,1.2346919204672837,1,0.139941529402195,0.9005027584401538,0.488854150583157,1.1383091951644826,1.9429047972541449,0,,,,0.0,-,2141220593547904512,0.5478979526936314,1.5062076783065663,[5762],-1,10,21,1,TSS 190843.45+554144.36
105,10,-,55,3,4,2,112.1110528221251,257.0884875662935,0.1102908787242627,0.1114250390946503,112,257,407,257,111.85557828403805,257.1058766473832,112.1110528221251,257.0884875662935,287.18137130779496,55.695429319913096,0.0006191242529414,0.0006267546211823,86.2529508061094,19.80787535676752,1914,1916,1915,3,59810.84543292765,59810.85932160608,59810.85237726686,0.0138886784261558,59.042664,-4.427915,1,7.487617566444209,34.634403228759766,18.635257720947266,1,33.57170931214072,0.8246757829977117,1.12272091497532,0,0.0,0.8843306622424895,0.3580412987249944,1.160394354884526,1.2602759098712817,0,,,,0.0,-,2141220593547904512,0.5479305136318544,1.453140529237544,[5764],-1,3,21,1,TSS 190843.53+554143.55
105,17,-,55,3,4,2,112.11108531518413,257.0885542289367,0.1118600485277597,0.1139962070806406,112,257,407,257,111.9513567106322,257.2437892760574,112.11108531518413,257.0885542289367,287.1813714764158,55.695428915832174,0.0006301572354828,0.0006388336406652,86.25295043452277,19.807875132955992,3492,3493,3493,2,59821.83138128247,59821.838325624834,59821.838325624834,0.0069443423635675,65.89536,-4.5471373,1,7.472315637803904,25.72345733642578,19.099987030029297,1,22.644892737410977,0.8371322452491484,1.3628689890976171,0,0.0,0.8572932535971896,0.3932834938743081,0.9417384242479327,2.140271727931681,0,,,,0.0,-,2141220593547904512,0.5478980205735979,1.4530738665927174,[5767],-1,2,21,1,TSS 190843.53+554143.54
170,1,-,55,3,4,2,86.49999999927658,140.9773716982437,0.1110727410932945,0.11273238286567,86,141,381,141,86.6145417876288,141.0782728695903,86.49999999927658,140.9773716982437,286.6439682495635,56.280358799302405,0.0006213466638758,0.000629310666771,86.73672517409055,20.283229116918427,195,198,195,4,59797.96359582218,59797.98442898534,59797.96359582218,0.020833163158386,39.779003,-3.9991345,1,6.048252444127306,12.77195167541504,8.057138442993164,1,25.7420096594081,0.9790539841630838,0.245879238847708,1,0.0889377953224384,0.8565502639062319,0.2724131912703679,2.6660743003204552,0.6284609462843622,0,,,,4.0,-,2141298418355691776,0.1183716517216453,-0.0398092031515204,[6689],-1,4,3,1,TSS 190634.55+561649.29
1085,2,-,55,3,4,2,84.41178334023698,241.21430705831585,0.145645290594146,0.1598451539256486,84,241,379,241,84.92213028738533,241.8673693036916,84.41178334023698,241.21430705831585,287.29509351768195,55.86599657285294,0.0008468514733162,0.0008682104221119,86.44652783553367,19.80423039443384,3596,3599,3596,4,59822.55359277666,59822.57442579547,59822.55359277666,0.0208330188106629,42.679165,-4.0755396,1,3.0977194447127583,13.933032035827637,7.317558288574219,1,10.511159028191292,0.9758625409239188,0.2644404287022272,0,0.1313565702609608,0.8237428356522182,0.5203705560882799,2.126570686728904,0.478808045387268,0,,,,4.0,-,2141229389641111168,-0.2241499515287728,0.0970880417565354,[9201],-1,4,2,1,TSS 190910.82+555157.59
1176,1,-,55,3,4,2,48.97342469756639,240.7863613273271,0.1162765773378196,0.1206761297269542,49,241,344,241,48.96799422685531,240.6815460610795,48.97342469756639,240.7863613273271,287.5673258263165,55.99942089955352,0.0006607210699337,0.0006701371869141,86.63425404048665,19.70502571363611,2220,2222,2221,3,59812.97040031662,59812.98428899552,59812.97734465607,0.013888678899093,26.897655,-3.574286,1,4.565900581676574,10.893584251403809,6.43323278427124,1,16.760487182021574,0.961354929551238,0.3145078023357938,0,0.0,0.7788174687655482,0.2363666874192836,3.359446584725182,0.1684585348583441,0,,,,9.0,-,2141321950478222464,-0.1874383825767154,-0.2180177220242001,[9252],-1,3,1,1,TSS 191016.16+555957.92T59812
1216,1,-,55,3,4,2,229.4999999993173,126.97738115453755,0.1177375999213753,0.1227955836894124,229,127,524,127,229.59427136950765,127.2343015253518,229.4999999993173,126.97738115453755,285.4679230737064,55.79658272640832,0.000662458410463,0.0006778948145302,86.02503147107132,20.753716169938023,2981,2987,2981,7,59818.282821961686,59818.32448802003,59818.282821961686,0.0416660583432531,22.4758,-3.3792877,1,4.381157880235083,12.503682136535645,7.733748435974121,1,15.88492937604238,0.9779962417611976,0.2627248689816724,1,0.1226463931705355,0.7544539369389169,0.3643658494710431,3.403726158823993,0.5325688221834919,0,,,,0.0,-,2152906989104651904,0.0593845821467766,-0.1278770757089944,[9292],-1,7,1,1,TSS 190152.30+554747.70T59818
84,10,-,55,3,4,5,177.50004195176714,247.47740000000005,0.1099420106709113,0.1108010307301716,178,247,1241,247,177.61243600145326,247.3172866175913,177.50004195176714,247.47740000000005,281.2805501206297,52.493398977196,0.0005932840327617,0.0006238850917931,81.85984777247394,22.12664099511021,556,562,557,7,59800.470520691626,59800.51218704298,59800.477465083575,0.0416663513533421,101.368065,-5.014753,1,9.444305088138425,39.3108,13.179736,1,52.008341052309646,0.9869089350750784,0.1838884579096496,0,0.0725919639838171,0.8931002757514648,0.2600858112356748,1.8279113563972669,1.5269553858753842,0,,,,13.0,-,2144820016660083072,0.1131590585264348,-0.0960800445043332,[2283],-1,7,15,1,TSS 184507.33+522936.24
352,2,-,55,3,4,5,241.23437650566035,40.20705619964371,0.1106817652757517,0.1120878116084561,241,40,1304,40,241.3939441285993,40.38957640535772,241.23437650566035,40.20705619964371,279.5992101298099,53.04677584065906,0.000587593231589,0.0006244796718323,82.14401881400289,23.25454363427358,3745,3748,3745,4,59823.58829846009,59823.60913142942,59823.58829846009,0.0208329693268751,40.771843,-4.025901,1,5.90470958804007,18.463566,10.287247,1,28.440809986485323,0.9834868227493856,0.1973072892730167,1,0.1660270193931476,0.7963550702291892,0.2815376130818269,3.5595028606210994,0.6649557576379013,0,,,,8.0,-,2145654786503424896,0.1313774244324577,-0.0417469125140996,[3716],-1,4,2,1,TSS 183823.81+530248.39
709,1,-,55,3,4,9,171.03739290357072,197.88250652193355,0.1454795152123031,0.1596365284499828,171,198,215,449,171.10776437762607,198.1423356390469,171.03739290357072,197.88250652193355,289.872102744933,55.56656850900676,0.0008559998468785,0.0008758991371331,86.68624260145154,18.339574449964047,1432,1434,1432,3,59806.58158562632,59806.59547440836,59806.58158562632,0.0138887820430682,34.049023,-3.8302615,1,4.927397435697008,11.999650955200195,8.05219841003418,1,10.52526472618285,0.9165154446506212,0.4940974652847419,1,0.166585027952631,0.790886218203724,0.4793434565994301,3.069787317637545,0.438205466922891,0,,,,0.0,-,2140327618307982720,-0.09615741399233,-0.4714463611610995,[13963],-1,3,1,1,TSS 191929.30+553359.65T59806
110,1,-,55,3,4,10,112.00000349559298,6.088542075216364,0.1102912124590288,0.1114256162533124,112,6,407,257,111.9901557992267,6.066437482165673,112.00000349559298,6.088542075216364,287.18206996093863,55.69579224694295,0.0006191285209883,0.0006267565024852,86.25345363439791,19.807624449175208,30,31,30,2,59796.81777198563,59796.82471637351,59796.81777198563,0.0069443878746824,44.33074,-4.1167626,1,6.433070825827737,32.748104095458984,30.860004425048828,1,33.565011110572826,0.8498794860902543,1.4059099356249989,1,0.1072492569041852,0.8555019610540444,0.4838825390289287,1.0022444720815051,1.783073576360634,0,,,,0.0,-,2141220593547904512,0.6415220472142664,1.456394745731302,[],-1,2,25,1,TSS 190843.70+554144.85
110,2,-,55,3,4,10,112.0000391696062,6.08853537086843,0.1106103167614658,0.1119683128377573,112,6,407,257,112.0,6.105104170418072,112.0000391696062,6.08853537086843,287.18206964478406,55.69579214232051,0.0006214159123301,0.0006292754537923,86.25345346662124,19.80762458250728,636,637,637,2,59801.02607205524,59801.03301644742,59801.03301644742,0.0069443921820493,50.35008,-4.255,1,6.92863768933064,27.67050170898437,16.8248348236084,1,29.11182501778681,0.8626904637964191,1.2358573622415503,0,0.0,0.7132553492958318,0.4630914773342036,0.9277198617797608,1.4411776065826416,0,,,,0.0,-,2141220593547904512,0.6414863732000526,1.4564014500816145,[6962],-1,2,25,1,TSS 190843.70+554144.85
110,3,-,55,3,4,10,112.11108583228813,6.0265947866620895,0.1100480560435061,0.1109967542839627,112,6,407,257,111.9394599728674,6.135466316983177,112.11108583228813,6.0265947866620895,287.1808278268712,55.69564074648887,0.0006173471440816,0.0006247875775455,86.25305468213709,19.808234480878145,793,794,793,2,59802.11634164957,59802.12328604187,59802.11634164957,0.0069443922984646,47.365593,-4.1886573,1,6.7440416895624,25.336782455444336,25.158353805541992,1,41.64003442751786,0.847483329640215,1.0896786897236344,1,0.0440499089263872,0.8657113641521081,0.6148818868864766,1.3253981416262932,1.414497524308368,0,,,,0.0,-,2141220593547904512,0.5304397100601363,1.518342032189878,[6963],-1,2,25,1,TSS 190843.40+554144.31
110,5,-,55,3,4,10,112.00771814464672,6.088490362128777,0.1099607275786847,0.1108362784088755,112,6,407,257,111.9973714746124,6.052369484337168,112.00771814464672,6.088490362128777,287.18201036365895,55.69576368909857,0.0006166986764389,0.0006240611369105,86.25341314874767,19.807646649326152,1360,1369,1364,10,59806.08158946198,59806.14408898325,59806.10936702699,0.0624995212710928,60.854794,-4.460737,1,7.440376672700645,28.990121841430664,24.28445816040039,1,49.17060988503988,0.8504798748150165,1.1257342210847956,1,0.1331691249068682,0.8976733568184536,0.4986774682782708,1.1850918812242062,1.3324637825265098,0,,,,0.0,-,2141220593547904512,0.6338073981530101,1.4564464587763268,[6964],-1,10,25,1,TSS 190843.68+554144.75
110,10,-,55,3,4,10,112.00000550524952,6.0885186913081535,0.1102673078687765,0.1113842124405686,112,6,407,257,111.83190761110464,6.017789866087267,112.00000550524952,6.0885186913081535,287.1820697987791,55.69579233867348,0.0006189555048319,0.0006265654280375,86.25345369411112,19.807624565839586,1914,1916,1915,3,59810.84543292765,59810.85932160608,59810.85237726686,0.0138886784261558,58.844456,-4.424264,1,7.485219321735277,34.277000427246094,18.349533081054688,1,34.062193043818404,0.8508193085829844,1.070093154007794,0,0.0,0.8795562230093232,0.621966419938914,1.399908719471422,0.9315523861782627,0,,,,0.0,-,2141220593547904512,0.641520037559701,1.456418129638621,[6967],-1,3,25,1,TSS 190843.70+554144.85
110,16,-,55,3,4,10,112.00002741851792,6.0885111111225045,0.1122635126013286,0.1146311320536091,112,6,407,257,111.97036397887057,6.137385515175107,112.00002741851792,6.0885111111225045,287.18206958285515,55.69579228909802,0.0006329383982199,0.0006418563393381,86.25345360145971,19.807624664165942,3328,3329,3328,2,59820.69250904144,59820.699453384615,59820.69250904144,0.0069443431784748,52.171055,-4.2935743,1,7.134799410641956,20.227266311645508,11.998044967651367,1,21.601827414841928,0.8508790743007061,1.5116518599683235,0,0.0,0.6506752735450722,0.2907536290601835,0.9566632780160044,2.625694751739502,0,,,,0.0,-,2141220593547904512,0.641498124285647,1.4564257098227813,[6970],-1,2,25,1,TSS 190843.70+554144.85
110,17,-,55,3,4,10,112.00281396541553,6.088532529926869,0.1136801894603612,0.1168124770395003,112,6,407,257,111.95877770216777,6.132287787956882,112.00281396541553,6.088532529926869,287.18204830777285,55.695781803799946,0.000642592643931,0.0006523222290925,86.25343885741408,19.807632492663377,3492,3493,3493,2,59821.83138128247,59821.838325624834,59821.838325624834,0.0069443423635675,49.216484,-4.230276,1,6.8505152243431295,19.892986297607425,16.390378952026367,1,19.17320117349141,0.8539958075228495,2.3949322790159906,1,0.0305236081824306,0.8992405785097648,0.2037504540105767,0.9343924156588392,2.342029914525943,0,,,,0.0,-,2141220593547904512,0.6387115773904384,1.456404291003821,[6971],-1,2,25,1,TSS 190843.69+554144.81
547,1,-,55,3,4,12,149.74198653722047,176.75515316431424,0.1306594856098619,0.140542790637989,150,177,957,428,149.58043976630546,176.90338088631069,149.74198653722047,176.75515316431424,284.252657186943,52.87997570937724,0.00074539813671,0.0007752397344963,82.82764477964116,20.519778886909577,1665,1672,1666,8,59808.19962852557,59808.24823924419,59808.20657291402,0.0486107186225126,31.416607,-3.742898,1,4.799093805256499,12.064952,5.389008,1,12.246745355097328,0.900552632781898,0.4396135049840561,1,0.3655237982298968,0.7580347979441096,0.3790243309539953,2.5897571821525065,1.2184222948047494,0,,,,8.0,-,2146529551082576384,-0.1382490401458653,0.1252206705893286,[7125],-1,5,1,1,TSS 185700.64+525247.91T59808
1107,1,-,55,3,4,17,49.21627538413336,107.9377849914214,0.1260998829697487,0.1344390311312316,49,108,93,615,49.26734065459411,107.9029682694012,49.21627538413336,107.9377849914214,291.8492714923803,55.250313865152926,0.0007391938253859,0.0007504191664671,86.8255179336902,17.181004081381214,3386,3393,3388,8,59821.095280944544,59821.14389134606,59821.10916963066,0.0486104015144519,38.192734,-3.954952,1,5.290163915608847,12.337299,6.8682165,1,13.102825463349657,0.9717301233001246,0.7561446580151592,1,0.1914072453424485,0.8341082272981641,0.2306491432614328,2.0403769322512098,1.0614109495902604,0,,,,0.0,-,2141571750074968704,0.0891453406119779,-0.0966019243545588,[13635],-1,8,2,1,TSS 192723.83+551501.13
221,1,-,55,3,4,18,32.111114500620985,55.89842631829662,0.1115068366858327,0.1134338348875859,32,56,327,563,32.13569161052992,55.846734381366645,32.111114500620985,55.89842631829662,289.6757578109816,54.65974659089866,0.0006380283149782,0.0006439039056405,85.75478119415754,18.111133358221664,219,228,219,10,59798.130261131206,59798.192760624646,59798.130261131206,0.0624994934405549,48.10708,-4.2055225,1,6.380016661986012,30.159788131713867,12.88823413848877,1,23.80145846103329,0.9569345880319808,0.3033795036714028,1,0.1320721664142706,0.8040628132320191,0.2632928045678367,2.776881829690993,0.3093785913584856,0,,,,0.0,-,2140170521287841280,-0.005475660136426,-0.1802282796166991,[8953],-1,10,1,1,TSS 191842.18+543935.09T59798
339,1,-,55,3,4,18,99.49305712928174,112.93991652105504,0.1107460116571642,0.1121947605170327,99,113,394,620,99.64788568418425,112.60828692220971,99.49305712928174,112.93991652105504,289.4940644408609,54.16340966165187,0.0006329782222466,0.0006396199373946,85.22843169141049,18.02664509031879,530,538,532,9,59800.289966504526,59800.34552163861,59800.30385528808,0.0555551340876263,41.679832,-4.049815,1,6.068001373716335,14.54038143157959,8.597992897033691,1,27.897401830396355,0.9832862205709976,0.2269840153968119,1,0.1634697913528607,0.9159254754213476,0.372556388795435,3.7118635456308486,0.2713831252237859,0,,,,1.0,-,2140127747710025216,0.0210539425204956,-0.1403738632409386,[10129],-1,9,3,1,TSS 191758.58+540948.27
109,15,-,55,3,4,20,180.5555563987688,107.5329555632116,0.1100691547585325,0.1110348211059508,181,108,988,615,180.86322817371152,109.29012940514998,180.5555563987688,107.5329555632116,285.1643723513601,51.974123146032056,0.0006146004587786,0.0006337656396538,82.10344628379823,19.70298765188209,910,916,916,7,59802.92883555587,59802.97050190967,59802.97050190967,0.0416663537980639,64.91399,-4.5308456,1,3.2592788234993164,20.629100799560547,5.438351154327393,1,40.49535015657714,0.7806636514358386,0.7683361973282367,0,0.0,0.5214306395042678,0.5076712071172473,3.1159571396639043,0.6873313344821124,0,,,,0.0,-,2134059920992936192,-0.0129661097912503,-0.3797676515944204,[6429],-1,5,51,1,TSS 190039.45+515826.84
299,2,-,55,3,4,20,158.88892232601802,59.08852756790674,0.1667157192281471,0.185747850527351,159,59,966,566,158.76478786311182,59.38808588673877,158.88892232601802,59.08852756790674,285.02374652023246,52.26311111407956,0.0009732488520141,0.0010153029336361,82.36374742554156,19.87900247039496,2195,2199,2195,5,59812.79679183509,59812.8245691916,59812.79679183509,0.0277773565103416,17.14464,-3.085321,1,3.617857751310868,11.379934310913086,4.083199977874756,1,9.161799930437407,0.9022278067808412,0.5430621855962758,0,0.0,0.7220481965380475,0.2774130945521064,3.4499568894836115,0.0,0,,,,0.0,-,2134117160020218240,0.0187251802622085,-0.2555861429647166,[],-1,3,2,1,TSS 190005.70+521547.20
830,2,-,55,3,4,21,13.499999997299112,157.5275301372737,0.1275526882596709,0.1363989925789116,13,158,1076,665,13.379613151068176,157.35233774386407,13.499999997299112,157.5275301372737,284.8598849893021,51.41979604886319,0.0007302343003374,0.0007596108390404,81.48147659328342,19.699413161265003,3635,3638,3636,4,59822.82442198428,59822.84525499634,59822.83136632163,0.0208330120585742,27.301546,-3.5904682,1,4.797125012209804,12.902185,10.63952,1,12.801419664146817,0.7626525289493914,0.6247016707732256,1,0.2954210701282198,0.6828071624869049,0.2581493700771329,1.933798204436602,1.1984455112306056,0,,,,1.0,-,2133928868653277312,0.3219585634024042,0.832140350528789,[8416],-1,4,2,1,TSS 185926.37+512511.27
425,1,-,55,3,4,23,214.2222056473707,235.1996145070008,0.1317193914582924,0.1419430054206273,214,235,1789,742,214.41016256655163,235.33848566875656,214.2222056473707,235.1996145070008,280.89788392959343,48.31661408066999,0.0007337359430445,0.0007752354119899,77.48305122873475,21.14944541522709,1503,1507,1503,5,59807.07463737577,59807.10241493833,59807.07463737577,0.0277775625581853,28.910728,-3.6526477,1,4.834243541506648,11.691924095153809,5.463473796844482,1,12.079981711622228,0.9591976170851328,0.3580680037622863,0,0.1427858876704357,0.7008581788329179,0.319882932912692,2.63468398668423,1.3471425023961126,0,,,,0.0,-,2119840761743003264,0.2772943728234622,-0.1453112846916155,[4166],-1,4,1,1,TSS 184335.49+481859.81T59807
321,1,-,55,3,4,24,127.46170660332652,139.29726462145487,0.1182525968171027,0.123535077118403,127,139,1953,646,127.89568663057564,139.37995989721145,127.46170660332652,139.29726462145487,279.4348264512909,48.05311438148377,0.0006377948787169,0.0006787636138235,76.90439843529161,22.00465158914163,959,961,959,3,59803.2968883502,59803.31077713469,59803.2968883502,0.013888784480514,26.351435,-3.5520105,1,4.730563536569383,10.322893142700195,5.84674882888794,1,15.62294743881866,0.9522264789603392,0.3934868397459559,0,0.0,0.6359222675785134,0.1017014217450767,3.2047722468320554,0.2178385704755783,0,,,,0.0,-,2120255724304449152,0.1161965669080018,-0.0802686747069856,[],-1,3,2,1,TSS 183744.36+480311.21
1501,1,-,55,3,4,25,109.46977483737372,258.0215225561118,0.1368297758446836,0.1486106966761657,109,258,153,1021,109.23588760695914,257.9625312135171,109.46977483737372,258.0215225561118,293.6775355816597,53.161793566747214,0.0008158798673277,0.0008388225572121,85.29180004218408,15.354276597469912,2179,2183,2179,5,59812.68568241138,59812.71345976696,59812.68568241138,0.027777355579019,20.035744,-3.2545137,1,3.8538025876364177,10.206299,6.7817473,1,11.393055579386507,0.9372998919960974,0.7269251795576857,1,0.2367697011843409,0.6468695164512172,0.3465396959307815,1.9872738012701376,0.8028036541620036,0,,,,0.0,-,2136664526602090368,-0.7724085249409995,-0.3890856693640216,[19277],-1,5,1,1,TSS 193442.61+530942.46T59812
1449,1,-,55,3,4,26,15.426392818952982,171.15409618175923,0.2127672522780659,0.2397343374848329,15,171,310,934,15.30397721227316,171.9317562539694,15.426392818952982,171.15409618175923,291.96101375047,53.0328338257615,0.0012821225579521,0.0013332095727879,84.72791175359339,16.2400075252998,3632,3633,3632,2,59822.803588971525,59822.81053330911,59822.803588971525,0.0069443375832634,26.406258,-3.554267,1,4.590214715449871,10.034774780273438,7.550752639770508,1,7.581317600870854,0.791036447517448,0.7568739949547262,1,0.2425137271710415,0.8038657692761653,0.5135242968521595,2.398899161879341,0.1024721807270881,0,,,,0.0,-,2136777123464723200,0.0345106164203912,-0.4817063219160218,[13791],-1,2,1,1,TSS 192750.64+530158.20T59822
1251,1,-,55,3,4,27,176.4999999972991,181.90729440794192,0.1343896404262959,0.1454433099881722,176,182,727,945,176.8139681724582,182.2115236460808,176.4999999972991,181.90729440794192,288.9049190246242,51.49999334030665,0.0007906727036561,0.0008172512055582,82.49388629776624,17.367992267745592,3633,3634,3634,2,59822.81053330911,59822.81747764669,59822.81747764669,0.0069443375832634,29.549849,-3.6763883,1,4.644532794002841,11.779905,11.253748,1,11.699616885673697,0.8011929125615501,0.8502791852148053,1,0.2381723440201865,0.8207397522401562,0.4520047472197667,2.147701147782273,0.4385455907027513,0,,,,0.0,-,2133446427864858624,-0.2857604087298568,-0.3813910121115214,[11192],-1,2,1,1,TSS 191537.18+512959.98T59822
632,14,-,55,3,4,28,81.49995652067486,33.477399999999946,0.1434642504306101,0.1570928629818304,81,33,888,796,79.96641354443746,32.43700166598017,81.49995652067486,33.477399999999946,286.9140286583979,51.56410571763418,0.0008403644032068,0.0008728998133677,82.08456787329591,18.545385146710085,1739,1746,1746,8,59808.71351318009,59808.76212387776,59808.76212387776,0.0486106976677547,48.82576,-4.2216225,1,3.080693840457628,11.993363,3.2441726,1,10.703223054093554,0.7591920982180654,0.9132051621972658,0,0.0,0.3012597716066731,0.5950885818277832,2.559625930326781,1.7919885948535268,0,,,,4.0,-,2134161900696688640,-0.620475148036121,-0.2970749282525275,[],-1,5,20,1,TSS 190739.37+513350.78
979,1,-,55,3,4,28,233.5000151704049,239.47739999999988,0.1099241283550749,0.1107669254338973,234,239,1041,1002,233.5701293084744,239.5203390256988,233.5000151704049,239.47739999999988,287.0482712242985,50.089805490791306,0.0006224131593184,0.000638208813352,80.66535356147067,17.942050351320084,3398,3406,3398,9,59821.17861306146,59821.23416780568,59821.17861306146,0.0555547442199895,121.21086,-5.208854,1,10.403424044598012,47.499775,15.5526495,1,55.69388823614868,0.9941315986315948,0.1358628349732489,0,0.0242647677480787,0.6966541393728063,0.2675950193426171,1.9048895695267043,0.36710812275842,0,,,,8.0,-,2132862685973030912,-0.0663135319812227,-0.2115799125737112,[13512],-1,9,1,1,TSS 190811.59+500523.30T59821
255,1,-,55,3,4,29,57.87709594372873,216.33235011467815,0.1763868011996017,0.1973218758619381,58,216,1121,979,57.71421634678382,216.06752220797364,57.87709594372873,216.33235011467815,286.37898707002296,49.89120736048639,0.0010422072761967,0.0010892338027817,80.30869258471954,18.273218092234146,237,238,238,2,59798.25526011961,59798.262204508064,59798.262204508064,0.006944388456759,26.114994,-3.542225,1,4.413316958806912,16.583303,10.297329,1,8.72795006540667,0.8809317512751413,0.4865691800351356,0,0.0,0.7166590401017892,0.3740336257176498,3.9905727587030784,0.0,0,,,,4.0,-,2133585928402664320,-0.5590705745466948,1.3063175298140095,[],-1,2,2,1,TSS 190530.96+495328.35
1268,1,-,55,3,4,34,63.33333287317695,37.8650554436456,0.1172942656084007,0.1221559472445519,63,38,358,1057,63.421282589431385,37.92298236357546,63.33333287317695,37.8650554436456,292.2752647903176,52.29631860561527,0.0006875659694754,0.0006994908133979,84.10826063611171,15.766726991062631,2550,2553,2550,4,59815.262032866565,59815.282865893176,59815.262032866565,0.0208330266104894,33.291866,-3.8058453,1,5.398180110073342,16.465599060058594,9.193238258361816,1,16.127934719916308,0.977592718239138,0.3500474666508932,0,0.0996046290835909,0.7888149254052338,0.2968682784830477,2.4126450358045783,1.5293165137524831,0,,,,9.0,-,2136323677997277056,-0.1064288384141605,0.3965426656970976,[15755],-1,4,1,1,TSS 192906.06+521746.75T59815
430,1,-,55,3,4,35,113.88118590765022,141.9221711249375,0.1185667646304852,0.1239844137180022,114,142,665,1161,113.79152234748246,142.17713650182827,113.88118590765022,141.9221711249375,290.5617785475816,50.74059591476868,0.000693318845687,0.0007097985132159,82.18077881406477,16.115701646191198,566,567,567,2,59800.53996461067,59800.546909002616,59800.546909002616,0.0069443919492186,26.374496,-3.5529604,1,4.452451100625903,13.08646297454834,9.912398338317873,1,15.47264999379796,0.9379112460008836,0.4342880141393556,1,0.0859604447193002,0.7608619234579201,0.3637817458288802,3.05555151385056,0.9688207197184896,0,,,,1.0,-,2130165141571662592,-0.0233914988331207,-0.2055123646869106,[],-1,2,1,1,TSS 192214.83+504426.15T59800
565,2,-,55,3,4,37,67.29552533043447,61.11896370045453,0.1171296387262219,0.1219176776889624,67,61,1130,1080,67.11294349063253,61.28323494181224,67.29552533043447,61.11896370045453,286.8814641280581,49.41228275396396,0.0006718377024866,0.0006933574542671,79.9605538120932,17.79822711583843,2191,2195,2191,5,59812.769014478814,59812.79679183509,59812.769014478814,0.0277773562775109,20.939955,-3.3024395,1,4.091302185060592,11.229741,6.8574524,1,16.222758685250483,0.8883306970719418,0.4637517989363545,1,0.2359038459372016,0.7833952868413588,0.4235460018390174,2.525432382389728,0.5251023401527063,0,,,,0.0,-,2131320625213124352,0.0740565288856487,0.2204720679769707,[9713],-1,4,3,1,TSS 190731.55+492444.22
565,3,-,55,3,4,37,67.23557242005758,61.08848666783177,0.1098792439123498,0.1106780895811987,67,61,1130,1080,67.2074677305126,61.269247962823165,67.23557242005758,61.08848666783177,286.88169260997785,49.412640646832585,0.000621534582689,0.0006378190442516,79.96096071268752,17.798217840311505,3194,3198,3195,5,59819.76196704892,59819.78974442173,59819.76891139209,0.0277773728084866,169.38795,-5.5722065,1,12.19104636146636,77.62289,25.928616,1,81.59952156408313,0.9977430462095712,0.0859418513640281,0,0.0,0.8460384045205043,0.1986033740380068,2.8403607239969912,0.1086972705038814,0,,,,0.0,-,2131320625213124352,0.1340094392601258,0.2509491005957898,[9714],-1,5,3,1,TSS 190731.61+492445.51
198,1,-,55,3,4,38,209.50000000000983,238.28005828836436,0.1110446996519288,0.1126866075064478,210,238,1529,1257,209.732561432194,238.1841892761541,209.50000000000983,238.28005828836436,285.31069532124815,47.14775658763662,0.000622682157821,0.0006427725135312,77.34565435795604,17.962761772264418,165,171,166,7,59797.75526420022,59797.7969305234,59797.7622085874,0.0416663231808343,47.491806,-4.191547,1,6.219145768551104,10.721394538879396,4.487130641937256,1,25.89670492748971,0.963072016091675,0.3205947242640121,0,0.0707010677267512,0.8354694514116057,0.3370432920991839,2.2780108635483054,0.5843460149659949,0,,,,8.0,-,2131357802449120256,0.1302914612233507,-0.0453739284787388,[7067],-1,6,17,1,TSS 190114.57+470851.92
93,45,-,55,3,4,40,84.11110783963679,254.4218444442409,0.109866490227669,0.1106501847972585,84,254,1910,1273,84.1296387051135,254.5045652145935,84.11110783963679,254.4218444442409,283.1430418693721,45.64555318849046,0.0006016405053591,0.0006246730464716,75.31363954214982,18.842164688368904,2532,2544,2533,13,59815.1370347082,59815.220366813584,59815.14397905032,0.083332105386944,1777.6403,-8.12461,1,40.35160790707912,382.1933288574219,54.51599884033203,1,437.61446518934673,0.9992453942182222,0.0533051430429633,0,0.0,0.7818696627453965,0.1904527663931825,2.065475904223592,0.3952025594669198,0,,,,9.0,-,2107011488274195840,0.2328311428523193,0.0601069934900806,[6566],-1,13,60,1,TSS 185234.33+453843.99
213,2,-,55,3,4,40,133.1572061151778,117.86629762853532,0.1102266938756636,0.1113135560380114,133,118,1959,1137,133.2504763199766,118.00291790246588,133.1572061151778,117.86629762853532,282.1301719253951,46.033103082484445,0.000599120154571,0.0006258306521185,75.45107298898048,19.63668969211296,213,227,216,15,59798.08859480302,59798.18581623642,59798.10942796699,0.0972214334033196,57.148365,-4.3925095,1,6.966833212845291,26.488067626953125,10.414925575256348,1,34.99838942033623,0.9927538951945956,0.1988017813018886,0,0.1222158323155239,0.9057547012796344,0.2439705487244376,2.452159862442368,0.3854378923618294,0,,,,0.0,-,2119088420914217088,0.1043536850340842,0.0737797451422466,[8276],-1,14,3,1,TSS 184831.24+460159.17
583,1,-,55,3,4,40,94.91041845917064,3.9293209585953113,0.1103161031536731,0.1114685941108001,95,4,1921,1023,95.0324541909073,3.8921379834488334,94.91041845917064,3.9293209585953113,281.7220434431269,46.652668987763406,0.0005980399972301,0.0006268111942501,75.97749383777865,20.10374193776262,2873,2880,2874,8,59817.53283291705,59817.58144331775,59817.539777260106,0.0486104006995447,44.359604,-4.1174693,1,5.808368262200618,20.978008270263672,8.459522247314453,1,33.083236847275,0.9828714339540928,0.2569455790182754,1,0.1542628652127861,0.8370572282836242,0.3073842121446917,3.782387640810665,0.4064014211594752,0,,,,0.0,-,2119144942683950976,0.1039224382197971,0.0593409530558801,[9493],-1,5,1,1,TSS 184653.29+463909.61T59817
579,1,-,55,3,4,41,17.1111003476904,214.0198313371877,0.1139749265614588,0.1172587081420148,17,214,61,1489,17.25928487521436,214.13294713258688,17.1111003476904,214.0198313371877,296.8700695039569,51.201762773854966,0.0006734506056872,0.0006810458418996,84.3772404984427,12.730581681379068,568,573,569,6,59800.553853394566,59800.58857535432,59800.56079778652,0.0347219597533694,39.021282,-3.9782538,1,5.7143537661376005,11.472987,5.8516655,1,18.80868617201289,0.9843957152776808,0.2502360252545443,1,0.2339577855504491,0.7087540974884365,0.4123516795009121,2.885257181016866,1.132909595932708,0,,,,9.0,-,2135444755891132416,0.0859868049323253,0.1357336315372777,[16948],-1,6,1,1,TSS 194728.82+511206.35T59800
1173,2,-,55,3,4,42,172.0000029967168,37.97737216972666,0.1199711907874532,0.1259777529014336,172,38,467,1313,171.98099005057816,37.92693956378628,172.0000029967168,37.97737216972666,292.839208961564,50.71819438110612,0.0007080821398948,0.0007237906688829,82.77174705651439,14.79129577356753,3568,3572,3571,5,59822.35915124989,59822.38692861257,59822.37998427196,0.0277773626803536,37.587185,-3.9375997,1,4.797040762904544,14.94163,10.501203,1,14.873876912812689,0.9252716994303728,1.4181232708642686,1,0.1867273044661981,0.9026764805180384,0.3738038969579656,0.9331412031569428,1.7406670918700702,0,,,,0.0,-,2135944445267115392,-0.314944250859412,0.0574542590807141,[15276],-1,5,2,1,TSS 193121.41+504305.50
176,47,VCR,55,3,4,43,261.22223811583405,136.95005259111315,0.1172774593530388,0.122131641940016,261,137,812,1412,259.59437269186344,137.44832285054125,261.22223811583405,136.95005259111315,290.8614272578913,49.05672153957255,0.0006861969449373,0.0007022532034402,80.65954253946833,15.262591100247096,3653,3663,3663,11,59822.94942004649,59823.01886340267,59823.01886340267,0.0694433561802725,37.257545,-3.9280355,1,3.376982691380999,10.921930313110352,3.8173940181732178,1,16.137495875477452,0.9062296062297208,0.8058475981971034,0,0.0,0.1448957386425657,0.5836952191777965,3.4885866342526253,0.7762355763444377,0,,,,9.0,-,2129561509688618368,0.7330168393167469,0.4229735760573021,[],-1,7,118,1,TSS 192326.74+490324.20
539,1,-,55,3,4,43,206.3333336686612,218.4235666069985,0.1147918696707553,0.1184844043303245,206,218,757,1493,206.38340654091292,218.17067723443992,206.3333336686612,218.4235666069985,291.6764279436965,48.867056273418704,0.0006715103978821,0.0006846311313374,80.70856240892499,14.696856267180616,565,568,566,4,59800.53302021872,59800.553853394566,59800.53996461067,0.020833175847656,34.740383,-3.8520865,1,5.386922633105153,15.435087203979492,11.105201721191406,1,17.94742290812367,0.9760216960917864,0.2986082764921892,1,0.0936115465408903,0.8739315057843018,0.3511141557552998,3.2592571574469624,0.365698911530273,0,,,,8.0,-,2129718636772124544,-0.0120550050565952,0.1380497006427958,[15365],-1,4,1,1,TSS 192642.34+485201.40T59800
980,1,-,55,3,4,44,120.77655921308951,146.97737861132455,0.1116616495496514,0.1136811469677197,121,147,928,1422,120.92980473405758,147.10803738803054,120.77655921308951,146.97737861132455,290.1106834550875,48.60221461334103,0.0006456974876904,0.0006578215411217,80.02133984615288,15.531344842741207,2259,2264,2260,6,59813.241229563806,59813.2759512636,59813.24817390372,0.0347216997979558,41.76591,-4.052055,1,5.867062745604194,18.129154,9.641366,1,23.25965186125085,0.9729401193001253,0.2946807648538478,0,0.1333572511106782,0.8763429309839759,0.2178408231891814,2.590028365272304,1.089784709949808,0,,,,9.0,-,2129476881653314560,-0.7602627304504495,-0.1603224202865476,[10170],-1,6,1,1,TSS 192026.56+483607.97T59813
487,2,-,55,3,4,46,247.99998664196505,117.8234498072161,0.121983273938124,0.1287944929312512,248,118,1567,1393,248.1696087380578,118.28356408628316,247.99998664196505,117.8234498072161,285.8031967598455,46.41206126120354,0.0006981713105924,0.0007230019821141,76.75255459909616,17.38341233865645,1015,1016,1015,2,59803.68577431282,59803.692718705,59803.68577431282,0.0069443921820493,26.008745,-3.5377984,1,4.668465223192602,15.459167,9.286801,1,14.17372533792208,0.8005934852532199,0.9795663380309472,0,0.0,0.6927708367429442,0.1737679576065099,2.979709993406381,0.3058176338672638,0,,,,4.0,-,2130572167032147968,-1.1978058928448263,0.0080997371817375,[10245],-1,2,2,1,TSS 190312.77+462443.42
618,1,-,55,3,4,46,60.22218157073184,182.95298117056677,0.1164057715291597,0.1208649293773941,60,183,1379,1458,60.33685209751035,183.03586429280855,60.22218157073184,182.95298117056677,287.3172373294926,46.812873172158845,0.0006679551412464,0.0006874125166784,77.54526624655759,16.56642870492012,933,935,933,3,59803.11633415157,59803.13022293605,59803.11633415157,0.013888784480514,31.696928,-3.752543,1,5.151590217245197,14.733655,9.772502,1,16.67355255524936,0.9752088900354652,0.3935653685678978,1,0.0496356921313273,0.8628979180888174,0.1204978737802299,2.8993576395894367,0.7135905515513541,0,,,,4.0,-,2130446822706961920,0.1627543230911214,0.0299152553745898,[10556],-1,3,2,1,TSS 190916.14+464846.34
550,1,-,55,3,4,47,216.37625403469363,224.3563841148824,0.1135021499895813,0.1165417926363193,216,224,1791,1499,216.58041418963543,224.35901867849037,216.37625403469363,224.3563841148824,285.0250318133224,45.11907720558124,0.0006363976528186,0.000656292213438,75.28348794247785,17.419654183220086,1151,1155,1152,5,59804.63021162416,59804.657989191495,59804.63715601599,0.0277775673384894,48.76687,-4.220312,1,6.291048349136981,15.726048,6.293155,1,19.41077528368129,0.9830518794845464,0.2326823396675769,0,0.0,0.8048491916290523,0.3973154268497703,3.414262664876556,0.954896189981654,0,,,,0.0,-,2107123913338324480,0.1458142653775667,-0.0647805675837389,[8259],-1,4,1,1,TSS 190006.01+450708.68T59804
271,1,-,55,3,4,48,129.0000422269624,242.4996458240244,0.1135841624448328,0.1166665905048545,129,242,1955,1517,128.91055157854495,242.43904347063463,129.0000422269624,242.4996458240244,284.1782327662731,44.43822183722488,0.0006317071676221,0.0006523117878817,74.39035983504195,17.73576388857733,230,239,231,10,59798.20664940121,59798.269148896405,59798.21359378944,0.0624994951940607,36.430656,-3.9036677,1,5.58286854757006,21.38141,7.258212,1,19.29958471961333,0.9876825193924146,0.1745637897512861,0,0.1318259325087728,0.8702246667302531,0.2794193261187603,2.51731815813323,1.5532824991633287,0,,,,0.0,-,2106626521766275072,0.1292033647307562,-0.0402491832135183,[7435],-1,7,1,1,TSS 185642.78+442617.60T59798
192,2,-,55,3,4,49,192.11107973142185,67.83205413484998,0.1145372494376257,0.1181040448945697,192,68,236,1599,192.41275713549177,67.6087979898516,192.11107973142185,67.83205413484998,296.0580405303171,50.103859649437865,0.0006771489827017,0.0006866406048558,83.13530336355026,12.679521612291916,2163,2169,2164,7,59812.5745729914,59812.616239023424,59812.58151733003,0.0416660320261144,32.88569,-3.7925174,1,5.18744859213891,15.606365,7.6179633,1,18.19564313221676,0.9866585256438476,0.3261727486152644,0,0.0833272620177286,0.8460873878768477,0.4324041584184582,2.241813942121289,0.4087624113256729,0,,,,0.0,-,2135339546372164864,0.085177667555655,-0.1111627066165965,[12794],-1,7,2,1,TSS 194413.93+500613.89
461,1,-,55,3,4,49,85.88887296707756,10.93084334296613,0.1278737109945923,0.1368300748645489,86,11,130,1542,86.18795102399395,10.901563082502536,85.88887296707756,10.93084334296613,296.5951530776738,50.72308878057992,0.0007649783316804,0.0007869636581367,83.86025562974704,12.661691206019048,318,320,318,3,59798.81775563453,59798.83164441389,59798.81775563453,0.0138887793582398,31.645287,-3.7507727,1,4.985600773489896,10.905067,7.3061275,1,12.738847571108025,0.9744499220096768,0.6858860480419052,0,0.1358514874792294,0.7436132341722935,0.3247610833265859,2.5497331873278046,1.0176001571759397,0,,,,13.0,-,2135337690947482112,-0.1549031482357463,-0.062516154674995,[16902],-1,3,16,1,TSS 194622.84+504323.12
702,2,-,55,3,4,50,84.04005126732837,224.3651205229721,0.1177668161436076,0.1228376357227679,84,224,379,1755,84.1435630506199,223.9770264986839,84.04005126732837,224.3651205229721,295.75105070537575,48.87533307632719,0.0006988176579428,0.0007125079354224,81.92400780399201,12.29172395416988,2599,2601,2600,3,59815.60230563815,59815.61619432287,59815.60924998051,0.0138886847125832,39.03968,-3.978766,1,4.24105702353546,12.792983,8.212544,1,15.869509196731547,0.9657864351017998,0.3936071044541659,0,0.1033989992901526,0.8715318306147757,0.2155001239165573,2.8552216233622576,0.0,0,,,,4.0,-,2134750001982144000,0.1122458749866837,0.0631048936206752,[],-1,3,2,1,TSS 194300.25+485231.20
895,2,-,55,3,4,50,39.99098547776025,209.6266574828701,0.1098726637461857,0.1106641983644306,40,210,335,1741,39.98060552231958,209.49135379579093,39.99098547776025,209.6266574828701,296.0080841364558,49.08957278704529,0.0006452053601408,0.0006485682370481,82.19815164274843,12.240815023356149,3319,3338,3320,20,59820.63000995253,59820.76195247341,59820.63695429582,0.1319425208712346,343.86002,-6.3409543,1,17.720344262766613,141.34903,24.91882,1,98.03273418068922,0.9946428811758168,0.1292068856331668,0,0.0164518738113176,0.931090126264501,0.1930836857778855,2.258129359039309,0.3875575270035783,0,,,,0.0,-,2134851775526127744,0.1174219472412119,0.1496421954702782,[14632],-1,18,2,1,TSS 194401.94+490522.46
225,1,-,55,3,4,51,224.11111111077437,181.74416632675783,0.1115586109592643,0.1135166946439465,224,182,775,1713,224.04511134030628,181.5933975994293,224.11111111077437,181.74416632675783,292.67470903727974,47.76797083256768,0.0006514839131748,0.0006601330434961,79.97187708131064,13.629882838247203,80,93,82,14,59797.16499133554,59797.25526835919,59797.1788801085,0.0902770236425567,39.601562,-3.994281,1,5.7167986324961815,12.6540575,7.3531523,1,23.6134019552196,0.9565046721433432,0.2922064149575749,1,0.1202461558536471,0.8654707403225625,0.3076608558314955,2.8791638558987867,0.4346251353615777,0,,,,9.0,-,2128505050814308864,0.0859942548771641,0.1351466938722296,[11014],-1,14,1,1,TSS 193041.93+474604.69T59797
300,2,-,55,3,4,51,105.19529729659652,98.14287650532754,0.1137906281879566,0.1169799489244669,105,98,656,1629,105.38287446381844,98.25107931866256,105.19529729659652,98.14287650532754,293.09577740514334,48.56995915977091,0.0006678614569273,0.0006787113044985,80.84114964750883,13.72288987597737,2362,2368,2365,7,59813.95649663761,59813.99816268361,59813.97732966061,0.041666045995953,28.259365,-3.627906,1,4.825872825364888,10.622645,7.4853806,1,19.032645464795387,0.959834945186144,0.4740898967279919,1,0.0572476902967067,0.9351592060963596,0.3243605914689408,2.577275704267408,0.4442004759103204,0,,,,9.0,-,2128927297638948224,0.1482137301778721,0.0088496547134582,[11743],-1,7,2,1,TSS 193222.99+483411.85
1156,1,-,55,3,4,51,240.2297103801041,190.13684122353368,0.1122341145430615,0.1145851096040401,240,190,791,1721,240.4944406491337,190.1055855470106,240.2297103801041,190.13684122353368,292.60397232881377,47.67324060582562,0.0006560120729976,0.0006654777755224,79.86281546944814,13.632025044983092,2495,2498,2495,4,59814.88009405411,59814.9009270799,59814.88009405411,0.0208330257883062,31.697592,-3.7525659,1,5.110890099061452,11.917727,7.835512,1,21.67019842180417,0.968869347314909,0.3448986358375857,1,0.1745258578528235,0.8571815169349439,0.3189097085521662,2.6822366822102253,1.4341807552719723,0,,,,9.0,-,2128497182433883520,0.1961450517782168,0.0429634106442335,[15146],-1,4,1,1,TSS 193024.95+474023.67T59814
1204,1,-,55,3,4,51,226.80136911193011,111.0064104069104,0.1117804478156859,0.1138700422304306,227,111,778,1642,226.9208583411037,110.94054362189674,226.80136911193011,111.0064104069104,292.2976807776098,48.09486266555882,0.0006522450310177,0.0006616301030193,80.164610447426,13.998181785169503,2967,2972,2967,6,59818.18560115901,59818.22032287418,59818.18560115901,0.0347217151647782,48.298782,-4.209841,1,6.464636265743295,26.084467,8.953145,1,22.881968987054996,0.9893522792354164,0.2275750575832653,0,0.0,0.7177697714769792,0.3164575209730502,2.4607490521677766,0.2955048338755917,0,,,,0.0,-,2129263434658265856,0.2809204570047541,-0.3392912092529059,[15188],-1,5,1,1,TSS 192911.44+480541.51T59818
423,2,-,55,3,4,54,9.065654731731748,75.32416136415247,0.1246187784404788,0.1324246083226264,9,75,1328,1606,9.030381122326489,75.3085553639027,9.065654731731748,75.32416136415247,288.4198589952503,46.329129047736586,0.0007261876222212,0.0007486768677434,77.38435152173972,15.680620212845309,484,485,485,2,59799.97052449086,59799.97746888235,59799.97746888235,0.0069443914908333,28.763985,-3.6471226,1,4.588661107696889,12.278221130371094,7.782249450683594,1,13.445747285248377,0.8651548023727591,0.5814786973901573,0,0.0,0.5183497566143336,0.1537904552572652,3.129794717814253,0.0,0,,,,0.0,-,2130381848441228160,-0.1074770697759959,-0.3167594686149186,[8940],-1,2,2,1,TSS 191340.77+461944.86
436,1,-,55,3,4,54,14.79992303849822,93.51698818046316,0.1192050864986415,0.1248934125730585,15,94,1334,1625,14.933883028677656,93.6127443184179,14.79992303849822,93.51698818046316,288.4773724330579,46.22601042093544,0.0006906248103334,0.0007096275308352,77.30204825805673,15.603599177819074,492,493,492,2,59800.02607962263,59800.03302401423,59800.02607962263,0.0069443915999727,27.708677,-3.6065392,1,4.779526611437676,17.07756805419922,11.411237716674805,1,15.186830046757512,0.8691631055932327,0.5698357214736445,0,0.0,0.7466383212995336,0.2610443098649508,2.478147347007906,0.0,0,,,,0.0,-,2130378721703796992,0.0891781365753558,-0.1369330070785963,[9022],-1,2,2,1,TSS 191354.57+461333.64
729,2,-,55,3,4,54,5.1358218898058166,200.9064852856924,0.1109435518443878,0.1125209548502176,5,201,1324,1732,5.075776144116747,201.057553827605,5.1358218898058166,200.9064852856924,289.09009966692787,45.770943253829245,0.0006359927179621,0.0006472548916682,77.0441589775904,15.032291508531364,2561,2564,2561,4,59815.33842063076,59815.35925365749,59815.33842063076,0.0208330267269047,58.34471,-4.415004,1,6.872089170979224,28.42637252807617,11.864574432373049,1,26.49544974510576,0.9869036701746692,0.209679722313244,0,0.0,0.755097486844916,0.1051658108498291,3.397689421631719,0.2068883512356991,0,,,,1.0,-,2127305689785363328,0.1259118432174091,0.0146863852007754,[9788],-1,4,2,1,TSS 191621.62+454615.40
361,2,-,55,3,4,55,194.15373411761468,83.86629324378356,0.121701348341944,0.1284023583208722,194,84,1769,1615,194.4733879652048,83.98926561933942,194.15373411761468,83.86629324378356,285.7564485590603,44.69640849873405,0.0006939679573513,0.0007161791043191,75.07097175446378,16.782683591308835,2686,2687,2686,2,59816.206463436334,59816.21340777892,59816.206463436334,0.0069443425891222,28.670025,-3.6435702,1,5.0957110443361096,12.476389,7.7507606,1,14.26291646962384,0.931063509930798,1.0871474767958829,0,0.0,0.6338530721786402,0.4166933280728594,1.6769730540087089,1.724639058113098,0,,,,9.0,-,2106302333337085952,0.4952763326868989,-0.1574432573318063,[],-1,2,2,1,TSS 190301.55+444147.07
494,1,-,55,3,4,55,26.652179237158727,7.7757095711084,0.1190292397430096,0.1246435147780857,27,8,1602,1539,26.627613671813368,8.005727205500772,26.652179237158727,7.7757095711084,286.3622480315896,45.64189834559524,0.0006804034415755,0.0007017270369051,76.15349349541022,16.73856310948123,688,695,689,8,59801.38718045192,59801.435791198135,59801.39412484422,0.0486107462202198,23.393875,-3.4227552,1,4.033614218600439,12.762034,5.9721713,1,15.263120443673722,0.9452037648223086,0.4706377232406066,1,0.2070395285195863,0.7636705175050628,0.3134752783573481,2.8494549392341604,0.7377194722651402,0,,,,0.0,-,2106459597858759936,0.0514732412207195,-0.1289541552584978,[9035],-1,6,1,1,TSS 190526.94+453830.83T59801
1021,1,-,55,3,4,57,116.96852622950246,153.55465084583847,0.1109069800790476,0.1124608431292254,117,154,161,1936,116.98884808714509,153.6893647178238,116.96852622950246,153.55465084583847,298.25120445477086,48.6675554271303,0.0006547722451641,0.0006592720779155,82.53363404668833,10.742133982546848,1051,1055,1052,5,59803.93577242852,59803.963549996784,59803.94271682058,0.027777568269812,60.634098,-4.4567924,1,7.262853827060735,15.527056694030762,9.46518611907959,1,26.72948402440978,0.9906836901335055,0.2078125651999495,1,0.0342728930018474,0.9200828387982648,0.2872404989078689,2.9585899728305,0.8347523655167272,0,,,,0.0,-,2086930385866103936,-0.1379447236567728,-0.010072119900542,[21503],-1,5,1,1,TSS 195300.29+484003.20T59803
535,1,-,55,3,4,58,233.1111285109416,134.38999379661485,0.1279626761806687,0.1369494167549127,233,134,528,1916,233.4711789973248,134.26987146681165,233.1111285109416,134.38999379661485,295.4373862304152,47.60390994206702,0.0007653250903778,0.0007881662343636,80.67130749344153,11.892020073965876,400,404,401,5,59799.387195633375,59799.41497319629,59799.39414002417,0.0277775629147072,25.397787,-3.5119896,1,4.429751309556753,12.050847,7.544337,1,12.721745027258834,0.965365649688432,0.3568023557231917,1,0.1208312123524646,0.8342794175384057,0.3324315534534227,2.7419859018557053,0.2846628074821833,0,,,,0.0,-,2080625403935571584,0.1318652718931616,0.0296556756591144,[17229],-1,5,1,1,TSS 194144.97+473614.08T59799
898,1,-,55,3,4,61,128.56237938859925,105.86628889089852,0.1102717865278621,0.1113919796158836,129,106,1192,1888,128.8666706741813,105.69609698910516,128.56237938859925,105.86628889089852,290.7309648384149,45.51425382501713,0.0006361048696817,0.0006438404448665,77.28794438872666,13.880712563951864,1199,1202,1199,4,59804.96354242964,59804.98437560479,59804.96354242964,0.0208331751491641,65.59918,-4.5422463,1,7.482330063113597,34.852486,13.608922,1,33.9662609065537,0.9870526313911784,0.2353670696687888,0,0.0,0.6944239507595754,0.2181611424840326,3.219692470334848,0.4008453508324007,0,,,,0.0,-,2127415984542094720,0.0740383801937696,-0.0886793803263117,[12788],-1,4,1,1,TSS 192255.43+453051.31T59804
549,5,-,55,3,4,62,95.67364069208286,43.199659211861146,0.1098963908951806,0.1107128209922302,96,43,1415,1825,95.6652439579375,43.3172795234539,95.67364069208286,43.199659211861146,288.9880543966831,45.02503271410964,0.0006272051851134,0.0006364970430717,76.30753299699464,14.79809509356873,3312,3338,3313,27,59820.581399550094,59820.76195247341,59820.58834389327,0.1805529233097331,143.00403,-5.3883705,1,11.241727940172794,45.432755,10.692619,1,65.76685303907108,0.9957397018544516,0.1109490083954088,0,0.0371495924084718,0.7948232664425299,0.3043595559136852,2.245706967073496,0.5910165522484521,0,,,,4.0,-,2127163303029722752,0.0541096080705756,0.1098490706210668,[10322],-1,23,6,1,TSS 191557.13+450130.12
882,1,-,55,3,4,62,10.841856276683908,135.53149399206347,0.1114689668512124,0.1133731283597368,11,136,1330,1918,11.006154267734432,135.2731267844336,10.841856276683908,135.53149399206347,289.9862889263751,44.89777199160902,0.0006417650362003,0.0006510025294001,76.48525933916258,14.1013339591659,2688,2693,2688,6,59816.22035212163,59816.25507383482,59816.22035212163,0.0347217131929937,40.711018,-4.02428,1,5.029364241094489,19.81953,9.9781685,1,23.94376504323933,0.9821840738857998,0.2090631184012998,1,0.0432768481516931,0.8104879085459558,0.3087993941766813,2.859423395404882,0.3261612289086553,0,,,,0.0,-,2127043387543323264,0.1435469752500466,-0.0004656858568523,[10927],-1,6,1,1,TSS 191956.71+445351.98T59816
907,1,-,55,3,4,63,210.11111110989896,77.47739999908701,0.1168080648118694,0.1214510412576274,210,77,1785,1859,210.08784259584303,77.54555938096111,210.11111110989896,77.47739999908701,286.9075860297573,43.55967975319111,0.0006648957061166,0.0006802029303934,74.30287014611918,15.586581718015925,2849,2852,2849,4,59817.36616868661,59817.38700171543,59817.36616868661,0.0208330288151046,31.34095,-3.7402802,1,5.310628417883769,13.021609,5.6331277,1,16.415856179113216,0.9598980280182914,0.3572912131219695,0,0.0,0.7325924384929425,0.3715218884310562,2.154991588779956,1.229413273796373,0,,,,0.0,-,2105639710080812544,-0.1746758280530684,-0.2197346410634963,[12798],-1,3,1,1,TSS 190737.82+433334.85T59817
201,36,-,55,3,4,64,204.93347365193068,219.76337585250096,0.1102728043580719,0.1113937441529494,205,220,2031,2002,204.85441336079592,219.727312317721,204.93347365193068,219.76337585250096,286.20108939596867,42.06436934032181,0.0006139352595838,0.0006224070713734,72.66369881477773,15.484664471979508,994,996,994,3,59803.53994207755,59803.55383086192,59803.53994207755,0.0138887843640986,69.578545,-4.6061883,1,3.956590566731455,18.319551,12.490529,1,33.944644139291945,0.9704886434798508,0.2723796338297674,1,0.0456693375555304,0.8693389348031481,0.4204058651611461,2.2280868872930624,2.2467312812805176,0,,,,9.0,-,2103999474949960320,-0.4657656724677963,-0.8011048098010178,[],-1,3,56,1,TSS 190448.26+420351.73
354,1,-,55,4,1,1,11.278914439435733,246.64283847572207,0.1274600571911621,0.1362744722388001,11,247,55,247,11.280816990436984,246.53172359946535,11.278914439435733,246.64283847572207,273.06482318019795,50.95941390015852,0.0007377941953038,0.0006624895268716,78.91638442684446,26.71332085279732,1428,1430,1429,3,59806.55268879645,59806.56657756679,59806.55963318165,0.0138887703433283,24.932308,-3.4919062,1,4.404452883206845,11.066168,7.6154456,1,12.819730255992772,0.9230206057532812,0.5271992093192498,1,0.0588807003262502,0.8716412767912758,0.3127215697863938,2.4304692029062323,1.0104794583723318,0,,,,0.0,-,2124730461750843648,-0.1413000726488604,0.1222736763670013,[4415],-1,3,1,1,TSS 181215.56+505733.89T59806
448,1,-,55,4,1,4,148.00001818652802,18.03534278398548,0.1146585398998656,0.1182854115467934,148,18,955,18,148.125742460209,17.843056889013447,148.00001818652802,18.03534278398548,280.0089799021841,53.845797433472086,0.0006531199076025,0.0006189796298883,83.05252885756957,23.2215219711438,2323,2335,2323,13,59813.684547293546,59813.767879544976,59813.684547293546,0.0833322514299652,29.761969,-3.684154,1,4.829621228029621,15.209620475769045,5.653416633605957,1,18.075364890689983,0.9700301272584896,0.3527718100769828,0,0.0812651941499429,0.7803616562741273,0.2533172150263145,3.296140462601207,0.8815797743870667,0,,,,8.0,-,2147206644086765568,-0.1187425119151157,-0.0366012321597324,[4837],-1,9,1,1,TSS 184002.16+535044.87T59813
219,8,-,55,4,1,5,158.98419697756725,203.7746967486606,0.1106271070482058,0.1119964505635284,159,204,1222,204,159.00980326047085,204.0871154796736,158.98419697756725,203.7746967486606,280.522306295574,55.58528842268595,0.0006299559785137,0.0006075276426824,84.96683072840965,23.37108558762137,1129,1130,1129,2,59804.47631781469,59804.48326219826,59804.47631781469,0.0069443835673155,52.986725,-4.3104177,1,6.545375860070546,10.672741889953612,7.411052703857422,1,28.94709265350112,0.9700104307487964,0.323722243785411,0,0.0,0.7498007029848527,0.0143847342459864,2.743438399108165,0.3831221759319305,0,,,,9.0,-,2147866415485427328,-0.0935912395045761,-0.1093036236678131,[5943],-1,2,38,1,TSS 184205.35+553507.04
596,4,-,55,4,1,7,248.91264956844853,85.4774000000001,0.2236799761321069,0.2522032479860893,249,85,1824,85,249.8931863100118,84.63805325760434,248.91264956844853,85.4774000000001,285.85134230969084,57.47542094641049,0.0013302304431295,0.0013239707464426,87.80464478108307,21.06901173493397,2941,2949,2944,9,59818.00393955468,59818.059494479865,59818.02477265154,0.0555549251876072,24.856573,-3.488603,1,3.046888323556028,14.184564,6.6760235,1,7.328136118730315,0.9128630890473032,0.6844815385006395,0,0.0,0.821907331737687,0.5591811009943628,4.866663788382476,0.0,0,,,,8.0,-,2153486534812167424,-0.1415024323105171,0.2403991429965231,[5742],-1,8,6,1,TSS 190324.32+572831.52
264,3,-,55,4,1,8,140.1083776216684,116.62724029432376,0.1104549334916665,0.111706113755025,140,117,1966,117,140.20251116588418,116.66515532460728,140.1083776216684,116.62724029432376,286.7875853631032,58.134821025113865,0.000625043028286,0.0006176993541973,88.64104424814518,20.798172915637704,245,248,245,4,59798.30971083243,59798.33054393092,59798.30971083243,0.0208330984896747,53.29455,-4.316707,1,6.750961520578377,12.486664,7.254954,1,30.897992008967645,0.9869532323721966,0.2270189303914785,0,0.109449458208627,0.8501513539086356,0.3321891642700493,2.408128419912197,0.365410004322062,0,,,,0.0,-,2143009636405541376,-0.0941390039261023,-0.0709262630624607,[6005],-1,4,3,1,TSS 190709.02+580805.36
288,2,-,55,4,1,11,48.99544131737612,234.65075747149976,0.1248882589542696,0.1327924125640355,49,235,600,486,49.272864419617314,234.39899984953905,48.99544131737612,234.65075747149976,274.4038004503838,53.98754151068406,0.0007346264218808,0.0006875345567826,82.413139223016,26.47360379649704,875,876,875,2,59802.68466716619,59802.69161154714,59802.68466716619,0.0069443809479707,24.779,-3.4852095,1,4.550375076706326,14.69045639038086,10.192438125610352,1,13.380326532519865,0.977015785873011,0.2824746127131469,0,0.0,0.8385619415036094,0.1618099033568443,2.726132291702988,0.4517869055271148,0,,,,0.0,-,2148760322736276864,-0.1582588791883381,-0.0480833949325756,[],-1,2,2,1,TSS 181736.91+535915.15
403,1,-,55,4,1,12,40.825855896801286,3.088458460230195,0.1099799669645287,0.1108721300449844,41,3,848,254,39.98690774846994,3.6823804618536906,40.825855896801286,3.088458460230195,277.6517669086937,54.242887604983146,0.0006236474514165,0.000593505109686,83.11487026467633,24.66021044728145,1321,1347,1332,27,59805.80963959475,59805.9901936024,59805.88602782838,0.1805540076529723,159.29878,-5.5055313,1,3.1210556233818774,87.4119644165039,8.544943809509277,1,46.90910044273633,0.8518717622795344,0.6533947348345187,0,0.0,0.6020365416901713,0.5817157930314372,2.332351438612678,0.0,0,,,,0.0,-,2145963985491864448,1.4126311435722982,1.3795854834020247,[4704],-1,26,2,1,TSS 183036.42+541434.40
179,1,-,55,4,1,13,163.00003717601183,181.08852303241468,0.1441632259634977,0.1579767020923925,163,181,1226,432,162.69507556327483,181.0558422430316,163.00003717601183,181.08852303241468,278.8675343073508,56.44133934582996,0.0008656287714479,0.0008321725238714,85.64019371938335,24.47084365339847,77,78,77,2,59797.1430580388,59797.15000239635,59797.1430580388,0.006944357548491,12.792153,-2.767359,1,3.4257942471364005,11.730127,10.99641,1,10.640100175704593,0.8450297812563233,2.2050242107467146,1,0.2086306287115578,0.7409082811492911,0.3786690686815922,1.2474915128807664,2.308074995607496,0,,,,0.0,-,2148149681464671104,-0.7240475616933963,-0.0558573928176429,[],-1,2,22,1,TSS 183528.21+562628.82
179,2,-,55,4,1,13,163.07582827227318,180.97878263985424,0.113306682835696,0.1162435755917682,163,181,1226,432,162.9987531679945,180.81121866954447,163.07582827227318,180.97878263985424,278.8688966454776,56.4412527773936,0.0006552998032446,0.0006342815174799,85.6402831579914,24.47008998939354,257,262,261,6,59798.39304322861,59798.42776506223,59798.42082069543,0.0347218336173682,20.306786,-3.2691028,1,4.322046794077581,14.893528,11.857709,1,19.688833784946592,0.8459643556904706,1.6098946611825746,1,0.1763597263191465,0.9286076021731268,0.3282615571202329,1.3141252511232138,2.3369946228586977,0,,,,0.0,-,2148149681464671104,-0.7998386578999543,0.0538829985403026,[5208],-1,6,22,1,TSS 183528.54+562628.51
179,3,-,55,4,1,13,163.11108119584557,181.0220950381622,0.11141924693892,0.1132932946631353,163,181,1226,432,163.0589292910286,180.93075828621895,163.11108119584557,181.0220950381622,278.86881483385,56.44155764239297,0.0006412311420837,0.0006212381216189,85.64059894261801,24.4702012444637,1075,1081,1079,7,59804.10132111408,59804.14298741287,59804.12909864656,0.0416662987918243,21.320189,-3.3219776,1,4.406887293914829,12.48012,10.711041,1,24.137107097538088,0.8540830361661462,1.5712364057415449,1,0.1653255624344639,0.5870237883325655,0.3272140519960398,1.290789492613274,1.865516149225984,0,,,,0.0,-,2148149681464671104,-0.8350915814164637,0.0105706011679558,[5209],-1,7,22,1,TSS 183528.52+562629.61
179,4,-,55,4,1,13,163.11106712379808,180.9774320970094,0.1245268007208465,0.1322989357481817,163,181,1226,432,163.10527766530782,181.33343725149163,163.11106712379808,180.9774320970094,278.8691534035059,56.44139421646993,0.0007344650087613,0.0007083421702132,85.64046908307779,24.46998269056215,1089,1091,1090,3,59804.19854247846,59804.212431244894,59804.20548686168,0.0138887664361391,17.703873,-3.1201708,1,3.969752311073302,10.214626,9.271426,1,13.46840911989019,0.8315563172063193,1.855773193302264,1,0.1939085637955079,0.1984902479703795,0.4932489687349332,1.4988433507166163,2.471964234631802,0,,,,0.0,-,2148149681464671104,-0.8350775093806533,0.05523354161528,[5210],-1,3,22,1,TSS 183528.60+562629.02
179,5,-,55,4,1,13,163.0400816532171,181.0884939821501,0.1116076397480889,0.1135950193976756,163,181,1226,432,162.93715378927286,181.1727518452403,163.0400816532171,181.0884939821501,278.86781465780814,56.44150558402196,0.0006426586076978,0.0006225576934866,85.64040937638816,24.470729091361942,1183,1188,1187,6,59804.851314539446,59804.8860364595,59804.87909207547,0.0347219200557447,22.11426,-3.361681,1,4.490607465704398,11.586387,10.067384,1,23.441820946941075,0.848863536859483,1.4579625818660165,1,0.0833152911506686,0.8429755805384036,0.6165421531579578,0.8738371121042772,2.140456716510412,0,,,,0.0,-,2148149681464671104,-0.7640920388514587,-0.0558283422795966,[5211],-1,6,22,1,TSS 183528.28+562629.42
179,7,-,55,4,1,13,163.06263279879616,181.0885472830261,0.1104569919236276,0.1117096103526291,163,181,1226,432,162.95698482686043,181.0826333511465,163.06263279879616,181.0885472830261,278.8679720108179,56.44159945611304,0.0006338178258548,0.0006143992710998,85.64053102655875,24.47066491624357,1483,1504,1500,22,59806.93462997992,59807.080462066646,59807.05268452644,0.1458320867241127,25.581583,-3.5198185,1,4.670924595946007,13.277539,9.357684,1,30.870595164058244,0.8592092677137848,1.392296967654422,1,0.133956623504747,0.2746739709378086,0.4276874570196592,1.6386822835753476,2.0978570835432877,0,,,,0.0,-,2148149681464671104,-0.7866431844001909,-0.0558816429945636,[5212],-1,20,22,1,TSS 183528.31+562629.76
179,8,-,55,4,1,13,163.1110917681224,181.08844854770533,0.1108835806549697,0.112422318863621,163,181,1226,432,162.96099667880733,181.01707134670332,163.1110917681224,181.08844854770533,278.8683117585365,56.44180039244103,0.0006371374454528,0.0006174580687056,85.64079181440566,24.47052596948229,1510,1532,1520,23,59807.12212837685,59807.274904845806,59807.19157222674,0.152776468952652,26.512016,-3.5586069,1,4.661088426155251,12.110584,9.506406,1,26.88468661914734,0.8540751778634715,1.414240325882939,1,0.1536794199532402,0.4690469651058461,0.4424124420697323,1.3471284745004102,2.18414406658452,0,,,,0.0,-,2148149681464671104,-0.8351021536677763,-0.055782907339676,[5213],-1,23,22,1,TSS 183528.39+562630.48
179,9,-,55,4,1,13,163.11107015120336,181.08852769713795,0.1230270434854532,0.1302396341513744,163,181,1226,432,163.06694145303877,181.1149879148626,163.11107015120336,181.08852769713795,278.8683110071287,56.441800592155104,0.0007241489883187,0.0006986516819603,85.64079192794289,24.47052641863235,1689,1696,1693,8,59808.36517308439,59808.413783754295,59808.39295061034,0.0486106699099764,23.111618,-3.409576,1,4.396380408338072,11.025204,6.848322,1,13.86428329361973,0.8687875639511372,1.5259192421079657,1,0.1075288515527393,0.8741226085518641,0.2517138832502869,1.0350643201181255,2.203931747945294,0,,,,0.0,-,2148149681464671104,-0.8350805367467729,-0.0558620567726961,[5214],-1,7,22,1,TSS 183528.39+562630.48
179,11,-,55,4,1,13,163.0000047100641,180.97736646208435,0.1263669885395354,0.1348005268022115,163,181,1226,432,163.12301957211736,181.0815965402404,163.0000047100641,180.97736646208435,278.8683769590048,56.4409326320997,0.0007470497644232,0.0007201731171464,85.6398705427645,24.470299709765868,1916,1917,1917,2,59810.85819847465,59810.865142813,59810.865142813,0.0069443383472389,16.10086,-3.0171227,1,3.72395026343089,13.618328,13.239968,1,13.045018637447097,0.852742171886671,1.2660863598445946,1,0.0879149310346575,0.8599301154142571,0.3654159680676539,1.306105763580956,0.9521456859950268,0,,,,0.0,-,2148149681464671104,-0.7240150957889,0.055299175767459,[5216],-1,2,22,1,TSS 183528.41+562627.36
179,12,-,55,4,1,13,163.1110986173175,180.97735547600115,0.1108980719061768,0.1124461828414908,163,181,1226,432,162.99839162805122,181.00062606051048,163.1110986173175,180.97735547600115,278.86915420481824,56.44139406702749,0.0006372467640449,0.0006175574863987,85.64046903010102,24.469982225568543,2057,2070,2063,14,59811.83735046201,59811.92762692954,59811.87901652291,0.0902764675338403,21.111403,-3.311293,1,4.374097523228879,19.626747,18.103846,1,26.788050654474727,0.8523740332195714,1.5206326298391095,1,0.0446866397101888,0.8295896393205662,0.2580269315435123,0.9125683841940752,1.3303624348893175,0,,,,0.0,-,2148149681464671104,-0.8351090029007082,0.0553101626200032,[5217],-1,14,22,1,TSS 183528.60+562629.02
179,13,-,55,4,1,13,163.11110087648822,180.97741484957783,0.1105147670812421,0.1118074855145852,163,181,1226,432,163.05017398829435,180.8592399286597,163.11110087648822,180.97741484957783,278.86915377040987,56.44139429358799,0.0006342693691501,0.0006148142226439,85.64046921480235,24.4699825097055,2232,2244,2243,13,59813.052611231455,59813.135943443536,59813.12899909233,0.0833322120815864,22.505327,-3.3807135,1,4.4700384260619845,17.324629,14.97436,1,30.147083057424933,0.8536962840483656,1.5126181590763013,1,0.0628078427896469,0.81249849101957,0.3751088044914771,1.2183664170124848,1.418197389367969,0,,,,0.0,-,2148149681464671104,-0.8351112620728145,0.0552507890450328,[5218],-1,13,22,1,TSS 183528.60+562629.02
179,14,-,55,4,1,13,163.11107297023295,180.9773785583928,0.1131430121931737,0.1159929964019953,163,181,1226,432,162.9859509080283,181.01147330775547,163.11107297023295,180.9773785583928,278.8691538503733,56.44139404492245,0.0006540957027694,0.0006331635644354,85.64046895900093,24.46998241182289,2528,2532,2530,5,59815.108140377415,59815.13591781314,59815.12202909525,0.0277774357236921,21.385412,-3.325294,1,4.419420718461043,14.537099,9.858701,1,19.937205389860136,0.8354308820947118,1.5354737414167663,1,0.0759695987740618,0.951560611883963,0.0784588489990037,0.7944248321260226,1.6250043462904646,0,,,,0.0,-,2148149681464671104,-0.8350833558149588,0.0552870802263782,[5219],-1,5,22,1,TSS 183528.60+562629.02
179,15,-,55,4,1,13,163.1110866968155,180.977376182755,0.1099651139376904,0.1108444832455921,163,181,1226,432,162.99292993429626,181.17341955133816,163.1110866968155,180.977376182755,278.8691539644134,56.4413940932518,0.0006298554988247,0.0006107673282548,85.64046902604973,24.469982360974424,2704,2722,2717,19,59816.330347839896,59816.45534636107,59816.42062454911,0.1249985211761668,23.606121,-3.4325614,1,4.755967164467757,12.896289,11.309778,1,48.606940071643926,0.8468588081324384,1.4596126845110324,1,0.1714770076946854,0.6486692704720389,0.3950640336930635,1.365632475588686,1.6661889294735328,0,,,,0.0,-,2148149681464671104,-0.8350970824001251,0.0552894558687171,[5220],-1,19,22,1,TSS 183528.60+562629.02
179,16,-,55,4,1,13,163.1110767815713,180.977472205345,0.110025625917786,0.1109560276535786,163,181,1226,432,163.03628635737607,181.19920044584035,163.1110767815713,180.977472205345,278.8691531669382,56.44139440329532,0.0006303584168889,0.000611226180725,85.64046925165745,24.469982859269017,2732,2748,2742,17,59816.52478998622,59816.63589978974,59816.59423361295,0.1111098035180475,23.420288,-3.4239805,1,4.664665895994254,12.966067,11.77079,1,43.05563663839352,0.8488193076613723,1.324131912238742,1,0.1217101426652915,0.7147656133851572,0.3867019949192927,1.371653765785909,1.6474695579170249,0,,,,0.0,-,2148149681464671104,-0.8350871671520963,0.0551934332745531,[5221],-1,17,22,1,TSS 183528.60+562629.02
179,19,-,55,4,1,13,163.11108487618472,180.9773971188429,0.1101245610360974,0.1111338416012611,163,181,1226,432,162.99449687689054,181.10479392361427,163.11108487618472,180.9773971188429,278.8691537929246,56.4413941622689,0.000631166636785,0.0006119653762536,85.64046907707797,24.469982468644066,2907,2918,2909,12,59817.767831131554,59817.84421914919,59817.7817198619,0.0763880176309612,23.368649,-3.4215841,1,4.679081842289912,14.150018,13.073578,1,38.08783142527451,0.8494836568315112,1.333963541322685,1,0.0653017638878574,0.8469436851621592,0.3146742670332146,1.30163073799316,1.6129064724145177,0,,,,0.0,-,2148149681464671104,-0.8350952617706753,0.0552685197815208,[5223],-1,12,22,1,TSS 183528.60+562629.02
179,20,-,55,4,1,13,163.11109921194637,180.977430215367,0.1111531824581774,0.1128633579039274,163,181,1226,432,163.0198583153385,181.0342718663731,163.11109921194637,180.977430215367,278.869153642251,56.44139434287848,0.0006392042704542,0.0006193644088019,85.64046925048513,24.46998258966644,3149,3155,3154,7,59819.44836784919,59819.49003405672,59819.48308968874,0.041666207529488,24.015377,-3.4512234,1,4.661878638708252,12.930993,11.698256,1,25.32205628230152,0.8475639721236363,1.3701675205607176,1,0.1905971526611563,0.90013959271589,0.316024054239484,0.9152669025923676,1.6337339821529997,0,,,,0.0,-,2148149681464671104,-0.8351095975313001,0.0552354232568745,[5224],-1,7,22,1,TSS 183528.60+562629.02
179,22,-,55,4,1,13,163.11106455645665,180.97746857372877,0.1144072541418383,0.1179092909527894,163,181,1226,432,162.99864359244123,181.08078089795663,163.11106455645665,180.97746857372877,278.86915310895324,56.44139433922963,0.0006633391900001,0.0006417607999474,85.64046917524166,24.469982876425988,3703,3705,3703,3,59823.2955469731,59823.30943567991,59823.2955469731,0.0138887068096664,22.86852,-3.3980951,1,4.575822544226491,16.344091,14.654736,1,18.328925739741447,0.848511132799137,1.2739667003829052,1,0.0600970063668521,0.9265622852662224,0.2759162327389186,1.354518560907508,1.5122627930809898,0,,,,0.0,-,2148149681464671104,-0.8350749420387729,0.0551970648951964,[5226],-1,3,22,1,TSS 183528.60+562629.02
771,1,-,55,4,1,15,217.72420354151413,120.44830831568852,0.1171843162633166,0.1219968600925347,218,120,1793,371,217.80507489153615,120.33828312106928,217.72420354151413,120.44830831568852,283.56737254030907,58.50784818079665,0.0006804280057087,0.00067210817693,88.49635746629917,22.524524061817825,3372,3374,3372,3,59820.99696206506,59821.01085080333,59820.99696206506,0.0138887382709071,37.469994,-3.934209,1,5.482262832484518,14.623832,8.903253,1,16.190973760958045,0.9733594901561377,0.3099994517949229,0,0.1271522905248651,0.7869192013034089,0.4236715249081119,2.4679500257258256,0.1098090782761573,0,,,,0.0,-,2153822027594226688,-0.0060413638320824,-0.1405909991496514,[7861],-1,3,2,1,TSS 185416.17+583028.25
206,1,-,55,4,1,18,188.77777775482232,229.42184432055825,0.1247515801674178,0.1326059382451529,189,229,484,736,188.9467834656224,229.42091801557228,188.77777775482232,229.42184432055825,271.7899799622525,54.29135423352278,0.0007381749702264,0.0006895121718079,82.46983094672238,28.03375588753492,258,261,258,4,59798.3999875953,59798.42082069543,59798.3999875953,0.0208331001267652,23.469652,-3.4262667,1,4.399305445900567,10.0964575,5.58972,1,13.413327895026756,0.9460086326725992,0.5004241823336858,0,0.0687021542047695,0.3502313021196329,0.3357479534844081,1.9074307379006756,0.643824419107215,0,,,,9.0,-,2149670855803617536,-0.1811695455035078,0.0219214115220438,[3677],-1,3,1,1,TSS 180709.60+541728.88T59798
606,1,-,55,4,1,23,88.35979763580947,207.79269294820864,0.1106075089073659,0.111963603893853,88,208,1663,715,88.42865251447621,207.6651253457542,88.35979763580947,207.79269294820864,279.8655733658365,59.3301832456299,0.0006415154680392,0.000632911007306,88.86646981747799,24.57677707358964,2378,2381,2379,4,59814.06648679896,59814.087319865095,59814.07343115431,0.0208330661334912,44.127487,-4.111773,1,6.195581743421656,11.6214599609375,8.626812934875488,1,29.13982731778064,0.9886217598064514,0.2607365367225542,1,0.0382881084795923,0.923124299934332,0.3476834810891764,2.706672752563878,0.7509187626155511,0,,,,8.0,-,2154855431085176704,-0.2375846863949391,0.0712816090249361,[5538],-1,4,1,1,TSS 183927.74+591948.66T59814
650,1,-,55,4,1,23,222.98714913001336,85.08843542795316,0.1098742775774054,0.1106676554261722,223,85,1798,592,223.03865820965407,85.02185422022878,222.98714913001336,85.08843542795316,281.9188308633518,59.40776839634301,0.0006329111668214,0.0006260593683592,89.20779511068824,23.575153202945103,3327,3338,3328,12,59820.68446545556,59820.76085351533,59820.691409824576,0.0763880597733077,228.55585,-5.897481,1,14.136091966714922,93.71896362304688,19.818265914916992,1,92.44409744660756,0.9981072833437746,0.0899834361757119,0,0.0,0.8661175060254634,0.3878359140551495,2.7171736430920364,0.6654710875878438,0,,,,0.0,-,2156169480622343552,-0.0453434941919113,-0.1371677770025599,[5573],-1,11,1,1,TSS 184740.52+592427.97T59820
323,1,-,55,4,1,25,54.75044136473627,173.2368801208597,0.1121492382633178,0.1144520323367679,55,173,99,936,54.88626973044524,173.12312823388947,54.75044136473627,173.2368801208597,268.1372110530902,53.18531441729033,0.0006417214717352,0.00059933318164,80.90552351580068,30.03849552419467,1906,1911,1906,6,59810.78875509094,59810.82347678288,59810.78875509094,0.0347216919399215,38.4494,-3.962224,1,5.694460429819087,21.247095,10.741196,1,21.873683500438418,0.9826956210347458,0.2125121751801979,0,0.0335549424470368,0.8719233816249432,0.2669649170848618,2.393998720638543,0.2686808314536798,0,,,,0.0,-,1368930120187620992,-0.1294487967571456,0.0056191118883361,[3952],-1,6,1,1,TSS 175232.93+531107.13T59810
380,1,-,55,4,1,26,113.80039560696844,61.310733242698525,0.1099906686324576,0.1108919311903399,114,61,409,824,113.91236795507626,61.31119543749643,113.80039560696844,61.310733242698525,270.67085488538254,54.233739165306766,0.0006281769315681,0.0005961710119923,82.3031099909462,28.673319538332333,2458,2467,2459,10,59814.62203530816,59814.68453452524,59814.62897966553,0.0624992170778568,83.49749,-4.8041835,1,8.52464053911975,56.576332,16.989939,1,45.84972795803111,0.9957792811930948,0.1213992627796855,0,0.0578995730030736,0.9206636181352752,0.2670284185223309,2.135399824613845,0.7667212467035759,0,,,,0.0,-,2149702050148296960,1.1542196759697276,0.6075024253690344,[4120],-1,9,1,1,TSS 180241.01+541401.46T59814
339,1,-,55,4,1,32,9.888888850958429,140.4750916195389,0.1104369787408603,0.111675585711194,10,140,1836,903,9.908789247380676,140.3635947537932,9.888888850958429,140.4750916195389,279.6509340365064,60.78747553725465,0.0006434265635943,0.000638559583385,90.41340245937285,24.97994145374662,473,484,474,12,59799.893027274695,59799.96941538877,59799.89997164854,0.0763881140737794,49.59288,-4.2385483,1,6.476626763101878,18.630535,6.9001517,1,31.142164345151787,0.992307084247671,0.1712317703574917,0,0.0715923984998578,0.7057921384293646,0.4199197691141432,2.351270513188193,0.7142250600356064,0,,,,8.0,-,2156505729319945600,-0.0718843178171937,-0.0884328012926971,[6990],-1,11,3,1,TSS 183836.22+604714.91
646,1,-,55,4,1,32,131.11112029029033,17.21490731546453,0.1421236123240197,0.1553927447071767,131,17,1957,780,131.33394039211365,17.22173864718614,131.11112029029033,17.21490731546453,281.6992921744702,60.80794961149338,0.0008587473156961,0.0008535458950355,90.6681038224414,24.00763286394784,1908,1927,1911,20,59810.80264376775,59810.93458619664,59810.82347678288,0.1319424288958544,16.927326,-3.0714707,1,3.625638262257177,11.258484,5.0418158,1,10.82876818676755,0.9665939556289672,0.7799933287358861,1,0.2577809790642374,0.7759645496932164,0.3666607781359139,2.092248972799489,0.1962306545301085,0,,,,0.0,-,2156365850824392704,0.1744532794359656,-0.0049915939533775,[7721],-1,16,1,1,TSS 184647.83+604828.62T59810
56,5,-,55,4,1,33,145.91537084316906,188.86496165869045,0.1104602088225549,0.1117150734597693,146,189,190,1208,145.8808730588369,189.0247462315803,145.91537084316906,188.86496165869045,266.3776819857464,54.37361251551013,0.0006322447046851,0.0005995000031138,82.17367897766938,31.17934253380368,71,72,71,2,59797.10139189456,59797.10833625181,59797.10139189456,0.0069443572574527,49.60253,-4.2387595,1,6.508665378181004,18.57937812805176,11.756954193115234,1,30.828018068808785,0.9802145072450976,0.2426542761522233,0,0.0,0.6384171331296813,0.3322810406703261,2.9502193522260303,0.0,0,,,,9.0,-,1417320795156763008,-0.0728044831947443,-0.1026668486076687,[2300],-1,2,5,1,TSS 174530.64+542225.01
153,4,-,55,4,1,33,194.42164099617315,193.387921786383,0.1136779052541202,0.1168090097485726,194,193,238,1212,194.4248078424353,193.33941691587964,194.42164099617315,193.387921786383,266.5827054011372,54.6106725100323,0.0006594062695101,0.0006220136016247,82.45975963588876,31.077326631125263,1817,1819,1817,3,59809.25405336408,59809.267942105136,59809.25405336408,0.0138887410575989,38.78468,-3.9716506,1,5.889236163837665,11.02463436126709,6.494129180908203,1,19.176161442175687,0.983546831449334,0.2226102552830055,0,0.0,0.664719506567266,0.2497340819457307,2.5233777779923217,0.1051187971104519,0,,,,9.0,-,1418078358667873024,-0.1144891994034367,-0.0761588546301936,[3242],-1,3,4,1,TSS 174619.85+543638.42
297,2,-,55,4,1,33,178.3439416963661,82.8662888865628,0.1328738281513421,0.1434609406305462,178,83,222,1102,178.40078027985652,82.93170622207649,178.3439416963661,82.8662888865628,267.4227492250233,54.22059839185844,0.0007979657499656,0.000734387892841,82.05173983019736,30.559336634660852,3467,3468,3467,2,59821.65667711443,59821.66362148298,59821.65667711443,0.006944368549739,27.611902,-3.6027408,1,4.846465856901426,12.407196998596191,7.721019268035889,1,11.90905350385366,0.9579021595152284,0.7578800048897523,0,0.0,0.6111843405850507,0.4445744838307727,1.799369035670458,0.799962043762207,0,,,,0.0,-,1417268186101373056,-0.1129267776871358,1.2254892741671028,[3527],-1,2,2,1,TSS 174941.46+541314.15
218,1,-,55,4,1,34,230.31689168992415,241.22083263446848,0.1177050267686994,0.1227486854406784,230,241,525,1260,230.41964532843485,241.31037649463136,230.31689168992415,241.22083263446848,267.676359341215,56.08550848436475,0.000695948662733,0.0006603585824745,84.22404246252754,30.56149065616392,597,604,597,8,59800.75412981403,59800.80274045105,59800.75412981403,0.048610637022648,21.511185,-3.331661,1,4.325378834357261,12.998754501342772,6.397132396697998,1,15.902204533446229,0.9759216978642574,0.272136620902979,1,0.2739747609527656,0.6267476018028433,0.2116742109930427,1.441292923165718,0.894460141658783,0,,,,0.0,-,1418420100625856512,-0.1543579825146253,-0.0090411140545256,[3419],-1,8,2,1,TSS 175042.33+560507.83
417,3,-,55,4,1,35,47.947256088365314,213.1263378804148,0.1375370779328388,0.149523647840784,48,213,599,1232,47.886769292524825,212.97669103173575,47.947256088365314,213.1263378804148,268.327468888597,56.34570879680748,0.0008394204369748,0.0007848733626252,84.55594597565474,30.21969559126124,3484,3485,3485,2,59821.77473137817,59821.78167574649,59821.78167574649,0.0069443683169083,24.233719,-3.4610505,1,4.214653824447238,10.431213,8.227485,1,11.31034861827172,0.8188214038086844,0.8633228688879037,1,0.3653377486245981,0.6970205485635814,0.6320894473163025,2.3942647548489298,0.9075973033905028,0,,,,9.0,-,1418518541276312448,-0.1886510083525081,-0.0314638835420737,[],-1,2,3,1,TSS 175318.59+562044.55
321,1,-,55,4,1,37,89.99999999945238,92.59400581501092,0.1144066695049768,0.1179084141916935,90,93,1153,1112,90.24295512089746,92.52233516779538,89.99999999945238,92.59400581501092,272.7751806906448,58.52453561624378,0.0006760960127868,0.0006573071957312,87.30583036764888,28.05106586486669,1053,1056,1054,4,59803.94854468791,59803.9693778367,59803.95548907084,0.0208331487883697,29.826105,-3.6864913,1,4.944115837842992,17.207988739013672,8.027542114257812,1,18.329535801713188,0.9772626087050992,0.3073002853252446,0,0.0,0.8623911547671241,0.270684172387151,2.4321076646973303,1.432384622615634,0,,,,0.0,-,2152277656137322624,-0.130937826835634,0.0412728830995092,[4269],-1,4,1,1,TSS 181106.04+583128.33T59803
402,1,-,55,4,1,37,149.11111111210988,171.45936449224715,0.1108575542171345,0.1123794097850394,149,171,1212,1190,149.23494548629634,171.44199169929232,149.11111111210988,171.45936449224715,272.4623906990892,59.062162370561495,0.0006495250078736,0.0006360154868858,87.89059869857262,28.27360900997024,2124,2133,2124,10,59812.30262157176,59812.365120691626,59812.30262157176,0.0624991198637872,41.023125,-4.032572,1,5.973888151850382,26.67134475708008,8.823226928710938,1,27.062643772817648,0.9910926407459292,0.1785596209880929,0,0.0304809594301049,0.8067184075804155,0.2447323833442029,2.454154991313377,1.0860926450436434,0,,,,0.0,-,2152397124946948736,0.1970552774198495,0.3156580737245349,[4320],-1,9,1,1,TSS 180950.97+590343.78T59812
344,1,-,55,4,1,40,244.7447968368693,46.4774,0.1148733412447493,0.1186058093964775,245,46,2071,1065,244.98462905093123,46.45913845393345,244.7447968368693,46.4774,280.1899974217952,62.41946617725656,0.000678797392465,0.0006767257010193,92.23489020442828,25.04675352334976,867,874,867,8,59802.629112119,59802.67772278524,59802.629112119,0.0486106662356178,33.287865,-3.8057148,1,5.253499388217287,13.496942520141602,4.3545122146606445,1,17.871335523791103,0.946746034181944,0.4459891709625343,0,0.0,0.5864279612817471,0.2357901122969846,2.842078649434387,0.4063932430587983,0,,,,8.0,-,2157075482500858240,-0.0649378285966122,0.2522087128547809,[6614],-1,4,1,1,TSS 184045.60+622510.08T59802
144,3,-,55,4,1,41,89.89951385520793,121.63593802546542,0.1103773801344926,0.1115738626570306,90,122,134,1397,90.28604278130676,121.63862883633556,89.89951385520793,121.63593802546542,264.50455137138914,54.63395507135681,0.0006315167738045,0.0006002167772218,82.40736913989826,32.279857527464,507,514,508,8,59800.1291360006,59800.17774662411,59800.13608037532,0.0486106235111947,62.62057,-4.4917927,1,7.148523236489639,26.56531143188477,7.202149391174316,1,32.02721572554671,0.9873925778406952,0.2017365274908758,0,0.0,0.7656581371410538,0.3041605772015636,3.158582228129964,2.83414460749943,0,,,,8.0,-,1417948650655528576,-0.1183119416377849,0.0275080771557441,[3603],-1,5,10,1,TSS 173801.09+543802.24
264,2,-,55,4,1,41,259.5555556284366,162.43064079403257,0.1104896401652212,0.1117649806553417,260,162,304,1437,259.70443326965415,162.27886371668308,259.5555556284366,162.43064079403257,264.9718492454953,55.547174967209976,0.0006360730021494,0.0006088982359257,83.49796231159533,32.0492801320331,2211,2214,2212,4,59812.90677987285,59812.92761292309,59812.91372422289,0.0208330502427998,48.990143,-4.2252717,1,6.554326579093838,24.376619338989254,11.944811820983888,1,30.45141211875121,0.9858172460552664,0.2256851827835099,1,0.0,0.840036409473476,0.2349989620650659,2.299667250461048,0.346083302640745,0,,,,0.0,-,1421042126620559104,-0.1352286696491091,-0.0518873796063417,[3967],-1,4,2,1,TSS 173953.24+553249.83
265,2,-,55,4,1,42,8.582324539621215,162.42184444427946,0.1107440220989623,0.1121914553548928,9,162,304,1437,8.774268858745003,162.2213117956083,8.582324539621215,162.42184444427946,264.9721644577334,55.54732805840036,0.0006382732423865,0.0006105390828003,83.49815087729539,32.049107819316546,2211,2214,2212,4,59812.90677987285,59812.92761292309,59812.91372422289,0.0208330502427998,49.499554,-4.236503,1,6.562474687915943,24.62618,11.925008,1,27.91347679208151,0.9845161758403972,0.2334249901543402,1,0.0,0.8353555321615856,0.2796632779098645,2.4502400641187707,0.3928154460412739,0,,,,0.0,-,1421042126620559104,-0.1752359828204817,-0.0385531903989431,[3502],-1,4,2,1,TSS 173953.32+553250.38
890,3,-,55,4,1,42,107.88419899618744,96.471800658563,0.1130082874126983,0.1157861095333995,108,96,403,1371,107.9737124626442,96.63391245785496,107.88419899618744,96.471800658563,266.05360060003454,55.83278482110384,0.0006584040101411,0.0006278550074407,83.8654067371878,31.45284810852389,3280,3283,3281,4,59820.358080112215,59820.37891321886,59820.36502448112,0.0208331066460232,44.147846,-4.1122737,1,6.306589804563684,11.328858,5.78898,1,20.153514526094234,0.8211432997889967,2.1613156522565524,0,0.252337137843206,0.8601116231986288,0.2594045681404078,2.553744460373291,1.2332584749874602,0,,,,9.0,-,1418070593367167744,-0.170230102480275,-0.0742259311703037,[4335],-1,4,3,1,TSS 174412.86+554958.03
160,1,-,55,4,1,50,18.44431378276124,18.8662888888684,0.1190161370410096,0.1246248789057348,18,19,313,1550,18.538779450375923,18.847826540354525,18.44431378276124,18.8662888888684,264.02293070285737,55.902196525480576,0.0007046072182288,0.0006639947205098,83.89909839901894,32.59398825240097,105,119,113,15,59797.337500068126,59797.434721097976,59797.39305494104,0.0972210298496065,20.29862,-3.2686663,1,4.28562751460546,10.648155,4.7833247,1,15.268876780145028,0.9581657805655104,0.4662437248939469,1,0.2808316488327733,0.7106265112114261,0.4700813443872592,2.3654333955403373,0.5329098587984763,0,,,,0.0,-,1421215059183566080,-0.1936269282022067,-0.1158058243588584,[3311],-1,13,1,1,TSS 173605.50+555407.91T59797
445,1,-,55,4,1,51,11.991331059295044,99.08848847901176,0.1102877863098299,0.1114196899218146,12,99,563,1630,12.124593944331318,99.1608190405614,11.991331059295044,99.08848847901176,264.54053127071217,57.32990199764998,0.0006395721452311,0.0006201809996753,85.59666272259541,32.33318254201649,3702,3711,3702,10,59823.288602619454,59823.35110179657,59823.288602619454,0.0624991771182976,60.652557,-4.457123,1,7.278811429576914,31.467873,9.515966,1,33.634090746027375,0.9889292939558464,0.2256190519612633,0,0.0396220649183838,0.7375958551436385,0.3439346788995476,2.5066046466316427,0.1160059906329284,0,,,,4.0,-,1422233206951269120,-0.1196742136509101,0.0478033679373766,[3381],-1,9,1,1,TSS 173809.73+571947.65T59823
17,10,-,55,4,1,53,59.22222222231154,214.80337816371937,0.1117475132964868,0.1138177484134381,59,215,1122,1746,59.17002892652393,214.7866523310811,59.22222222231154,214.80337816371937,266.5503736478893,60.40739557278775,0.000660182489031,0.0006474086274316,89.23162806661061,31.327249278386223,977,981,977,5,59803.42077161539,59803.44854914407,59803.42077161539,0.0277775286813266,35.979797,-3.890147,1,5.369070104259652,11.401327,6.9520583,1,22.983682691201345,0.9659958236734024,0.3528761066820206,1,0.1246012471001078,0.6917933533421159,0.3396562566449465,2.587486032558756,1.299793577112592,0,,,,13.0,-,1435275923117125760,-0.0984254466693528,0.1248281136736295,[1391],-1,5,26,1,TSS 174612.09+602426.62
17,13,-,55,4,1,53,59.20803477097865,215.02176258541843,0.1098671203791592,0.1106517837917588,59,215,1122,1746,59.3466368435889,214.95543887204545,59.20803477097865,215.02176258541843,266.54807758684075,60.4079790615104,0.0006436969213774,0.0006345558728306,89.23229893869009,31.32838843586685,1176,1180,1176,5,59804.802703851616,59804.83048138746,59804.802703851616,0.0277775358408689,463.79745,-6.665821,1,20.378391545933244,130.8547,35.659298,1,173.72800938095534,0.9977007504523128,0.1019242416706617,0,0.0,0.6848527034486253,0.2055599659422784,2.552485284767308,0.9043295183256403,0,,,,13.0,-,1435275923117125760,-0.08423799518755,-0.0935563075559002,[1392],-1,5,26,1,TSS 174611.54+602428.72
346,1,-,55,4,1,53,175.09647643032508,114.977363270451,0.1377923426541061,0.1498525872628595,175,115,1238,1646,174.94169375955164,114.90506914237906,175.09647643032508,114.977363270451,268.2806558398436,60.66920977583256,0.0008549333326617,0.0008170555944827,89.55737140297227,30.48189713870076,667,668,667,2,59801.24023622518,59801.2471806031,59801.24023622518,0.0069443779211724,18.583775,-3.1728349,1,3.932407340701361,10.948617,7.0116777,1,11.281116879723342,0.9540176021472824,0.6738453549286707,0,0.0,0.7545383702016399,0.2068859375065053,2.221704946754305,0.3124307692050934,0,,,,12.0,-,1435385668121732224,0.7794105081127327,-0.5590936227074508,[],-1,2,2,1,TSS 175307.36+604009.16
654,1,-,55,4,1,56,260.99998378504546,169.9773984295949,0.1104377809824189,0.1116769508603813,261,170,2087,1701,261.0199015816637,170.26217971831736,260.99998378504546,169.9773984295949,273.98907565635926,64.90558649631936,0.0006532642866873,0.0006514453801794,94.5679532552703,28.10877379888047,3289,3292,3289,4,59820.42057943384,59820.4414125406,59820.42057943384,0.0208331067624385,72.494064,-4.650756,1,7.9965820689678,23.52680778503418,10.044307708740234,1,31.13105017616973,0.9320059151936964,0.5782467067749415,1,0.0,0.7901308752885663,0.3537588395850168,2.1769872525624776,1.5068397573976555,0,,,,9.0,-,2161340591182845696,-0.1909200925933873,0.0797172753830182,[7537],-1,4,1,1,TSS 181557.38+645420.11T59820
203,1,-,55,4,1,58,171.96353242501507,76.86628888888889,0.1201603597668879,0.1262444422199024,172,77,467,1859,172.2473864762618,76.7917242973275,171.96353242501507,76.86628888888889,261.90401333336706,57.47277844238117,0.0007174248844943,0.0006807071289284,85.77998762066717,33.75239065715707,447,452,449,6,59799.71247355931,59799.74719542557,59799.72636230578,0.03472186626459,24.98355,-3.4941354,1,4.361992822230365,10.35152530670166,6.353956699371338,1,14.80105851262464,0.964139094235087,0.4344827186721915,1,0.1587900924473002,0.8592108755878747,0.423733011134954,2.3955012505856303,0.8702391641195931,0,,,,9.0,-,1434396932290637824,-0.1940810867502591,0.0484455343521403,[3824],-1,6,8,1,TSS 172736.96+572822.00
203,2,-,55,4,1,58,171.88888193755724,76.8663010338494,0.1098828726223262,0.1106855747392367,172,77,467,1859,171.97548446935969,76.81211855204707,171.88888193755724,76.8663010338494,261.90365780814795,57.47240772574,0.0006340661121735,0.00061663716835,85.77954833557476,33.752592087583,806,809,806,4,59802.20550491101,59802.22633805124,59802.20550491101,0.0208331402245676,182.32013,-5.652087,1,12.6037514460174,55.15568161010742,23.922182083129883,1,76.58910517914812,0.9962727102466696,0.1186705140625031,0,0.0,0.8315691063903958,0.2575504103227148,2.940925735029584,0.0611206768326249,0,,,,9.0,-,1434396932290637824,-0.119430599384259,0.0484333896624775,[3825],-1,4,8,1,TSS 172736.88+572820.67
203,3,-,55,4,1,58,171.91244281724832,76.86630343992826,0.1118996156647284,0.1140588036876188,172,77,467,1859,172.05289719330185,76.8363598797244,171.91244281724832,76.86630343992826,261.90376995703565,57.47252474590606,0.0006518845284606,0.0006295833616621,85.77968700146108,33.75252854477265,1325,1326,1325,2,59805.83741713415,59805.844361519055,59805.83741713415,0.0069443849060917,52.466125,-4.2996974,1,6.71604979847529,18.17410087585449,13.696393966674805,1,22.531398484292293,0.985654802350935,0.2264852681043518,1,0.0968668084437841,0.7673395618996092,0.2756198023151439,2.358786939889205,0.0,0,,,,9.0,-,1434396932290637824,-0.1429914790456337,0.0484309834946543,[3826],-1,2,8,1,TSS 172736.90+572821.09
203,7,-,55,4,1,58,171.90275656811286,76.86623115068986,0.110144161234569,0.1111685868405476,172,77,467,1859,172.0540878314322,76.94743619834613,171.90275656811286,76.86623115068986,261.9037245315106,57.472476452123566,0.0006365856721315,0.0006183696095172,85.7796297591084,33.75255430750684,2703,2706,2703,4,59816.32340347774,59816.34423656419,59816.32340347774,0.0208330864479648,71.27508,-4.6323442,1,7.701243750326106,26.22751235961914,15.11090087890625,1,37.38713225991134,0.9932540897171124,0.1783716260508843,0,0.0229865704707119,0.8838498467039364,0.2212926596957155,2.6911651969524635,0.4234285307807395,0,,,,9.0,-,1434396932290637824,-0.1333052299237351,0.048503272771768,[3828],-1,4,8,1,TSS 172736.89+572820.92
142,1,-,55,4,1,59,109.45679432107356,238.47739999999985,0.1114548055911532,0.1133504053880122,109,238,660,2020,109.3799082295664,238.5322449104692,109.45679432107356,238.47739999999985,261.2554367216314,58.86016063570454,0.0006511532857111,0.0006345751708658,87.4668581434209,34.03749089958207,114,152,132,39,59797.39999930039,59797.66388499596,59797.52499777802,0.2638856955672963,37.774002,-3.942983,1,5.7305383333382816,14.725789070129396,4.816280841827393,1,23.998062169136347,0.984500398690131,0.2085547454594809,0,0.0938412923143423,0.8716927764699698,0.2913074837942821,1.9343870984410567,0.8433674955626087,0,,,,8.0,-,1434020590075854976,-0.1072951773597878,0.0849878983808594,[3290],-1,32,46,1,TSS 172501.30+585136.58
190,3,-,55,4,1,59,171.88889514191175,116.91967006408734,0.1120487165463502,0.1142940211599426,172,117,723,1899,172.031477619001,116.96862833566792,171.88889514191175,116.91967006408734,262.77997848316693,58.85536495927598,0.0006574807192038,0.0006395889636724,87.42103807641072,33.24997786654759,1924,1927,1924,4,59810.9137531815,59810.93458619664,59810.9137531815,0.0208330151435802,30.72891,-3.7188683,1,5.089623639727279,17.59662437438965,8.426887512207031,1,22.127228427192584,0.983368831507299,0.241323064194505,0,0.0,0.8170325127705296,0.416591056782644,2.064633212129053,0.2066917013552043,0,,,,4.0,-,1434731733580731520,-0.1160750775345604,0.0092238740878656,[],-1,4,4,1,TSS 173107.19+585119.31
190,4,-,55,4,1,59,171.99999756475876,116.96504359485894,0.1122950493549529,0.1146804629412072,172,117,723,1899,171.90240973814787,116.86595065994275,171.99999756475876,116.96504359485894,262.78009920044474,58.85604323729926,0.0006595461418902,0.0006411729045831,87.42184646053788,33.24989463333447,3201,3206,3201,6,59819.809474991285,59819.84419683305,59819.809474991285,0.0347218417664407,30.038391,-3.694192,1,4.984011166148496,12.63869571685791,7.413702011108398,1,21.52963405355485,0.9782101101795596,0.3843614460511546,1,0.1818153919860183,0.7946500150852952,0.3039920302817375,2.820609968615636,0.3220489843072106,0,,,,4.0,-,1434731733580731520,-0.2271775003700895,-0.0361496565938068,[3618],-1,6,4,1,TSS 173107.22+585121.76
317,3,-,55,4,1,59,198.0000130345493,61.97741603072378,0.1103725704487897,0.1115656260572585,198,62,749,1844,197.8603078203285,62.01483629402213,198.0000130345493,61.97741603072378,263.4589410641644,58.83700662337404,0.0006434721157315,0.0006290582147028,87.38845629226094,32.89930849373994,1275,1294,1286,20,59805.490197896805,59805.62214120551,59805.566586127934,0.1319433087046491,32.935287,-3.794154,1,5.487471840918911,16.822463989257812,14.091636657714844,1,32.104237093931374,0.857829192657448,1.375225820543292,1,0.1049710352112355,0.842846821357943,0.3683002816114494,1.4055995784123154,2.200841066391081,0,,,,9.0,-,1434536364108567168,-0.0875357445132749,1.015744131585052,[3902],-1,20,10,1,TSS 173350.15+585013.22
317,5,-,55,4,1,59,198.0000235253524,61.97743953558801,0.1133011141095873,0.116235063193902,198,62,749,1844,197.94771108284056,62.07078292121762,198.0000235253524,61.97743953558801,263.45894088743086,58.8370067399335,0.0006682759688872,0.0006480283480315,87.38845643326187,32.899308582815145,1647,1664,1661,18,59808.073509025024,59808.19156353265,59808.17073038491,0.1180545076276757,32.333298,-3.7741253,1,5.360139695880181,13.98121166229248,11.791982650756836,1,19.69704132476686,0.85907638513896,1.6600260266640572,1,0.0560386592192463,0.7976412404077758,0.3997949476110304,1.1425792919546012,2.1450107765721,0,,,,9.0,-,1434536364108567168,-0.0875462353162674,1.015720626718803,[3904],-1,18,10,1,TSS 173350.15+585013.22
317,7,-,55,4,1,59,198.00000894820064,61.97742497208727,0.1102193732954305,0.1113007760068489,198,62,749,1844,197.9668466091132,61.96536108116522,198.00000894820064,61.97742497208727,263.45894095453514,58.83700662745397,0.0006420823370448,0.0006280392916875,87.38845629848782,32.89930855037599,2153,2176,2160,24,59812.50400763733,59812.66372764568,59812.55261807237,0.1597200083415373,33.479134,-3.811936,1,5.57122479455345,17.02412986755371,15.003097534179688,1,35.1812214613036,0.8587861017341357,1.3393057663834735,1,0.0675205533858156,0.8309541762796027,0.2117891441989782,0.8959450859193575,1.5926703787256653,0,,,,9.0,-,1434536364108567168,-0.0875316581671086,1.0157351902212213,[3906],-1,24,10,1,TSS 173350.15+585013.22
317,9,-,55,4,1,59,198.0232660936379,61.977411745282616,0.1125352656337089,0.1150549189102818,198,62,749,1844,198.08137013151517,62.00407489167071,198.0232660936379,61.977411745282616,263.4590631687479,58.83712251524068,0.0006619729479122,0.0006431205161893,87.38859276740244,32.899242973271946,3465,3478,3469,14,59821.64278837726,59821.73306516791,59821.67056585153,0.090276790644566,37.157707,-3.9251227,1,5.728027296576717,15.807687759399414,13.236776351928713,1,21.015476905924334,0.8675660187823826,1.3863552502749463,1,0.1752895058352714,0.8263301557103899,0.3452149379929468,1.047860037234437,1.632439280360887,0,,,,9.0,-,1434536364108567168,-0.1107888036020767,1.015748417037912,[3908],-1,14,10,1,TSS 173350.18+585013.64
317,10,-,55,4,1,59,198.0599704618047,61.9773996015474,0.110679742971385,0.1120844376090607,198,62,749,1844,198.0350354674259,61.93048857898399,198.0599704618047,61.9773996015474,263.4592559627511,58.83730543297452,0.0006462047164725,0.0006310871458331,87.38880817172344,32.899139523262264,3686,3711,3693,26,59823.17749294091,59823.35110179657,59823.22610342984,0.1736088556644972,33.299652,-3.8060997,1,5.591296078490712,16.625064849853516,14.532448768615724,1,28.458777734887324,0.8611994930384667,1.689109564430318,1,0.0453389352845124,0.8225784008610504,0.1819009719085222,0.9261423553439472,2.42902691819144,0,,,,9.0,-,1434536364108567168,-0.1474931717668823,1.0157605607860205,[3909],-1,26,10,1,TSS 173350.22+585014.30
252,2,-,55,4,1,61,211.0953355592028,255.7247248009171,0.1497416971686961,0.164972541092368,211,256,1274,2038,211.07616087315287,256.3400171174757,211.0953355592028,255.7247248009171,264.4056261822317,62.01970024514921,0.000943528867061,0.0008923313244051,91.14826731412916,32.33415998312864,1248,1252,1252,5,59805.30269951443,59805.33047705231,59805.33047705231,0.027777537878137,21.22074,-3.3169012,1,3.9655917595670087,12.206709861755373,3.704211711883545,1,10.185279652436712,0.8047363773197593,1.0193330989392424,0,0.0,0.559599019888661,0.1428176941962766,2.555312099388148,0.987847089767456,0,,,,0.0,-,1439101364588322176,-1.8727760209799271,1.5000466832589154,[],-1,3,2,1,TSS 173737.35+620110.92
732,1,-,55,4,1,61,38.66666666798239,256.9774097166767,0.1116365119093218,0.1136410807058768,39,257,1102,2039,38.72269059854036,256.9389268784745,38.66666666798239,256.9774097166767,263.383823910997,61.14830841304183,0.0006591299543397,0.0006479935927852,90.1406118722652,32.85858894499797,3085,3088,3085,4,59819.00392832411,59819.02476142593,59819.00392832411,0.0208331018147873,51.16199,-4.2723684,1,6.830160224458936,22.114450454711918,10.288023948669434,1,23.34357541779422,0.981845305443477,0.3238109173262818,0,0.0,0.8207144337429,0.1644717344211873,3.704447742509888,0.57920396255524,0,,,,8.0,-,1436035857450615936,-0.095290512301517,0.0641042189927247,[6668],-1,4,2,1,TSS 173332.12+610853.91
277,2,-,55,4,2,6,71.12924053351936,152.63587105824874,0.1156999384199887,0.1198298777185734,71,153,1390,153,70.70202526378588,152.96621520096625,71.12924053351936,152.63587105824874,301.75308864317134,63.4343727253952,0.0006246297492552,0.0006615212118698,96.78861043608946,16.198010218371678,1031,1038,1032,8,59803.7956322182,59803.84424391978,59803.802576747,0.0486117015825584,35.395622,-3.872374,1,4.182552519955432,11.787689208984377,5.25361967086792,1,17.17670367879932,0.9265406259854247,0.536268750442217,1,0.1802966219011088,0.8269682509635052,0.4468777381285627,3.7604222868246655,1.808654308319092,0,,,,9.0,-,2244255793828586496,0.1219486225984383,0.0871104163981044,[8296],-1,7,2,1,TSS 200700.74+632603.74
341,17,-,55,4,2,8,119.95585409910288,35.75514933894095,0.112594045546436,0.1151462105697376,120,36,1946,36,120.0270734893036,35.52731284375344,119.95585409910288,35.75514933894095,308.4085542217052,64.17171641284088,0.0005794298153399,0.0006247337860137,99.02570881563858,14.0757273698954,469,485,470,17,59799.86503017436,59799.97614254634,59799.87197469745,0.111112371982017,44.112854,-4.111413,1,5.880077072513839,11.679709434509276,4.5765380859375,1,20.898397832916206,0.9471234615364856,0.7025717323902706,1,0.2317728026327813,0.6623546979253685,0.4021481543572879,2.322929109681148,1.691003931522731,0,,,,9.0,-,2243824441672677120,-0.0792295727026157,-0.208740020318686,[8709],-1,13,33,1,TSS 203338.05+641018.18
320,1,-,55,4,2,9,67.11106538989374,227.79857869085777,0.1122842209709945,0.114663529406214,67,228,111,479,67.08435036851415,227.797004322254,67.11106538989374,227.79857869085777,286.86421084417526,60.80597309335819,0.0006443711967208,0.0006466394320513,91.3819008996811,21.57654434724016,276,280,276,5,59798.524737627056,59798.552515700736,59798.524737627056,0.0277780736796557,39.297703,-3.9859178,1,5.800058923360803,16.68189811706543,7.40429162979126,1,21.55428990726236,0.9816610383493016,0.2739996327583724,0,0.0,0.7500537379233292,0.3112681437659791,1.4495633434399533,0.2222634309580768,0,,,,8.0,-,2155794070417681664,-0.0344218118707857,-0.148666717148842,[5878],-1,4,1,1,TSS 190727.41+604821.50T59798
135,69,-,55,4,2,10,261.2057427796049,215.92342047741613,0.1118141269924656,0.1139234613812475,261,216,556,467,261.42652048053424,216.60662903247783,261.2057427796049,215.92342047741613,291.1327137746358,62.36705779803314,0.0006338461188602,0.0006447589642446,93.662235675364,20.155928757268747,3105,3106,3105,2,59819.14300687942,59819.14995139081,59819.14300687942,0.0069445113913388,51.7954,-4.285728,1,6.595058064470447,20.12825,13.35467,1,22.78018822648942,0.9648148723509546,0.3653003517734532,0,0.0,0.7552356595602454,0.3170645076181461,2.3149821302842595,0.92703751768771,0,,,,9.0,-,2240415130991464192,-0.0247853902737915,0.1679857807147868,[5478],-1,2,71,1,TSS 192431.85+622201.41
334,7,-,55,4,2,11,176.60500986488134,60.50794561864278,0.1221306328485707,0.1289991458182774,177,61,728,312,176.56460449763827,60.58967257190644,176.60500986488134,60.50794561864278,293.89501125672155,62.23350498645812,0.0006914724450611,0.0007167771726174,94.027717165657,18.911883705093047,3057,3058,3057,2,59818.809670333714,59818.81661484511,59818.809670333714,0.0069445113913388,22.302372,-3.3708775,1,4.312237545830352,11.442132,9.14994,1,14.128107552728716,0.9511558218071628,0.4343871276211814,1,0.073964428685991,0.7314767815155157,0.3442198631994723,2.8012756876037184,1.07507715967136,0,,,,0.0,-,2241676236470963328,-0.1258048378607554,0.037168780384718,[6772],-1,2,7,1,TSS 193534.80+621400.62
628,1,-,55,4,2,11,108.05770661486788,148.75514660459197,0.1129154464706339,0.1156432006804579,108,149,659,400,108.21630543742442,148.70310558522166,108.05770661486788,148.75514660459197,292.6203041913021,62.41261676606593,0.0006372033682832,0.0006514766883032,93.96845931418432,19.527917646748342,2530,2534,2531,5,59815.12213532917,59815.14991336344,59815.12907983771,0.0277780342730693,29.29906,-3.6671343,1,5.012172683200135,18.146759,9.901162,1,20.309402904136174,0.9856753206835892,0.3103593846511105,1,0.0886120892006177,0.8875421192961066,0.3822909204518562,2.7201894703972918,0.2843528228410976,0,,,,9.0,-,2241738496315593344,0.0475154277136198,-0.1518043956719452,[7335],-1,5,1,1,TSS 193028.87+622445.42T59815
657,1,-,55,4,2,11,5.156026629416032,215.913718838008,0.1125192976350337,0.1150300966182896,5,216,556,467,5.421137410779471,216.03463390166272,5.156026629416032,215.913718838008,291.13221821039104,62.36684807623207,0.0006386051896157,0.0006502268988117,93.66194133285312,20.156071801965943,3105,3106,3105,2,59819.14300687942,59819.14995139081,59819.14300687942,0.0069445113913388,52.28496,-4.295942,1,6.609425751267426,20.851757,14.03843,1,21.04783763682054,0.942549325737712,0.3903356203311051,1,0.0,0.7719083031739755,0.2662341069810417,2.3801578288888443,0.8235000288200766,0,,,,9.0,-,2240415130991464192,0.029171030534826,0.1729545347546945,[7355],-1,2,1,1,TSS 192431.73+622200.65T59819
339,34,-,55,4,2,15,30.33333333157397,218.7835333790429,0.1102784472736206,0.111403522540124,30,219,1605,470,30.33887361331472,218.7534129267061,30.33333333157397,218.7835333790429,302.4985283541558,65.5647371675056,0.0005937160843294,0.0006248842150985,98.8980046568905,16.942142750250333,2717,2731,2720,15,59816.420758585446,59816.51798172749,59816.441592115785,0.09722314204555,28.790693,-3.6481304,1,4.802907883679846,10.115918,6.5497155,1,33.82601689588406,0.9748001580777124,0.2582704348170473,1,0.3678587852392568,0.722412673226632,0.3211328386322366,2.7745680969516173,0.9359273648437256,0,,,,9.0,-,2247903389293221376,-0.0185374270288321,0.1273530897323667,[6788],-1,15,34,1,TSS 200959.65+653353.05
556,1,-,55,4,2,22,152.17972719852804,101.8763014036839,0.1135715838256713,0.1166474619174547,152,102,1471,609,152.27462726710522,102.0,152.17972719852804,101.8763014036839,300.1042869520484,65.90386596961042,0.0006226116908672,0.0006572003341652,98.7324962771828,17.970779357107105,2614,2616,2614,3,59815.70547408193,59815.71936310064,59815.70547408193,0.0138890187081415,28.952015,-3.6541967,1,4.827884207826614,12.042063,8.478592,1,19.31643972973163,0.9742821654185084,0.3260992115539857,1,0.2374927202766284,0.8231326221479363,0.3583334030328406,1.0488279508497935,0.8708699308043022,0,,,,0.0,-,2248143873102375680,0.0421321110711687,0.1142309908159404,[6157],-1,3,1,1,TSS 200025.03+655413.92T59815
586,1,-,55,4,2,22,260.5197184458924,255.1995890438367,0.1407808270004528,0.1536831806312346,261,255,1580,762,260.61612627908323,255.18175736161604,260.5197184458924,255.1995890438367,300.4580011885441,66.96234329411429,0.0007824101708298,0.000857502948972,99.79464725282678,18.3195242652222,3476,3478,3477,3,59821.71942035436,59821.73330937197,59821.7263648632,0.0138890176094719,25.660378,-3.5231576,1,4.531180660689223,11.037811,6.9433656,1,10.960881033763904,0.932353164534642,0.5361118375457713,1,0.195169901001841,0.8367178091751138,0.3044405660486523,1.8047034705594185,1.045882768813988,0,,,,4.0,-,2248312368960879488,0.1354345249412745,-0.0737792528974523,[6167],-1,3,1,1,TSS 200149.92+665744.44T59821
673,1,-,55,4,2,23,109.11111111197214,24.47739999858741,0.1138288704755355,0.1170378647497656,109,24,1684,531,109.2020290440394,24.53529533700603,109.11111111197214,24.47739999858741,303.0985584913544,66.07338817081657,0.0006132547716538,0.0006546695784198,99.48767590045873,16.973721536694857,3363,3364,3363,2,59820.93469075023,59820.94163526069,59820.93469075023,0.0069445104672922,39.08434,-3.980007,1,5.784214183639693,17.62957,11.802271,1,18.985114408849885,0.9830754268315812,0.258476716426043,0,0.0,0.7682524232552665,0.1134623895450598,2.622107114091262,0.3800595154257914,0,,,,0.0,-,2248011824329159808,0.1349607757749709,0.0286745089406394,[6838],-1,2,1,1,TSS 201223.65+660424.20T59820
812,1,-,55,4,2,35,29.111103617681582,175.5471869416481,0.1146640119746218,0.1182935862364564,29,176,580,1195,29.256426130497907,175.24301319457706,29.111103617681582,175.5471869416481,285.4473445267159,65.69294346300445,0.0006705634530765,0.0006801076638214,96.28734452079009,23.5169985839872,3593,3595,3593,3,59822.53192768644,59822.54581669584,59822.53192768644,0.0138890093949157,49.404182,-4.2344093,1,6.518556482510256,22.606125,12.866971,1,18.0700275796805,0.9730545144365544,0.2891365971693523,0,0.0,0.8390648203204158,0.4726125888791776,4.4371234325092415,0.4031028855321085,0,,,,0.0,-,2255233798955587968,0.1188065996002478,-0.0298571846365121,[8432],-1,3,1,1,TSS 190147.36+654134.60T59822
303,1,-,55,4,2,38,141.9283404864706,30.04760703815799,0.1237480900114617,0.1312321233361788,142,30,1461,1049,141.91901414124635,30.236627688627248,141.9283404864706,30.04760703815799,296.9696100712637,68.05231637445353,0.0006974763374125,0.000741849447367,100.24347924016251,19.9892017839816,310,312,311,3,59798.76085126915,59798.774740308,59798.767795788575,0.0138890388479921,22.537289,-3.3822541,1,4.127557640334073,10.00501,6.9440727,1,13.667467948451463,0.9570861212151764,0.4059558599919284,1,0.2535579814179823,0.8698430285764369,0.3109116724710759,3.010114630837496,0.5465878844261169,0,,,,0.0,-,2249408311472110592,0.0351708367429637,-0.1662691702815664,[5429],-1,3,2,1,TSS 194752.71+680308.34
368,1,-,55,4,2,39,135.5000000027009,138.61989623671667,0.1125489702244514,0.1150762151146571,136,139,1711,1158,135.5417596640976,138.67898768373774,135.5000000027009,138.61989623671667,299.44950766219137,69.30120702273682,0.0006205338765044,0.000654260633814,101.8470123883614,19.67801355617423,136,140,136,5,59797.5525054189,59797.58028347064,59797.5525054189,0.0277780517426435,33.72685,-3.8199396,1,5.438969156184165,16.58591651916504,10.50253677368164,1,20.987894783248915,0.9744706779461244,0.3911542044729025,1,0.1823735385149762,0.904769417834394,0.2643832716773023,1.6630174994443658,0.8591611858430529,0,,,,0.0,-,2250903063170546176,0.1578071386745705,-0.0974122284983423,[6512],-1,5,1,1,TSS 195747.88+691804.35T59797
350,1,-,55,4,2,42,137.0542681172491,192.39076256189827,0.1100415564073975,0.1109849816023884,137,192,432,1467,137.49811735242852,190.9021554925845,137.0542681172491,192.39076256189827,281.2445505971715,66.24816254783444,0.0006436244263859,0.0006473019468835,96.48582541719688,25.306703625561504,860,863,861,4,59802.58033975897,59802.60117334228,59802.58728428672,0.0208335833085584,93.65045,-4.928775,1,4.23149994743385,20.49707794189453,15.155702590942385,1,42.026685171352646,0.877849133168749,0.4717029078896809,1,0.0581696506484926,0.8641044412966117,0.4684154565778176,0.8817214466297412,0.7080609798431396,0,,,,9.0,-,2254048422341783296,0.1943019887265222,-0.3954801653483173,[4763],-1,4,2,1,TSS 184458.69+661453.39
195,2,-,55,4,2,43,25.39500741017295,35.89364418202003,0.1105205342946291,0.1118172283724015,25,36,576,1311,25.49599032524967,35.91737193302246,25.39500741017295,35.89364418202003,284.30421427443264,66.18019350763747,0.0006428443641514,0.0006495138351455,96.68559259534562,24.0843368645452,320,326,322,7,59798.83029646456,59798.87196358315,59798.84418550394,0.0416671185885206,52.266888,-4.2955666,1,6.838963836460192,28.795677,10.447709,1,30.079311248845062,0.9940743947997992,0.2121334912670009,0,0.0513824914325531,0.9462401466581978,0.2092278295795959,2.1108531846392604,0.6315963056298319,0,,,,0.0,-,2255310970928156032,-0.178423875186013,-0.0518147550440062,[4002],-1,6,5,1,TSS 185713.01+661048.70
195,5,-,55,4,2,43,25.447064796150663,35.8662887974352,0.111431734249253,0.1133133593517654,25,36,576,1311,25.552597980177016,35.8914797890114,25.447064796150663,35.8662887974352,284.3050284194499,66.18028289006162,0.000649676950751,0.000656685196208,96.68576875664388,24.0840364738973,3043,3048,3044,6,59818.71244717491,59818.74716973159,59818.719391686245,0.0347225566729321,36.632328,-3.9096613,1,5.674123988457273,18.368963,9.827605,1,24.08782919672178,0.9927619583415822,0.2533508138087249,1,0.059603937502423,0.8496521208238347,0.3598546374280321,2.289367236168409,0.4505193743200801,0,,,,0.0,-,2255310970928156032,-0.2304812610810813,-0.02445937051084,[4004],-1,6,5,1,TSS 185713.21+661049.02
512,2,-,55,4,2,43,47.995885847601095,130.8591728221423,0.1371440267591261,0.1490165921650346,48,131,599,1406,47.90000991901898,130.6930670770763,47.995885847601095,130.8591728221423,283.6070306952365,66.67567844571498,0.0008278878969376,0.0008391825517579,97.14974460241194,24.46407778891484,2711,2712,2711,2,59816.37909152489,59816.386036035,59816.37909152489,0.0069445101107703,20.982918,-3.3046649,1,4.245493481325734,13.992248,8.899308,1,11.355993590741868,0.914382406448215,0.5878821077267746,0,0.0,0.5707498243587609,0.7020926772023687,2.2652673265392926,0.4029954075813293,0,,,,0.0,-,2255605914921938944,-0.3350037160755619,-1.5556986229667018,[],-1,2,2,1,TSS 185425.69+664032.44
397,5,-,55,4,2,44,254.00001533783916,147.47739999999988,0.1292640047543372,0.1386891004039306,254,147,1061,1422,253.7996409877271,147.53044283466537,254.00001533783916,147.47739999999988,288.71739062797946,68.51362443459534,0.0007604941657308,0.0007852198453912,99.6105730826709,23.018259931347902,689,693,690,5,59801.39282563304,59801.42060373804,59801.39977015928,0.0277781049953773,36.810402,-3.9149263,1,5.425970294265563,12.751859664916992,6.235659599304199,1,12.48260162719509,0.9283802371493416,0.4625448853605509,0,0.0922158532015475,0.8473641520421211,0.3818259360097901,1.4823074511327925,0.3600176960657451,0,,,,8.0,-,2261225862447908736,-0.2068714303829892,-0.0627575890291609,[6329],-1,4,13,1,TSS 191452.17+683049.05
488,1,-,55,4,2,49,121.00824111031446,127.97735387936127,0.111712442237038,0.1137620005129369,121,128,165,1659,120.96814977131908,128.1216340243404,121.00824111031446,127.97735387936127,276.61370880959856,65.84599917544524,0.0006620664907428,0.0006612149581491,95.74065205840292,27.10880952134568,1349,1351,1351,3,59806.00399251309,59806.01788157184,59806.01788157184,0.0138890587550122,34.215584,-3.8355598,1,5.4079917047117245,14.687382698059082,13.323756217956545,1,23.094465851658164,0.927402786963742,0.9446052257390454,1,0.0195512437855961,0.909385690476122,0.4186311113709446,1.2162996367678656,2.713510308162068,0,,,,0.0,-,2256833072977573760,1.0859494523976707,-0.1371195567935501,[7063],-1,3,1,1,TSS 182627.29+655045.60T59806
275,22,-,55,4,2,56,43.99987997449725,164.46765092962863,0.1137190298125375,0.1168714127879928,44,164,1870,1695,43.88202512605069,164.4928380842444,43.99987997449725,164.46765092962863,297.3092618087288,72.43097112448365,0.0006325246572251,0.000661671839189,104.61195740362297,21.57249223356955,1637,1638,1637,2,59808.00401671998,59808.01096124645,59808.00401671998,0.006944526467123,43.87402,-4.1055183,1,5.852323945346098,11.668508,8.46594,1,19.123199469705423,0.9373211111416488,0.4541786808561199,1,0.0,0.7465066332930337,0.2655135557495079,3.752646959293574,0.0730062946677208,0,,,,9.0,-,2263848055944080256,0.2468229147336842,-0.0360371829312953,[4458],-1,2,22,1,TSS 194914.22+722551.50
261,2,-,55,4,2,58,98.6661409885102,70.81903723802395,0.1675254836828437,0.1867232880528834,99,71,394,1853,98.34946165029709,70.47654382919902,98.6661409885102,70.81903723802395,276.61082941723606,67.6072578873465,0.0010493058575203,0.0010327272824259,97.71034053223453,27.290533459210188,410,411,410,2,59799.45530334066,59799.46224786259,59799.45530334066,0.0069445219269255,16.97342,-3.0744233,1,3.624993787044014,10.011289596557615,6.689426422119141,1,9.122268540088552,0.8598014684621491,0.842329058773203,0,0.0,0.5895244633390301,0.431822908017791,2.64658166425783,0.382120668888092,0,,,,0.0,-,2257420723285408768,-0.4190947289969813,0.6443467544877421,[],-1,2,2,1,TSS 182626.60+673626.13
758,1,-,55,4,2,59,174.31490125566117,171.28412526631234,0.1286362764964067,0.1378512991137944,174,171,725,1953,174.32792846659538,171.36782545431362,174.31490125566117,171.28412526631234,278.8998424407523,69.45473678228436,0.000780807284071,0.0007773125736461,99.86990226812394,26.650641283049136,2568,2569,2568,2,59815.3860266614,59815.39297117035,59815.3860266614,0.006944508953893,20.226685,-3.2648115,1,4.023735917378032,12.519774436950684,10.16821002960205,1,12.59546055966952,0.9587617173669428,0.7738573132139834,1,0.1012195960189145,0.6356413048971585,0.2944967520962028,1.89787031576251,0.8107127297133956,0,,,,0.0,-,2259449635772389248,-0.7517613829229504,1.0422592208929018,[],-1,2,1,1,TSS 183535.96+692717.05T59815
728,5,-,55,4,2,60,180.8888831093219,232.77213154242597,0.110271221752219,0.111391000402743,181,233,988,2015,181.06988973015345,232.70449090482768,180.8888831093219,232.77213154242597,281.21901219072066,70.80868578179147,0.0006433897462817,0.0006442758083912,101.4802077891119,26.04126550293248,3317,3318,3317,2,59820.61524325996,59820.62218777077,59820.61524325996,0.0069445108092622,83.36716,-4.8024874,1,8.409199114112054,17.65500259399414,10.564396858215332,1,33.97828500147049,0.9852332093082204,0.2608242730231269,0,0.0,0.6715228005068323,0.4729629399301433,2.4220384320374597,0.7763927576893768,0,,,,9.0,-,2265529763275512704,-0.0091514429367407,-0.1496423951023189,[8474],-1,2,6,1,TSS 184452.56+704831.27
486,1,-,55,4,2,63,19.49999999971188,252.40835940344093,0.1164411047528554,0.1209165147426467,19,252,1594,2034,19.593885628074545,252.2844430295765,19.49999999971188,252.40835940344093,289.3612309362892,73.19333803643471,0.0006697811983051,0.0006821713709315,104.59720265529,24.039604784449093,793,801,794,9,59802.11505641597,59802.17061263412,59802.12200094319,0.0555562181471032,39.004215,-3.977779,1,5.778318127524843,16.603015899658203,6.205695152282715,1,16.65014525849851,0.9547148632693228,0.358543838324026,1,0.2807849423062173,0.8293306518847865,0.2374041327437929,1.8403173133851376,0.8659738712347222,0,,,,8.0,-,2265030275759356416,0.0762757557818076,0.1206896621577016,[7040],-1,5,1,1,TSS 191726.70+731136.02T59802
553,1,-,55,4,2,64,100.0579668276994,198.1777617524613,0.1122416513496894,0.1145969118457249,100,198,1926,1980,99.9202896155657,198.0381433405824,100.0579668276994,198.1777617524613,295.3434311688487,73.99007712974678,0.0006262210478428,0.0006457759394357,105.9658675917602,22.65847870147749,1737,1738,1737,2,59808.698469197865,59808.70541372037,59808.698469197865,0.0069445225090021,38.26253,-3.9569345,1,5.3803398271550416,18.367958,12.893632,1,21.652569684368864,0.9849779464166996,0.1976456483206544,0,0.0,0.7726639325535182,0.392514759395642,3.1455171026803206,0.4107151947846453,0,,,,0.0,-,2288208771146147968,0.1410348221538697,-0.0096465830995384,[4479],-1,2,1,1,TSS 194122.42+735924.28T59808
2133,2,-,55,4,3,4,76.66666666542143,29.08848953644944,0.1281840193923863,0.1372461052835548,77,29,884,29,75.66631364829357,29.003632856157225,76.66666666542143,29.08848953644944,242.00390283532903,77.79353610189126,0.0007413031924875,0.0007037313998243,111.72026775838157,34.66451809020283,3572,3603,3586,32,59822.38486265358,59822.60014315124,59822.48208611169,0.2152804976649349,188.60191,-5.688865,1,13.642330674606534,46.14781951904297,28.3768367767334,1,12.679631099852164,0.773270047418664,1.3679945279989962,0,0.1762303723913877,0.9788086202075796,0.7481603219908711,1.3835413936203875,2.2232680320739746,0,,,,0.0,-,1707541802750466560,0.3177138753006829,-0.4653005381525759,[8702],-1,32,2,1,TSS 160800.94+774736.73
87,90,-,55,4,3,5,251.49999999860827,203.7812535445786,0.1099555842198146,0.1108266321271823,251,204,1314,204,251.46041337912985,204.00262773031636,251.49999999860827,203.7812535445786,244.2709340322685,75.29932785525071,0.0006108031621421,0.0006174665571371,108.8145155216502,35.58612277563016,2685,2691,2686,7,59816.19728092697,59816.2389481114,59816.20422545764,0.0416671844286611,81.37319,-4.776203,1,8.476051462972082,20.175172805786133,8.31476879119873,1,49.87496941061711,0.982591885955699,0.2052712107807903,0,0.1132682936379368,0.902803851412051,0.2752632355812128,3.0475758426317907,1.094414064308982,0,,,,9.0,-,1703289024917027840,-0.0640216860872442,0.3998118770659289,[2828],-1,6,91,1,TSS 161705.02+751757.58
176,4,-,55,4,3,6,51.23644799618481,75.97677926192439,0.1106498836713105,0.1120345649546806,51,76,1370,76,51.22552634886312,75.84416918587095,51.23644799618481,75.97677926192439,241.36729712722573,75.07864143336084,0.0006110271364918,0.0006211003283932,109.08013165248109,36.32995754463,1533,1536,1533,4,59807.28052638884,59807.30135995212,59807.28052638884,0.020833563285123,83.372574,-4.802558,1,8.11887600933927,19.84156,8.015452,1,28.730757329299063,0.976876312200247,0.2940943999723983,0,0.0,0.5547073387878028,0.3576063133596941,2.9096776906455872,0.2797317689272207,0,,,,12.0,-,1703663962678003968,0.0121108142950561,-0.1577497296530055,[2347],-1,4,15,1,TSS 160528.15+750443.11
920,1,-,55,4,3,8,261.46265949759186,88.35516350628382,0.11084744592494,0.1123627272236541,261,88,2087,88,261.4773949618759,88.13761488124851,261.46265949759186,88.35516350628382,239.88504847782875,71.02918769255965,0.000613748453773,0.0006316493695954,105.12692974637788,38.935131868298654,3259,3263,3262,5,59820.211222468,59820.239000622656,59820.232056083965,0.027778154653788,40.286903,-4.01291,1,5.760942351919223,14.227269172668455,8.174699783325195,1,27.13334176340175,0.9696685073393908,0.2653533897318161,1,0.0582827926768623,0.9374655180613868,0.5216158671210684,2.911383758379525,0.5054693461020208,0,,,,0.0,-,1647993043263985920,-0.1161901078680784,-0.016229567724693,[7086],-1,5,1,1,TSS 155932.41+710145.08T59820
1041,1,-,55,4,3,10,58.43796750786456,43.35120177492346,0.1157725879667929,0.119936826438793,58,43,353,294,58.32496110609932,43.57055882198272,58.43796750786456,43.35120177492346,253.27480517379115,80.34657554878397,0.000659022907997,0.0006141416404226,113.07919979741892,31.547717088124948,2361,2364,2361,4,59813.94725435016,59813.96808791483,59813.94725435016,0.0208335646748309,22.85779,-3.3975859,1,4.314214136280431,10.525802612304688,7.580342769622803,1,17.121527237928554,0.9675282251042282,0.3286539171263397,1,0.0865506902181217,0.7315225629091602,0.2686793850138689,2.766216031367275,0.2298512124731119,0,,,,0.0,-,1709591223705173120,-0.0655800408260915,0.2282983502257707,[6409],-1,4,1,1,TSS 165305.95+802047.67T59813
2,51,-,55,4,3,11,237.77778741232447,230.1831323417005,0.1108031183890032,0.112289452435764,238,230,789,481,237.79405291303675,230.13624970651617,237.77778741232447,230.1831323417005,254.0768146980223,77.80630778565887,0.0006293151114897,0.0006090304642032,110.26305406812688,32.42580529089839,1441,1442,1441,2,59806.64163042015,59806.64857494167,59806.64163042015,0.0069445215194718,63.330254,-4.504028,1,7.274209055604749,25.167734,16.882687,1,27.454488606423173,0.970207397451039,0.3099754650580331,0,0.0,0.745572531731413,0.1524028339389758,2.641487799571911,0.6486309170722961,0,,,,0.0,-,1705897203937289216,-0.1242148960677695,-0.1000594436220581,[93],-1,2,83,1,TSS 165618.44+774822.71
623,1,-,55,4,3,11,8.921696779184357,39.41260960018797,0.1178145210383665,0.122906272964393,9,39,560,290,8.837019852625163,39.34372894717139,8.921696779184357,39.41260960018797,251.0923974266178,79.288971535887,0.0006765668332868,0.0006358635495222,112.15135008210925,32.352177525273525,2811,2816,2812,6,59817.10007009587,59817.13479276267,59817.1070146292,0.0347226668018265,28.944078,-3.6538994,1,4.83186940899914,12.520227,6.059176,1,15.84448092101435,0.9350395312782008,0.4304297264715672,1,0.294898742323783,0.7984503560769229,0.2530582250721001,3.147072599885964,1.048192273454201,0,,,,12.0,-,1709185503914621952,-0.0184999966834311,-0.1302931834633227,[3924],-1,5,1,1,TSS 164422.18+791720.30T59817
223,6,-,55,4,3,12,100.49999988510903,130.359630061714,0.1135351694972762,0.116592060932864,100,130,907,381,100.56718306616892,130.54088578789552,100.49999988510903,130.359630061714,250.6317045154274,77.32946243755111,0.0006490078107795,0.0006277965367217,110.10565279511243,33.29736873626984,3664,3667,3664,4,59823.02375939676,59823.044592973376,59823.02375939676,0.0208335766146774,38.964085,-3.9766612,1,5.789367693723187,15.236497,7.5149603,1,19.365637266794455,0.962815380922061,0.3102695464585568,0,0.0,0.7559416792801044,0.3307231251529848,3.645282901708608,0.3014624925356252,0,,,,0.0,-,1705769523149995264,-0.029108785857602,-0.1169298719730704,[4757],-1,3,6,1,TSS 164231.61+771946.06
281,2,-,55,4,3,15,214.4999999972991,236.7355915721506,0.1294068674202499,0.1388794227800184,214,237,1789,488,214.5241482917511,236.6991050496417,214.4999999972991,236.7355915721506,247.76503371099352,72.35136951701541,0.0007783903060158,0.0007440708975004,105.04506674999008,36.13231863288512,1617,1618,1617,2,59807.86386611011,59807.870810629705,59807.86386611011,0.006944519598619,53.29342,-4.316684,1,6.051786506187394,14.006811,8.659393,1,12.457530681271836,0.9239411976644936,0.4571102884510225,0,0.0,0.6019288402268503,0.2017010660525311,3.2239687224495137,1.3276078701019287,0,,,,0.0,-,1653758091966547840,0.0204138860037801,-0.2029010565382805,[4987],-1,2,3,1,TSS 163103.61+722104.93
602,1,-,55,4,3,19,36.2364100225444,211.8663024070829,0.1147889711860175,0.1184800825104483,36,212,587,719,36.16259179041735,211.9554410763673,36.2364100225444,211.8663024070829,262.25212474830016,78.34597531151623,0.0006677470631244,0.0006292777215717,110.23521246142138,30.65444557481275,2925,2928,2926,4,59817.89174700809,59817.91258061392,59817.89869154335,0.0208336058276472,37.418262,-3.9327092,1,5.537009295568568,19.388275,9.570988,1,17.95015849318105,0.972026038473264,0.3218217821815992,0,0.0,0.720908782241336,0.3295663696478239,2.2424571280972025,0.4567697365039685,0,,,,0.0,-,1705517361325546624,-0.1003955992321152,0.8655113937279566,[5033],-1,4,1,1,TSS 172900.51+782045.51T59817
401,1,-,55,4,3,20,110.41096403144547,11.768083307271162,0.1153933551832638,0.1193774526067475,110,12,917,519,110.2037163025,12.036220246096835,110.41096403144547,11.768083307271162,253.850089979903,77.06755098393909,0.0006696776208121,0.0006410746143527,109.4744624247954,32.7524966541706,1197,1206,1201,10,59804.94716731387,59805.00966799253,59804.97494539314,0.0625006786649464,24.370821,-3.4671755,1,4.253820378217557,11.865985,6.6822596,1,17.419268460736085,0.9612981576972056,0.3422273320936452,1,0.2477763213470969,0.6982630047193263,0.2760558523723395,3.121869255019446,0.6998775593181032,0,,,,4.0,-,1705008871557858560,-0.0511447408375715,-0.1110455349494259,[6758],-1,8,1,1,TSS 165524.02+770403.18T59804
954,1,-,55,4,3,20,140.8364422396432,241.4773999991948,0.1214070369585981,0.1279921473703882,141,241,948,748,140.77581124290873,241.67152444209944,140.8364422396432,241.4773999991948,258.837776200456,76.46727763323045,0.0007235626858039,0.0006826323326389,108.3541162718414,31.87731828094357,3131,3137,3132,7,59819.3223215625,59819.363988789824,59819.32926610032,0.0416672273204312,39.33121,-3.986843,1,5.715213990744476,15.305456,7.467945,1,14.35883510855219,0.9604251993094198,0.326953192951635,1,0.0826213355577323,0.8271982954838588,0.3439543913573283,1.9083259894539777,0.4277307027939953,0,,,,8.0,-,1656748007679619712,-0.268238143176859,-0.1533861874538615,[7925],-1,6,1,1,TSS 171521.07+762802.20T59819
299,1,-,55,4,3,26,159.89282543547387,39.4774,0.1105432950640548,0.1118556332445243,160,39,455,802,159.98507824786938,39.83266378626789,159.89282543547387,39.4774,266.1860613333108,78.76593897827712,0.00063304967534,0.0006002092870862,110.51238191525916,29.801320028235036,746,748,746,3,59801.78741251381,59801.801301536594,59801.78741251381,0.0138890227826777,55.57714,-4.3622403,1,7.194082965072751,20.974740982055664,10.44442653656006,1,29.81896475208969,0.9921577665541956,0.1638194463119031,0,0.0,0.7050875527556444,0.2439153231909718,2.985007124534616,0.0,0,,,,8.0,-,1705625044745578624,0.1139882691652474,0.0943060723379858,[5194],-1,3,3,1,TSS 174444.65+784557.38
